tweet_id,created_at,date,hour,weekday,username,category,location,tweet_text_raw,text_clean,likes,retweets,sentiment_negative,sentiment_neutral,sentiment_positive,sentiment_score,sentiment
10001,2023-10-01 08:00:00,2023-10-01,8,Sunday,user_0,Sports,UK,"""QT @user In the original draft of the 7th book, Remus Lupin survived the Battle of Hogwarts. #HappyBirthdayRemusLupin""",qt USER original draft book remus lupin survived battle hogwarts happybirthdayremuslupin,7,2,0.0014647496864199638,0.04307948052883148,0.9554557204246521,0.9539909707382321,Positive
10002,2023-10-01 08:11:00,2023-10-01,8,Sunday,user_1,General,Global,"""Ben Smith / Smith (concussion) remains out of the lineup Thursday, Curtis #NHL #SJ""",ben smith smith concussion remains lineup thursday curtis nhl sj,6,2,0.2080865204334259,0.7825555205345154,0.009357945062220097,-0.1987285753712058,Neutral
10003,2023-10-01 08:22:00,2023-10-01,8,Sunday,user_2,News,Canada,Sorry bout the stream last night I crashed out but will be on tonight for sure. Then back to Minecraft in pc tomorrow night.,sorry bout stream last night crashed tonight sure back minecraft pc tomorrow night,29,15,0.34709447622299194,0.5051985383033752,0.1477070152759552,-0.19938746094703674,Neutral
10004,2023-10-01 08:33:00,2023-10-01,8,Sunday,user_3,General,UK,Chase Headley's RBI double in the 8th inning off David Price snapped a Yankees streak of 33 consecutive scoreless innings against Blue Jays,chase headley rbi double inning david price snapped yankee streak NUMBER consecutive scoreless inning blue jay,3,1,0.008634929545223713,0.8800898194313049,0.11127520352602005,0.10264027398079634,Neutral
10005,2023-10-01 08:44:00,2023-10-01,8,Sunday,user_4,General,Canada,"@user Alciato: Bee will invest 150 million in January, another 200 in the Summer and plans to bring Messi by 2017""",USER alciato bee invest NUMBER million january another NUMBER summer plan bring messi NUMBER,0,0,0.006843178533017635,0.7086855173110962,0.2844712436199188,0.2776280650869012,Neutral
10006,2023-10-01 08:55:00,2023-10-01,8,Sunday,user_5,Gaming,UK,@user LIT MY MUM 'Kerry the louboutins I wonder how many Willam owns!!! Look Kerry Warner Wednesday!',USER lit mum kerry louboutins wonder many willam owns look kerry warner wednesday,20,7,0.03199068829417229,0.5008885264396667,0.4671207666397095,0.4351300783455372,Neutral
10007,2023-10-01 09:06:00,2023-10-01,9,Sunday,user_6,News,UK,"""\"""""""" SOUL TRAIN\"""""""" OCT 27 HALLOWEEN SPECIAL ft T.dot FINEST rocking the mic...CRAZY CACTUS NIGHT CLUB ..ADV ticket $10 wt out costume $15...""",soul oct NUMBER halloween special ft finest rocking mic crazy cactus night club adv ticket NUMBER wt costume NUMBER,0,0,0.008477841503918171,0.5467453598976135,0.4447768032550812,0.436298961751163,Neutral
10008,2023-10-01 09:17:00,2023-10-01,9,Sunday,user_7,News,Global,So disappointed in wwe summerslam! I want to see john cena wins his 16th title,disappointed wwe summerslam want see john cena win title,31,9,0.8881787657737732,0.09867267310619354,0.013148468919098377,-0.8750302968546748,Negative
10009,2023-10-01 09:28:00,2023-10-01,9,Sunday,user_8,News,US,"""This is the last Sunday w/o football .....,NFL is back baby""",last sunday football nfl back baby,7,2,0.010215074755251408,0.2195182740688324,0.7702666521072388,0.7600515773519874,Positive
10010,2023-10-01 09:39:00,2023-10-01,9,Sunday,user_9,General,Global,@user @user CENA & AJ sitting in a tree K-I-S-S-I-N-G 1st goes AJ's job then John's cred then goes Vicki with the GM position.,USER USER cena aj sitting tree go aj job john cred go vicki gm position,25,12,0.019105713814496994,0.939535915851593,0.04135835915803909,0.0222526453435421,Neutral
10011,2023-10-01 09:50:00,2023-10-01,9,Sunday,user_10,Sports,UK,@user Well said on HMW. Can you now address why Texans fans file out of the stadium midway through the 4th qtr of every game?,USER well said hmw address texan fan file stadium midway qtr every game,9,6,0.07402640581130981,0.7979979515075684,0.12797559797763824,0.05394919216632843,Neutral
10012,2023-10-01 10:01:00,2023-10-01,10,Sunday,user_11,News,UK,Just said hello to Dennis Kucinich as he walked casually through campus with his #hotwife. He's on 22nd st!,said hello dennis kucinich walked casually campus hotwife st,13,4,0.0025151639711111784,0.3206520676612854,0.6768327355384827,0.6743175715673715,Positive
10013,2023-10-01 10:12:00,2023-10-01,10,Sunday,user_12,General,US,Super excited for homecoming Saturday with Monroe! :D my new nephew is here but I can\u2019t see him :(,super excited homecoming saturday monroe new nephew see,24,14,0.010360768996179104,0.027661429718136787,0.9619777798652649,0.9516170108690858,Positive
10014,2023-10-01 10:23:00,2023-10-01,10,Sunday,user_13,Gaming,Canada,That sucks if you have to take the SATs tomorrow,suck take sat tomorrow,4,2,0.9270250797271729,0.06662491708993912,0.006350057665258646,-0.9206750220619142,Negative
10015,2023-10-01 10:34:00,2023-10-01,10,Sunday,user_14,Sports,Canada,@user 6 tickets for Sam smith concert Sept 30 cheap! Flew our family of 6 here fir the concert! BEYOND UPSET!,USER NUMBER ticket sam smith concert sept NUMBER cheap flew family NUMBER fir concert beyond upset,22,15,0.868522584438324,0.11739905178546906,0.014078433625400066,-0.8544441508129239,Negative
10016,2023-10-01 10:45:00,2023-10-01,10,Sunday,user_15,Gaming,UK,"""Fiorentina have reportedly opened talks with Chelsea over taking the 20yr old Kurt Zuoma on loan in January.""",fiorentina reportedly opened talk chelsea taking old kurt zuoma loan january,0,0,0.008211907930672169,0.9610733985900879,0.03071463666856289,0.02250272873789072,Neutral
10017,2023-10-01 10:56:00,2023-10-01,10,Sunday,user_16,Sports,Canada,Creighton Volleyball leads 8-5 early in 2nd set. Match becomes even bigger with both Wichita St. & Missouri State down 0-1 at home tonight.,creighton volleyball lead NUMBER NUMBER early set match becomes even bigger wichita missouri state NUMBER NUMBER home tonight,5,3,0.003604792058467865,0.754243016242981,0.24215218424797058,0.23854739218950272,Neutral
10018,2023-10-01 11:07:00,2023-10-01,11,Sunday,user_17,General,UK,This time tomorrow...we'll have the Iron on. Iron Maiden pieces Drops tomorrow nights.,time tomorrow iron iron maiden piece drop tomorrow night,3,1,0.0027967055793851614,0.665692925453186,0.33151042461395264,0.3287137190345675,Neutral
10019,2023-10-01 11:18:00,2023-10-01,11,Sunday,user_18,Tech,US,Amy Schumer sat down with The Hollywood Reporter and opened up about the sexist remarks and unnecessary criticism she's faced since,amy schumer sat hollywood reporter opened sexist remark unnecessary criticism faced since,11,3,0.7500746846199036,0.24024741351604462,0.009677927009761333,-0.7403967576101422,Negative
10020,2023-10-01 11:29:00,2023-10-01,11,Sunday,user_19,Sports,US,What is Jamie Foxx doing sitting next to Niall like you could've sat in a better spot just saying lol,jamie foxx sitting next niall like could sat better spot saying lol,0,0,0.4936480224132538,0.4810141921043396,0.025337861850857735,-0.46831016056239605,Negative
10021,2023-10-01 11:40:00,2023-10-01,11,Sunday,user_20,Gaming,UK,"@user @user 1st uneasyness was when he got v defensive about the Charlie Hebdo stuff, even tho he had pals patiently explaining""",USER USER uneasyness got v defensive charlie hebdo stuff even tho pal patiently explaining,15,9,0.6969048380851746,0.2916072905063629,0.011487914249300957,-0.6854169238358736,Negative
10022,2023-10-01 11:51:00,2023-10-01,11,Sunday,user_21,General,US,Reminder: Samsung Unveils the Galaxy Note 5 and S6 Edge+ Tomorrow Morning! - - #tech #news...,reminder samsung unveils galaxy note NUMBER tomorrow morning tech news,21,9,0.0016054974403232336,0.18616385757923126,0.8122307062149048,0.8106252087745816,Positive
10023,2023-10-01 12:02:00,2023-10-01,12,Sunday,user_22,Sports,Global,"""Gonna do a movie marathon with my friend today and tomorrow. Twilight, New Moon, Eclipse, BD1, The Runaways, Adventureland, (c)""",gon na movie marathon friend today tomorrow twilight new moon eclipse runaway adventureland c,54,15,0.002424477832391858,0.443386048078537,0.5541895031929016,0.5517650253605098,Positive
10024,2023-10-01 12:13:00,2023-10-01,12,Sunday,user_23,Tech,Global,Oscars Well makes his debut over fences at Punchestown tomorrow. It looks as though he\u2019ll have Plan A and Darwins Fox to overcome.,oscar well make debut fence punchestown tomorrow look though plan darwin fox overcome,0,0,0.01068456657230854,0.44872379302978516,0.5405916571617126,0.5299070905894041,Positive
10025,2023-10-01 12:24:00,2023-10-01,12,Sunday,user_24,Tech,US,Q2 10:30. Philip Rivers pass to Eddie Royal to the San Diego 19 for 7 yards. 3rd & 1.,NUMBER NUMBER philip river pas eddie royal san diego NUMBER NUMBER yard NUMBER,9,4,0.0067700790241360664,0.9510674476623535,0.04216250777244568,0.03539242874830961,Neutral
10026,2023-10-01 12:35:00,2023-10-01,12,Sunday,user_25,News,UK,"@user Work colleague of mine on Thursday night: """"oh, look, they're showing the Bee Gees on video."""" 23-yr old colleague: """"who?""""""",USER work colleague mine thursday night oh look showing bee gee video NUMBER old colleague,5,3,0.01954062655568123,0.7720187902450562,0.20844057202339172,0.1888999454677105,Neutral
10027,2023-10-01 12:46:00,2023-10-01,12,Sunday,user_26,News,UK,Who's going to get them Gucci foams tomorrow,going get gucci foam tomorrow,6,2,0.04469135403633118,0.8395183086395264,0.11579033732414246,0.07109898328781128,Neutral
10028,2023-10-01 12:57:00,2023-10-01,12,Sunday,user_27,Gaming,US,Yes glass of red\u002c Rammstein and day off tomorrow (thank you @user just what I needed.,yes glass rammstein day tomorrow thank USER needed,5,2,0.0023513210471719503,0.017330031841993332,0.9803186058998108,0.9779672848526388,Positive
10029,2023-10-01 13:08:00,2023-10-01,13,Sunday,user_28,Sports,Canada,Vampettes we are back on the 21st place keep tweeting with the hashtag #MTVStars The Vamps #MTVStarsOf2015,vampettes back place keep tweeting hashtag mtvstars vamp,6,2,0.004317864775657654,0.49837955832481384,0.4973025619983673,0.49298469722270966,Neutral
10030,2023-10-01 13:19:00,2023-10-01,13,Sunday,user_29,Sports,Global,Ryan Braun returned to the lineup on Wednesday after missing two games with lower back tightness.,ryan braun returned lineup wednesday missing two game lower back tightness,22,6,0.04108687862753868,0.9404140710830688,0.01849912665784359,-0.02258775196969509,Neutral
10031,2023-10-01 13:30:00,2023-10-01,13,Sunday,user_30,News,Canada,"""#Ichiro has nothing. If you want to see hustle: Kenny Lofton, 17 October 1995, scores from second base on a past ball. #GoTribe #ALDS""",ichiro nothing want see hustle kenny lofton NUMBER october NUMBER score second base past ball gotribe alds,8,4,0.34430211782455444,0.5698703527450562,0.08582746237516403,-0.2584746554493904,Neutral
10032,2023-10-01 13:41:00,2023-10-01,13,Sunday,user_31,Sports,UK,Looking forward to going to Carrow Rd tonight. Last time we were there\u002c Bale scored 2 and we were 3rd. Do not want extra time though,looking forward going carrow rd tonight last time bale scored NUMBER want extra time though,10,3,0.048458050936460495,0.2117864340543747,0.7397554516792297,0.6912974007427692,Positive
10033,2023-10-01 13:52:00,2023-10-01,13,Sunday,user_32,Sports,UK,Gonna go to the north game tomorrow night. I better see some of you north kiddos,gon na go north game tomorrow night better see north kiddos,0,0,0.011061502620577812,0.4037083089351654,0.5852302312850952,0.5741687286645174,Positive
10034,2023-10-01 14:03:00,2023-10-01,14,Sunday,user_33,Tech,Canada,Right guys\u002c last competition of the night... Like this status for a chance to win a copy of Judas Priest\u2019s 30th...,right last competition night like status chance win copy juda,0,0,0.00767684867605567,0.7379586100578308,0.254364550113678,0.2466877014376223,Neutral
10035,2023-10-01 14:14:00,2023-10-01,14,Sunday,user_34,News,US,We\u2019re in the studio working on the new album and it sounds EPIC. We may as well pick up our Brit Award now\u002c tbh.,studio working new album sound epic may well pick brit award tbh,0,0,0.0035893451422452927,0.038610901683568954,0.9577997922897339,0.9542104471474886,Positive
10036,2023-10-01 14:25:00,2023-10-01,14,Sunday,user_35,General,Canada,"""last day of august, waiting for frank ocean to pull a beyonce.",last day august waiting frank ocean pull beyonce,62,17,0.03951957821846008,0.8336599469184875,0.12682051956653595,0.08730094134807587,Neutral
10037,2023-10-01 14:36:00,2023-10-01,14,Sunday,user_36,News,Canada,#INFO --> Grand opening sharetea bubble tea with @user 2 nov 2012 mall taman anggrek 11:00 - 14:00 * Jadwal ke-1 besok !,info grand opening sharetea bubble tea USER NUMBER nov NUMBER mall taman anggrek NUMBER NUMBER NUMBER NUMBER jadwal NUMBER besok,0,0,0.004792215768247843,0.8413485288619995,0.15385928750038147,0.14906707173213363,Neutral
10038,2023-10-01 14:47:00,2023-10-01,14,Sunday,user_37,General,Global,Sunday (tomorrow) is National Ice Cream Day and have we got a gift for you! Join us for an ice cream sundae and...,sunday tomorrow national ice cream day got gift join u ice cream sundae,0,0,0.0012166699161753058,0.03953409567475319,0.9592492580413818,0.9580325881252065,Positive
10039,2023-10-01 14:58:00,2023-10-01,14,Sunday,user_38,Tech,Global,Gucci pants himself store january lay open the span thine atomic irruptive concomitant so that cons comburent:...,gucci pant store january lay open span thine atomic irruptive concomitant con comburent,2,1,0.017527054995298386,0.8837717175483704,0.09870119392871857,0.08117413893342018,Neutral
10040,2023-10-01 15:09:00,2023-10-01,15,Sunday,user_39,Gaming,Canada,still not over how Nicki snapped like a 12th grader on their last day of high school,still nicki snapped like grader last day high school,19,8,0.17478634417057037,0.5471083521842957,0.27810531854629517,0.10331897437572479,Neutral
10041,2023-10-01 15:20:00,2023-10-01,15,Sunday,user_40,Sports,Canada,I may or may not buy myself the illustrated version of Harry potter for my birthday,may may buy illustrated version harry potter birthday,33,16,0.0218796543776989,0.5735966563224792,0.40452370047569275,0.38264404609799385,Neutral
10042,2023-10-01 15:31:00,2023-10-01,15,Sunday,user_41,Tech,UK,I wanna see STUDIO FOOTAGE SO BAD. We are about to hear some unreleased STUFF! Likeeeeeeeeee I can\u2019t wait until Sunday.,wan na see studio footage bad hear unreleased stuff likeeeeeeeeee wait sunday,17,7,0.016947709023952484,0.043895699083805084,0.9391566514968872,0.9222089424729347,Positive
10043,2023-10-01 15:42:00,2023-10-01,15,Sunday,user_42,Sports,Global,"@user how the hell does every one else get to keep their religious and 1st amnt rights, except Christians!!! This is just wrong!!!""",USER hell every one else get keep religious amnt right except christian wrong,9,5,0.9287315607070923,0.06480344384908676,0.006465036887675524,-0.9222665238194168,Negative
10044,2023-10-01 15:53:00,2023-10-01,15,Sunday,user_43,Gaming,Global,A @user rule change should allow Carly Fiorina to earn a spot on the main stage for the 2nd Republican debate.,USER rule change allow carly fiorina earn spot main stage republican debate,7,3,0.009529256261885166,0.7132126688957214,0.277258038520813,0.2677287822589278,Neutral
10045,2023-10-01 16:04:00,2023-10-01,16,Sunday,user_44,Gaming,UK,"""TFI Friday doesn't look like it's coming back, as Chris Evans focuses on new-look Top Gear",tfi friday look like coming back chris evans focus top gear,0,0,0.23461602628231049,0.7019356489181519,0.06344838440418243,-0.17116764187812805,Neutral
10046,2023-10-01 16:15:00,2023-10-01,16,Sunday,user_45,Tech,US,#np The Way You Make Me Feel - 2012 Remaster by Michael Jackson from the album Bad 25th Anniversary.,np way make feel NUMBER remaster michael jackson album bad anniversary,40,15,0.03589554503560066,0.8099603652954102,0.15414416790008545,0.11824862286448479,Neutral
10047,2023-10-01 16:26:00,2023-10-01,16,Sunday,user_46,Gaming,Global,"""I'm going to see Paper Towns. Saturday, 22 August 2015 at 17:40 in Leigh #Cineworld""",going see paper town saturday NUMBER august NUMBER NUMBER NUMBER leigh cineworld,10,7,0.002579278079792857,0.7077518105506897,0.28966888785362244,0.2870896097738296,Neutral
10048,2023-10-01 16:37:00,2023-10-01,16,Sunday,user_47,General,Global,@user Yepo I came in Milan it was my 1st concert and it was so good you guys did an amazing job! You are flawless live like PERFECT!,USER yepo came milan concert good guy amazing job flawless live like perfect,12,5,0.003423459827899933,0.007016445975750685,0.9895601272583008,0.9861366674304008,Positive
10049,2023-10-01 16:48:00,2023-10-01,16,Sunday,user_48,Gaming,US,#days #dool Tuesday Hope has to pick up Ciara. Rafe wants a real case not just publicity like Justin,day dool tuesday hope pick ciara rafe want real case publicity like justin,10,7,0.08053108304738998,0.8063585162162781,0.11311037838459015,0.032579295337200165,Neutral
10050,2023-10-01 16:59:00,2023-10-01,16,Sunday,user_49,Sports,Global,Seth Rollins talks &amp; talks every Monday on RAW for about 45 minutes,seth rollins talk amp talk every monday raw NUMBER minute,23,6,0.0038900524377822876,0.9166050553321838,0.07950493693351746,0.07561488449573517,Neutral
10051,2023-10-01 17:10:00,2023-10-01,17,Sunday,user_50,Sports,Global,"Thanks manager for putting me on the schedule for Sunday""",thanks manager putting schedule sunday,9,5,0.0036211013793945312,0.08458571135997772,0.9117932319641113,0.9081721305847168,Positive
10052,2023-10-01 17:21:00,2023-10-01,17,Sunday,user_51,Sports,US,I'm sat at work just laughing at all these Hulk Hogan tweets. Hahha ffs,sat work laughing hulk hogan tweet hahha ffs,62,19,0.1366644650697708,0.31241509318351746,0.5509204864501953,0.4142560213804245,Positive
10053,2023-10-01 17:32:00,2023-10-01,17,Sunday,user_52,Sports,US,@user #MLBCentral David Wright crushing a dinger on his first swing since April 14th. I didn't think he would pull a Wilmer Flores!,USER mlbcentral david wright crushing dinger first swing since april think would pull wilmer flores,43,11,0.04179009422659874,0.609229326248169,0.348980575799942,0.3071904815733433,Neutral
10054,2023-10-01 17:43:00,2023-10-01,17,Sunday,user_53,General,Canada,I feel like the new Janet Jackson single is bringing back 90s R&amp;B. via @user,feel like new janet jackson single bringing back r amp via USER,17,5,0.004255687352269888,0.17151033878326416,0.8242339491844177,0.8199782618321478,Positive
10055,2023-10-01 17:54:00,2023-10-01,17,Sunday,user_54,News,UK,Anyone want to see Sam smith with me on October 6th?,anyone want see sam smith october,16,5,0.005897340830415487,0.8114027976989746,0.18269990384578705,0.17680256301537156,Neutral
10056,2023-10-01 18:05:00,2023-10-01,18,Sunday,user_55,Tech,UK,This Friday OUTHOUSE is playing at Still Partners in Sea Cliff ! Hop on the Expressway to Nirvana!,friday outhouse playing still partner sea cliff hop expressway nirvana,0,0,0.002695802366361022,0.5678717494010925,0.4294324517250061,0.4267366493586451,Neutral
10057,2023-10-01 18:16:00,2023-10-01,18,Sunday,user_56,Sports,US,"""You can't shit talk Kpop. Every group is so in sync and vocally on point. It may not be your thing, but it's talent.""",ca shit talk kpop every group sync vocally point may thing talent,19,5,0.0329030342400074,0.13849321007728577,0.8286037445068359,0.7957007102668285,Positive
10058,2023-10-01 18:27:00,2023-10-01,18,Sunday,user_57,Gaming,US,I hope Milan mom say that she can come over on the 28th,hope milan mom say come,0,0,0.022411709651350975,0.740604043006897,0.2369842231273651,0.21457251347601414,Neutral
10059,2023-10-01 18:38:00,2023-10-01,18,Sunday,user_58,Sports,Global,Don\u2019t forget Mitch Daniels is going to be on Steven Colbert\u2019s show Thursday. Think this will come up as a topic?,forget mitch daniel going steven show thursday think come topic,11,4,0.023731667548418045,0.8478327989578247,0.12843558192253113,0.10470391437411308,Neutral
10060,2023-10-01 18:49:00,2023-10-01,18,Sunday,user_59,Gaming,Canada,Amazon prime is literally a lie....I ordered a book LAST MONDAY &amp; it still isn't here. do better @user,amazon prime literally lie ordered book last monday amp still better USER,110,36,0.9241097569465637,0.06800306588411331,0.00788714550435543,-0.9162226114422083,Negative
10061,2023-10-01 19:00:00,2023-10-01,19,Sunday,user_60,Gaming,Canada,Who the hell moshes at Matt and Kim?? Next time watch out for my face\u002c mofos! My cheekbones better not be purple tomorrow. @user,hell moshes matt kim next time watch mofos cheekbone better purple tomorrow USER,11,4,0.9446570873260498,0.04794928431510925,0.007393620442599058,-0.9372634668834507,Negative
10062,2023-10-01 19:11:00,2023-10-01,19,Sunday,user_61,Sports,US,"""What a difference not having Sterling on the pitch makes! Welbeck dragged wide 1st half, the Ox replaces Sterling, Welbeck down middle, goal""",difference sterling pitch make welbeck dragged wide half ox replaces sterling welbeck middle goal,9,3,0.09553574025630951,0.48600491881370544,0.41845932602882385,0.32292358577251434,Neutral
10063,2023-10-01 19:22:00,2023-10-01,19,Sunday,user_62,General,Global,"""Dear lovely Christians, I wish to inform you, tomorrow we got one Mass @ 10am as we'll be submitting our parish family day collection!""",dear lovely christian wish inform tomorrow got one mass submitting parish family day collection,2,1,0.0019297382095828652,0.06469426304101944,0.9333759546279907,0.9314462164184079,Positive
10064,2023-10-01 19:33:00,2023-10-01,19,Sunday,user_63,Gaming,Global,"""To Kpop fans, we song along to vocals, 2nd voices, raps, fanchants, do the instruments &amp; even perform its own choreo",kpop fan song along vocal voice rap fanchants instrument amp even perform choreo,0,0,0.01694231480360031,0.6812481880187988,0.30180948972702026,0.28486717492341995,Neutral
10065,2023-10-01 19:44:00,2023-10-01,19,Sunday,user_64,Gaming,UK,Cherie Blair is sat on our coach going to the games! #Olympics2012,cherie blair sat coach going game,10,6,0.014974289573729038,0.7144515514373779,0.2705741226673126,0.2555998330935836,Neutral
10066,2023-10-01 19:55:00,2023-10-01,19,Sunday,user_65,Sports,UK,continued : Emmanuel Adebayor has not travelled with the squad for our Europa League away tie in Greece tomorrow evening.,continued emmanuel adebayor travelled squad europa league away tie greece tomorrow evening,1,1,0.385292112827301,0.6034595370292664,0.011248365044593811,-0.3740437477827072,Neutral
10067,2023-10-01 20:06:00,2023-10-01,20,Sunday,user_66,Gaming,Global,Mario Williams is catching hell! He will be Exposed on Sunday... Not like Buffalo don't see him 4 who he is Already!,mario williams catching hell exposed sunday like buffalo see NUMBER already,0,0,0.8520123958587646,0.13165709376335144,0.016330601647496223,-0.8356817942112684,Negative
10068,2023-10-01 20:17:00,2023-10-01,20,Sunday,user_67,Gaming,UK,"""Kris Bryant hurt, Joe Maddon ejected in today's Cubs game, and it's only the 6th inning.",kris bryant hurt joe maddon ejected today cub game inning,3,2,0.7233130931854248,0.2691395580768585,0.007547326385974884,-0.7157657667994499,Negative
10069,2023-10-01 20:28:00,2023-10-01,20,Sunday,user_68,Sports,US,"@user Last Wednesday, when I saw you dressed as Robin, all I can think about is ""Who's Batman? Where's the Teen Titans?""",USER last wednesday saw dressed robin think batman teen titan,20,7,0.0618894025683403,0.7358473539352417,0.2022632658481598,0.1403738632798195,Neutral
10070,2023-10-01 20:39:00,2023-10-01,20,Sunday,user_69,Sports,Global,@user Brock lesnar live from madison square garden sounds like it could just be a live feed of him sat on a chair for 3 hours,USER brock lesnar live madison square garden sound like could live feed sat chair NUMBER hour,13,6,0.13026611506938934,0.8066696524620056,0.06306423991918564,-0.0672018751502037,Neutral
10071,2023-10-01 20:50:00,2023-10-01,20,Sunday,user_70,Tech,UK,@user Frank ocean releasing his second album december 31st 2015 on new years eve. heres the interview...,USER frank ocean releasing second album december NUMBER new year eve here interview,0,0,0.002840091474354267,0.9184550046920776,0.0787048190832138,0.07586472760885954,Neutral
10072,2023-10-01 21:01:00,2023-10-01,21,Sunday,user_71,General,Canada,@user @user at da end of da night no girl that roll with me is on da MTA! They are above that as long as I can afford that!,USER USER da end da night girl roll da mta long afford,5,3,0.16493017971515656,0.4742673635482788,0.36080244183540344,0.1958722621202469,Neutral
10073,2023-10-01 21:12:00,2023-10-01,21,Sunday,user_72,General,Global,@user SCOTUS based their argument on the 14th. No matter how you stretch it race was not involved.,USER scotus based argument matter stretch race involved,6,3,0.3742678165435791,0.6016981601715088,0.02403394505381584,-0.35023387148976326,Neutral
10074,2023-10-01 21:23:00,2023-10-01,21,Sunday,user_73,Gaming,Global,My mom's over here tryna tell me that we're taking the CAHSEE tomorrow ._. Nigga it's only the second month of school.. #SlowYourRoll,mom tryna tell taking cahsee tomorrow nigga second month school slowyourroll,16,5,0.8217384815216064,0.16524091362953186,0.013020552694797516,-0.8087179288268089,Negative
10075,2023-10-01 21:34:00,2023-10-01,21,Sunday,user_74,General,Canada,"""Rahul Gandhi held Indian citizenship from day one: Congress: New Delhi, Nov 18: Dismissing BJP leader Subraman...",rahul gandhi held indian citizenship day one congress new delhi nov NUMBER dismissing bjp leader subraman,14,5,0.10975514352321625,0.8546853065490723,0.03555954620242119,-0.07419559732079506,Neutral
10076,2023-10-01 21:45:00,2023-10-01,21,Sunday,user_75,Gaming,US,"""I'm going to Paramore at Rock Im Park in Nuremburg, Germany - Jun 8",going paramore rock im park nuremburg germany jun NUMBER,3,2,0.0028722023125737906,0.8529449701309204,0.14418286085128784,0.14131065853871405,Neutral
10077,2023-10-01 21:56:00,2023-10-01,21,Sunday,user_76,Tech,Canada,Happy Birthday Nick J May you live long and Happy :),happy birthday nick j may live long happy,14,4,0.0029074358753859997,0.010049871169030666,0.9870426654815674,0.9841352296061814,Positive
10078,2023-10-01 22:07:00,2023-10-01,22,Sunday,user_77,Sports,Global,ECHO: Sex offender is warned he may face jail over offences #Dorset,echo sex offender warned may face jail offence dorset,11,3,0.7373136281967163,0.2538414001464844,0.008844999596476555,-0.7284686286002398,Negative
10079,2023-10-01 22:18:00,2023-10-01,22,Sunday,user_78,Sports,US,I hope Bernie Sanders is a sun and the other two are shooting stars or black holes.,hope bernie sander sun two shooting star black hole,23,10,0.3383418619632721,0.4553583562374115,0.20629975199699402,-0.13204210996627808,Neutral
10080,2023-10-01 22:29:00,2023-10-01,22,Sunday,user_79,Sports,UK,"""Shows how much you can trust drivers answering these questions. Alonso was still saying on Monday that Ferrari split is """"""""just a rumor."""""""" #F1""",show much trust driver answering question alonso still saying monday ferrari split rumor,7,3,0.10121951997280121,0.7844229340553284,0.11435758322477341,0.013138063251972198,Neutral
10081,2023-10-01 22:40:00,2023-10-01,22,Sunday,user_80,General,UK,Who else is going to the Chris brown tour this Thursday #ChrisBrown#onehellofanighttour,else going chris brown tour thursday chrisbrown onehellofanighttour,7,2,0.005571643356233835,0.7597500085830688,0.23467832803726196,0.22910668468102813,Neutral
10082,2023-10-01 22:51:00,2023-10-01,22,Sunday,user_81,Tech,UK,"Your inspirational quotes on twitter/Feb never really got to me. But oh damn ur pics of them on IG have truly inspired me. #idiots""",inspirational quote never really got oh damn ur pic ig truly inspired idiot,6,2,0.2865622043609619,0.27157580852508545,0.4418620467185974,0.1552998423576355,Positive
10083,2023-10-01 23:02:00,2023-10-01,23,Sunday,user_82,General,Global,Another beauty of a day in Athens\u002c Greece. I trust you\u2019ll have an exceptional Friday wherever in the world you are. Much love.,another beauty day greece trust exceptional friday wherever world much love,11,4,0.0032928341533988714,0.010153666138648987,0.9865534901618958,0.9832606560084969,Positive
10084,2023-10-01 23:13:00,2023-10-01,23,Sunday,user_83,General,Canada,"""Another great night in Split, off to Hvar on the 8:30 ferry tomorrow morning... dreading the packing but excited to get there!""",another great night split hvar NUMBER NUMBER ferry tomorrow morning dreading packing excited get,28,8,0.002384789753705263,0.009623239748179913,0.987991988658905,0.9856071989051998,Positive
10085,2023-10-01 23:24:00,2023-10-01,23,Sunday,user_84,Tech,US,@user and im seeing Ed live this Saturday at b'ham NIA! It would be amazing to get the book signed. Thanks for putting it together,USER im seeing ed live saturday nia would amazing get book signed thanks putting together,6,3,0.0016043800860643387,0.0159468911588192,0.9824487566947937,0.9808443766087294,Positive
10086,2023-10-01 23:35:00,2023-10-01,23,Sunday,user_85,Tech,UK,"""Church tonight, who will you bring????""",church tonight bring,12,5,0.02496054582297802,0.9166552424430847,0.0583842508494854,0.03342370502650738,Neutral
10087,2023-10-01 23:46:00,2023-10-01,23,Sunday,user_86,Tech,US,Q_Q Today was the day that Naruto shippuden: UNS4 was suppose to come out. WHYYYYYYY DID THEY PUSH IT ALL THE WAY TO JAN???? HELLO,today day naruto shippuden suppose come whyyyyyyy push way jan hello,13,6,0.8453922867774963,0.14398199319839478,0.010625728406012058,-0.8347665583714843,Negative
10088,2023-10-01 23:57:00,2023-10-01,23,Sunday,user_87,Tech,Global,Pics of the March Fourth Marching Band at the Oregon Country Fair closing out the show Sunday night. Their...,pic march fourth marching band oregon country fair closing show sunday night,10,3,0.0035386085510253906,0.8603240847587585,0.13613735139369965,0.13259874284267426,Neutral
10089,2023-10-02 00:08:00,2023-10-02,0,Monday,user_88,Sports,UK,The audio booth is ready to blow the roof off the Comcast Center tomorrow! Are you? #MDMadness,audio booth ready blow roof comcast center tomorrow mdmadness,5,2,0.0028461311012506485,0.1311424821615219,0.866011381149292,0.8631652500480413,Positive
10090,2023-10-02 00:19:00,2023-10-02,0,Monday,user_89,News,Global,welllll who wants to see Ed Sheeran with me on the 17th????,welllll want see ed sheeran,31,10,0.0049086883664131165,0.46390992403030396,0.5311813950538635,0.5262727066874504,Positive
10091,2023-10-02 00:30:00,2023-10-02,0,Monday,user_90,News,Canada,GOALdotCOM: Premier League Team of the Week: Van Persie & Aguero both star after City & Arsenal wins,goaldotcom premier league team week van persie aguero star city arsenal win,4,2,0.0023671153467148542,0.15826623141765594,0.839366614818573,0.8369994994718581,Positive
10092,2023-10-02 00:41:00,2023-10-02,0,Monday,user_91,Tech,Global,The Hitchhiker's Guide to the Galaxy Game - 30th Anniversary Edition Need to sign up with the BBC online.,hitchhiker guide galaxy game anniversary edition need sign bbc online,6,3,0.00505751883611083,0.5984371900558472,0.3965052664279938,0.39144774759188294,Neutral
10093,2023-10-02 00:52:00,2023-10-02,0,Monday,user_92,News,Global,I'm seeing Ed Sheeran on Wednesday in Miami so if you wanna meet up or say hi hmu!,seeing ed sheeran wednesday miami wan na meet say hi hmu,62,23,0.0017377135809510946,0.29694581031799316,0.7013164758682251,0.699578762287274,Positive
10094,2023-10-02 01:03:00,2023-10-02,1,Monday,user_93,News,Canada,"""Chuck Close shares his best-kept secrets with @user on the eve of his new show, opening Thursday @user",chuck close share secret USER eve new show opening thursday USER,0,0,0.003794256364926696,0.8640890121459961,0.13211669027805328,0.1283224339131266,Neutral
10095,2023-10-02 01:14:00,2023-10-02,1,Monday,user_94,Tech,US,Vermaelen the hero for Barca: Thomas Vermaelen was the unlikely hero as Barcelona laboured to a 1-0 home win over Malaga on Saturday ...,vermaelen hero barca thomas vermaelen unlikely hero barcelona laboured NUMBER NUMBER home win malaga saturday,2,1,0.003170258831232786,0.3113037347793579,0.6855260133743286,0.6823557545430958,Positive
10096,2023-10-02 01:25:00,2023-10-02,1,Monday,user_95,News,Canada,@user I\u2019m sick with something ill be at school on Monday though,USER sick something ill school monday though,3,2,0.8908849358558655,0.10185622423887253,0.00725893396884203,-0.8836260018870234,Negative
10097,2023-10-02 01:36:00,2023-10-02,1,Monday,user_96,General,Canada,"""There's something about Friday Night Lights, you just get chills thinking about it .""",something friday night light get chill thinking,47,13,0.015586731024086475,0.15112194418907166,0.8332913517951965,0.8177046207711101,Positive
10098,2023-10-02 01:47:00,2023-10-02,1,Monday,user_97,Gaming,Global,"Googled the snake I stepped over on the trail Sunday. Baby timber rattler. So time to Google ""snake-proof hiking boots.""",googled snake stepped trail sunday baby timber rattler time google hiking boot,0,0,0.11031840741634369,0.700995922088623,0.18868568539619446,0.07836727797985077,Neutral
10099,2023-10-02 01:58:00,2023-10-02,1,Monday,user_98,Gaming,US,"@user Also, his anger against Hindus are justified but couldn't get why he was so anti Islam..may be he was just fed up of religions""",USER also anger hindu justified could get anti islam may fed religion,0,0,0.660035252571106,0.32746392488479614,0.01250084675848484,-0.6475344058126211,Negative
10100,2023-10-02 02:09:00,2023-10-02,2,Monday,user_99,Tech,UK,Ricky Ponting and I now have something in common. Today he passed 23\u002c000 1st class runs. Last night at training\u002c i was hit for 23\u002c000 runs.,ricky ponting something common today passed NUMBER class run last night hit NUMBER run,0,0,0.02843460440635681,0.5506367683410645,0.42092859745025635,0.39249399304389954,Neutral
10101,2023-10-02 02:20:00,2023-10-02,2,Monday,user_100,Sports,Canada,Ted Nugent talks to us about #hunting and other stuff he\u2019s got on his mind @user this Saturday at 7am on the Great Outdoors\u002c #nuge,ted nugent talk u hunting stuff got mind USER saturday great nuge,0,0,0.0075437347404658794,0.9056251049041748,0.08683116734027863,0.07928743259981275,Neutral
10102,2023-10-02 02:31:00,2023-10-02,2,Monday,user_101,Tech,US,Check out Newsha Tavakolian at the Saatchi Gallery in London. Her photos of Iran may interest some of you!,check newsha tavakolian saatchi gallery london photo iran may interest,0,0,0.004460379481315613,0.4961225092411041,0.49941715598106384,0.49495677649974823,Positive
10103,2023-10-02 02:42:00,2023-10-02,2,Monday,user_102,Sports,Canada,Mansbridge destroyed Justin tonite the polls for the lib's should tank tomorrow! Wake up people he is NOT ready!!,mansbridge destroyed justin tonite poll lib tank tomorrow wake people ready,11,3,0.8765107989311218,0.11202220618724823,0.011466910131275654,-0.8650438887998462,Negative
10104,2023-10-02 02:53:00,2023-10-02,2,Monday,user_103,Gaming,Canada,For the ones tomorrow sunday in Milan (Italy): Aperitif and evening at Fiat Open Lounge:,one tomorrow sunday milan italy aperitif evening fiat open lounge,10,4,0.0048181782476603985,0.9407078623771667,0.054474037140607834,0.049655858892947435,Neutral
10105,2023-10-02 03:04:00,2023-10-02,3,Monday,user_104,Tech,Canada,"""J'regarde des infos sur Ragnarok (le film) &amp;bon: """"Thor will make it out of the third movie[..]Loki, on the other hand may not be so Lucky.""""""",de info sur ragnarok le film amp bon thor make third movie loki hand may lucky,1,1,0.1718391329050064,0.711923360824585,0.11623748391866684,-0.05560164898633957,Neutral
10106,2023-10-02 03:15:00,2023-10-02,3,Monday,user_105,General,Canada,"@user Donald trump said the same thing about the tax rate. Fact check said he was a liar ""pant of fire""",USER donald trump said thing tax rate fact check said liar pant fire,4,2,0.8245343565940857,0.16492581367492676,0.010539836250245571,-0.8139945203438401,Negative
10107,2023-10-02 03:26:00,2023-10-02,3,Monday,user_106,News,Global,"""If you\u2019re calling this little thing right here a \""""""""party\"""""""" then Friday night\u2019s gonna be Project X\u002c Y\u002c & Z.""",calling little thing right friday gon na project z,0,0,0.4457770884037018,0.4659809172153473,0.08824194967746735,-0.35753513872623444,Neutral
10108,2023-10-02 03:37:00,2023-10-02,3,Monday,user_107,Sports,US,"""Love this vid!! 1st time I\u2019ve seen it!--- jules explains it all - David Archuleta sings \""""""""Nandito Ako.\"""""""" via @user",love vid time seen jules explains david archuleta sings nandito via USER,3,2,0.002717491239309311,0.012000245973467827,0.9852821826934814,0.9825646914541721,Positive
10109,2023-10-02 03:48:00,2023-10-02,3,Monday,user_108,News,US,"@user @user Not just Christians, you are in the prayers of """"all of us"""" humans.May you stay safe and be free soon!God bless.""",USER USER christian prayer u stay safe free soon god bless,11,3,0.008973706513643265,0.09209319204092026,0.8989330530166626,0.8899593465030193,Positive
10110,2023-10-02 03:59:00,2023-10-02,3,Monday,user_109,News,US,Happy birthday @user ! National Bieber Day . Now he\u2019s 18th years\u002c but he\u2019s #stillkidrauhl #IndonesiaSaysHBDforJustinBieber,happy birthday USER national bieber day stillkidrauhl indonesiasayshbdforjustinbieber,15,6,0.0015479816356673837,0.02214423194527626,0.97630774974823,0.9747597681125626,Positive
10111,2023-10-02 04:10:00,2023-10-02,4,Monday,user_110,Tech,Canada,"""If you put one over the plate he's gonna fuck you up Called it, Kris Bryant with his 21st""",put one plate gon na fuck called kris bryant,0,0,0.6548288464546204,0.3102874159812927,0.0348837748169899,-0.6199450716376305,Negative
10112,2023-10-02 04:21:00,2023-10-02,4,Monday,user_111,News,Global,Good luck to Girls Tennis as the take on South Torrance today on 1st round CIF! #GoLions2012,good luck girl tennis take south torrance today round cif,9,3,0.0019467470701783895,0.0438869409263134,0.9541663527488708,0.9522196056786925,Positive
10113,2023-10-02 04:32:00,2023-10-02,4,Monday,user_112,General,Canada,"""\""""Hey\u002c you\u2019re missing Beauty and the Beast\u002c Vampire Diaries & Grey\u2019s Anatomy right now on TV. Saturday is Merlin\"""" - @user #sisterlife""",missing beauty vampire diary anatomy right tv saturday USER sisterlife,3,1,0.7606340646743774,0.2187328189611435,0.020633146166801453,-0.740000918507576,Negative
10114,2023-10-02 04:43:00,2023-10-02,4,Monday,user_113,News,Canada,Decided to watch Rick and Morty will probably watch Naruto tomorrow such a good movie hits ya right in the feels,decided watch rick morty probably watch naruto tomorrow good movie hit ya right feel,16,9,0.0037201044615358114,0.07271558791399002,0.9235643148422241,0.9198442103806883,Positive
10115,2023-10-02 04:54:00,2023-10-02,4,Monday,user_114,Tech,US,first Hasek now Modano want to come back...who's next Mario Lemieux for the 4th time!,first hasek modano want come back next mario lemieux time,12,6,0.08255414664745331,0.7621290683746338,0.15531675517559052,0.07276260852813721,Neutral
10116,2023-10-02 05:05:00,2023-10-02,5,Monday,user_115,General,Canada,@user isn\u2019t it just! staying in and watching the lovely James Martin on Saturday kitchen. Great pumpkin soup recipe to warm u up,USER staying watching lovely james martin saturday kitchen great pumpkin soup recipe warm u,13,4,0.0027441869024187326,0.021576039493083954,0.9756798148155212,0.9729356279131025,Positive
10117,2023-10-02 05:16:00,2023-10-02,5,Monday,user_116,Gaming,UK,@user how was your day today? Did you enjoy watching softball. We missed you on tiger woods,USER day today enjoy watching softball missed tiger wood,3,1,0.017370261251926422,0.24483457207679749,0.7377951741218567,0.7204249128699303,Positive
10118,2023-10-02 05:27:00,2023-10-02,5,Monday,user_117,News,Canada,And to think I wrote this Dustin Johnson Tweet after the second round of the British Open,think wrote dustin johnson tweet second round british open,25,12,0.04521167650818825,0.8607701659202576,0.09401821345090866,0.04880653694272041,Neutral
10119,2023-10-02 05:38:00,2023-10-02,5,Monday,user_118,Tech,UK,Just Turned the corner into Ghetto n #Roma 1st thing I saw a group of Muslims! Now that's tourism for ya. It's a sm world after all #peace,turned corner ghetto n rom thing saw group muslim tourism ya sm world peace,0,0,0.03345756605267525,0.5095859169960022,0.45695650577545166,0.4234989397227764,Neutral
10120,2023-10-02 05:49:00,2023-10-02,5,Monday,user_119,Gaming,Canada,Be sure to look for Nash's new video with Skylynn tomorrow #NashNewVideo love you @user,sure look nash new video skylynn tomorrow nashnewvideo love USER,0,0,0.0015843273140490055,0.03988334909081459,0.9585323333740234,0.9569480060599744,Positive
10121,2023-10-02 06:00:00,2023-10-02,6,Monday,user_120,Gaming,Global,Who wants to be my date to the White Sox vs Red Sox game Tuesday,want date white sox v red sox game tuesday,7,2,0.004591892007738352,0.7283928394317627,0.267015278339386,0.26242338633164763,Neutral
10122,2023-10-02 06:11:00,2023-10-02,6,Monday,user_121,Sports,Global,"At long last, Lexus has developed a hoverboard, the 'Slide,' to be tested in public for the first time on Wed.",long last lexus developed hoverboard slide tested public first time wed,0,0,0.0028167006094008684,0.3281470835208893,0.6690362691879272,0.6662195685785264,Positive
10123,2023-10-02 06:22:00,2023-10-02,6,Monday,user_122,General,US,I noticed all the Huddlestone haters were conspicuous by their absence yesterday\u002c particularly when he assisted Bale for the 1st goal #THFC,noticed huddlestone hater conspicuous absence particularly assisted bale goal thfc,37,15,0.6530531048774719,0.3132126033306122,0.033734265714883804,-0.6193188391625881,Negative
10124,2023-10-02 06:33:00,2023-10-02,6,Monday,user_123,News,Canada,Unexpected development-- saw Ant-Man on Saturday night in London. It was surprisingly charming. I actually quite enjoyed it.,unexpected development saw saturday night london surprisingly charming actually quite enjoyed,26,7,0.0021165485959500074,0.011419846676290035,0.9864635467529297,0.9843469981569797,Positive
10125,2023-10-02 06:44:00,2023-10-02,6,Monday,user_124,Tech,UK,"""Tomorrow is Star Wars day! New movie! And is @user and @user birthday! Great, isn't? @user",tomorrow star war day new movie USER USER birthday great USER,1,1,0.0014562249416485429,0.0077307927422225475,0.9908129572868347,0.9893567323451862,Positive
10126,2023-10-02 06:55:00,2023-10-02,6,Monday,user_125,Sports,UK,Sun is shining... Bob Marley on the radio... hiya Monday!,sun shining bob marley radio hiya monday,6,4,0.001386011834256351,0.01368251908570528,0.984931468963623,0.9835454571293667,Positive
10127,2023-10-02 07:06:00,2023-10-02,7,Monday,user_126,General,Canada,"""Hope, Love &amp; Laughter; Warmth, Prosperity &amp; Joy; A fragrant bouquet filled with life; You may Enjoy! A very happy Eid -""",hope love amp laughter warmth prosperity amp joy fragrant bouquet filled life may enjoy happy eid,60,20,0.0024407568853348494,0.011795899830758572,0.985763430595398,0.9833226737100631,Positive
10128,2023-10-02 07:17:00,2023-10-02,7,Monday,user_127,Sports,UK,'Frank Ocean' appeared on Sunday 16 at the 11th place in the Top20 of Dallas-Ft. Worth's Trends: #trndnl,frank ocean appeared sunday NUMBER place worth trend trndnl,37,10,0.0034597949124872684,0.868470311164856,0.1280699223279953,0.12461012741550803,Neutral
10129,2023-10-02 07:28:00,2023-10-02,7,Monday,user_128,General,Global,"""Also may take years to figure out if the song reaching #1 or John Cena co-opting """"I Can't Feel My Face"""" as his signature tagline is stranger""",also may take year figure song reaching NUMBER john cena ca feel face signature tagline stranger,8,4,0.23501797020435333,0.7314317226409912,0.03355041891336441,-0.20146755129098892,Neutral
10130,2023-10-02 07:39:00,2023-10-02,7,Monday,user_129,General,UK,Yakub death may be unfortunate bt we shud respect SC's decision n not vitiate atmosphere in the name of religion #YakubToHang #YakubVerdict,yakub death may unfortunate bt shud respect sc decision n vitiate atmosphere name religion yakubtohang yakubverdict,29,11,0.5590190291404724,0.4217146337032318,0.01926635578274727,-0.5397526733577251,Negative
10131,2023-10-02 07:50:00,2023-10-02,7,Monday,user_130,News,US,Its the 1st video without zayn and its still perf #DragMeDownMusicVideo,video without zayn still perf dragmedownmusicvideo,57,22,0.02618906833231449,0.48498719930648804,0.48882371187210083,0.46263464353978634,Positive
10132,2023-10-02 08:01:00,2023-10-02,8,Monday,user_131,General,Global,Has anyone ever seen @user and Iron Maiden's Bruce Dickinson together in the same room?,anyone ever seen USER iron maiden bruce dickinson together room,16,6,0.005463282577693462,0.9327924251556396,0.06174434348940849,0.05628106091171503,Neutral
10133,2023-10-02 08:12:00,2023-10-02,8,Monday,user_132,Sports,Global,Why does everyone want to give Eli Manning credit for every win. The truth is Sunday\u2019s game should have been a blowout.,everyone want give eli manning credit every win truth game blowout,0,0,0.7382486462593079,0.23390276730060577,0.027848558500409126,-0.7104000877588987,Negative
10134,2023-10-02 08:23:00,2023-10-02,8,Monday,user_133,General,Global,"The pics were taken on a 2004 Nokia, and it's really blurry and may induce cataracts. Just a heads up.",pic taken NUMBER nokia really blurry may induce cataract head,5,2,0.8295090198516846,0.16152285039424896,0.00896814651787281,-0.8205408733338118,Negative
10135,2023-10-02 08:34:00,2023-10-02,8,Monday,user_134,News,Canada,I think this was the first night of Louis with Briana? (That's not her tho) I saved it on April 17 but I DK,think first night louis briana tho saved april NUMBER dk,23,9,0.01218845322728157,0.9149028658866882,0.07290872186422348,0.06072026863694191,Neutral
10136,2023-10-02 08:45:00,2023-10-02,8,Monday,user_135,News,Canada,On Monday im going to eat so much you might as well call me Jordan and Ally. Im so fucking hungry.,monday im going eat much might well call jordan ally im fucking hungry,2,1,0.4130210280418396,0.25343507528305054,0.33354392647743225,-0.07947710156440735,Negative
10137,2023-10-02 08:56:00,2023-10-02,8,Monday,user_136,Sports,Global,"""Be prepared to listen about Nicki and Miley tomorrow at school, or maybe Kanye""",prepared listen nicki miley tomorrow school maybe kanye,23,8,0.008359482511878014,0.8257625699043274,0.16587799787521362,0.1575185153633356,Neutral
10138,2023-10-02 09:07:00,2023-10-02,9,Monday,user_137,Gaming,Canada,@user I just wonder how peter is the 1st pope when the Romans crucified him 200 years before Christianity was legalized in Rome,USER wonder peter pope roman crucified NUMBER year christianity legalized rome,0,0,0.36658650636672974,0.6177490949630737,0.01566440239548683,-0.3509221039712429,Neutral
10139,2023-10-02 09:18:00,2023-10-02,9,Monday,user_138,Gaming,UK,Sky : Melo and Perisic are set to debut in the Inter shirt against Milan in next Sunday's derby. Icardi is also probable.,sky melo perisic set debut inter shirt milan next sunday derby icardi also probable,0,0,0.0028895505238324404,0.8601401448249817,0.13697020709514618,0.13408065657131374,Neutral
10140,2023-10-02 09:29:00,2023-10-02,9,Monday,user_139,General,Canada,"@user You really want to go there? He had a gr8 Milan team from 03 to 06. He finished 1st, 2nd and 2nd to a team that was relegated 4..""",USER really want go milan team NUMBER NUMBER finished team relegated NUMBER,3,2,0.35465070605278015,0.5552621483802795,0.0900871604681015,-0.26456354558467865,Neutral
10141,2023-10-02 09:40:00,2023-10-02,9,Monday,user_140,Tech,Canada,"""Christianity is nothing else but the imitation of God\u2019s nature. We seek a relationship with God through Jesus ...\""""""""Lord that I may see\"""""""".""",christianity nothing else imitation nature seek relationship god jesus lord may,0,0,0.05340224876999855,0.7213519811630249,0.22524574398994446,0.1718434952199459,Neutral
10142,2023-10-02 09:51:00,2023-10-02,9,Monday,user_141,General,Global,"""Wrap-up: Broncos 34, Saints 14: Thoughts on the New Orleans Saints' 34-14 loss to the Denver Broncos on Sunday ...",bronco NUMBER saint NUMBER thought new orleans saint NUMBER NUMBER loss denver bronco sunday,54,15,0.1326105296611786,0.851107656955719,0.016281787306070328,-0.11632874235510826,Neutral
10143,2023-10-02 10:02:00,2023-10-02,10,Monday,user_142,Sports,US,@user big ups SL!!! Copped the 10.5 Gucci's missed out Friday!!!,USER big ups sl copped NUMBER gucci missed friday,17,8,0.0037532069254666567,0.06561219692230225,0.9306345582008362,0.9268813512753695,Positive
10144,2023-10-02 10:13:00,2023-10-02,10,Monday,user_143,Sports,US,"""Officially going to the Kenny Chesney, Jason Aldean, Brantley Gilbert, and Cole Swindal concert on Saturday!! Excited beyond words!!""",officially going kenny chesney jason aldean brantley gilbert cole swindal concert saturday excited beyond word,21,8,0.001176686491817236,0.010997550562024117,0.9878256916999817,0.9866490052081645,Positive
10145,2023-10-02 10:24:00,2023-10-02,10,Monday,user_144,Sports,US,Join @user now for boosted 4/1 Arsenal &amp; Chelsea both to win in the #BPL tomorrow. #AFC #CFC,join USER boosted NUMBER NUMBER arsenal amp chelsea win bpl tomorrow afc cfc,10,4,0.003129764460027218,0.44439101219177246,0.5524792075157166,0.5493494430556893,Positive
10146,2023-10-02 10:35:00,2023-10-02,10,Monday,user_145,Sports,UK,Snoop Dogg is playing at the State Fair on Wednesday and I wANnA GO sOooOoO BAd,snoop dogg playing state fair wednesday wan na go soooooo bad,2,1,0.004157429561018944,0.054979272186756134,0.9408632516860962,0.9367058221250772,Positive
10147,2023-10-02 10:46:00,2023-10-02,10,Monday,user_146,Sports,Canada,"@user Hi, I have a sneaking suspicion Barack Obama and Sarah Palin may be part of the DKEU. Can you find out, please?",USER hi sneaking suspicion barack obama sarah palin may part dkeu find please,7,3,0.21346217393875122,0.775010883808136,0.011526970192790031,-0.2019352037459612,Neutral
10148,2023-10-02 10:57:00,2023-10-02,10,Monday,user_147,News,US,2nd half about to start. No subs for the Red Stars to begin the half. WNY kicking off. 45 to go....,half start sub red star begin half wny kicking NUMBER go,6,4,0.010471712797880173,0.9496580958366394,0.03987017273902893,0.029398459941148758,Neutral
10149,2023-10-02 11:08:00,2023-10-02,11,Monday,user_148,Gaming,Global,"""Six good reviews for the new Deus Ex. I'm going to pre-order it today, I've seen enough coverage to know it's going to be worth a look.""",six good review new deus ex going today seen enough coverage know going worth look,6,3,0.0024840717669576406,0.024863695725798607,0.9726521968841553,0.9701681251171976,Positive
10150,2023-10-02 11:19:00,2023-10-02,11,Monday,user_149,Sports,US,Bob Marley playing in the lab. Happy Saturday!!,bob marley playing lab happy saturday,3,1,0.0014291335828602314,0.012753548100590706,0.9858172535896301,0.9843881200067699,Positive
10151,2023-10-02 11:30:00,2023-10-02,11,Monday,user_150,Tech,US,October day 1 was good :-) Goodnight taking the CAHSEE tomorrow . Hope i pass :),october day NUMBER good goodnight taking cahsee tomorrow hope pas,6,3,0.0030449458863586187,0.018627196550369263,0.9783278703689575,0.9752829244825989,Positive
10152,2023-10-02 11:41:00,2023-10-02,11,Monday,user_151,Tech,Canada,@user yea I was just thinking that! Btw Reece is going to be in Kyle and Jackie O tomorrow I think.... In the studio,USER yea thinking btw reece going kyle jackie tomorrow think studio,10,3,0.003954838030040264,0.7696176171302795,0.22642754018306732,0.22247270215302706,Neutral
10153,2023-10-02 11:52:00,2023-10-02,11,Monday,user_152,Tech,Canada,Our paper needs to be turned into blackboard and Google by midnight on friday it needs to be less than 17 % on blackboard!!! #aumrsch,paper need turned blackboard google midnight friday need less NUMBER blackboard aumrsch,79,28,0.19152334332466125,0.6633954048156738,0.1450813263654709,-0.04644201695919037,Neutral
10154,2023-10-02 12:03:00,2023-10-02,12,Monday,user_153,Tech,Canada,On the bright side tomorrow\u2019s CHOCOLATE DAY #getexcited,bright side chocolate day getexcited,40,11,0.0017622022423893213,0.008384241722524166,0.98985356092453,0.9880913586821407,Positive
10155,2023-10-02 12:14:00,2023-10-02,12,Monday,user_154,News,UK,Imagine if this was clashing with tomorrow's Celebrity Big Brother launch though. I'd be so torn.,imagine clashing tomorrow celebrity big brother launch though torn,8,3,0.6764535903930664,0.30585935711860657,0.017687100917100906,-0.6587664894759655,Negative
10156,2023-10-02 12:25:00,2023-10-02,12,Monday,user_155,Tech,UK,"""Off to ER, for the Edinburgh Derby, c'mon the Hibs""",er edinburgh derby hibs,6,4,0.021427078172564507,0.7580792903900146,0.22049367427825928,0.19906659610569477,Neutral
10157,2023-10-02 12:36:00,2023-10-02,12,Monday,user_156,Sports,US,The verse of Kendrick Lamar on Black Friday.. Listen to that shit with a notebook,verse kendrick lamar black friday listen shit notebook,19,6,0.21830783784389496,0.5092037916183472,0.27248838543891907,0.05418054759502411,Neutral
10158,2023-10-02 12:47:00,2023-10-02,12,Monday,user_157,General,Canada,Randy Orton is going to be in Lawton tomorrow,randy orton going lawton tomorrow,0,0,0.006181252654641867,0.862895131111145,0.13092365860939026,0.12474240595474839,Neutral
10159,2023-10-02 12:58:00,2023-10-02,12,Monday,user_158,Tech,US,"""Oomf is gay. He may not know it yet, but I do lol""",oomf gay may know yet lol,28,11,0.061947163194417953,0.5797081589698792,0.358344703912735,0.29639754071831703,Neutral
10160,2023-10-02 13:09:00,2023-10-02,13,Monday,user_159,News,Global,Delhi police says report about Sunanda Pushkar's death inconclusive: Delhi Police said Friday the forensic evi...,delhi police say report sunanda pushkar death inconclusive delhi police said friday forensic evi,34,9,0.2606172561645508,0.7258425951004028,0.013540142215788364,-0.24707711394876242,Neutral
10161,2023-10-02 13:20:00,2023-10-02,13,Monday,user_160,News,Global,Overall...tonight reconfirmed my love for nicki and why I never went back to side bangs after 7th grade,overall tonight reconfirmed love nicki never went back side bang grade,5,3,0.008396150544285774,0.07309365272521973,0.9185102581977844,0.9101141076534986,Positive
10162,2023-10-02 13:31:00,2023-10-02,13,Monday,user_161,Tech,Canada,"""Harper Lee's Go Set a Watchman comes out tomorrow, I just want to call into work so I can read it all day.""",harper lee go set watchman come tomorrow want call work read day,4,2,0.01177779771387577,0.2037789225578308,0.7844433188438416,0.7726655211299658,Positive
10163,2023-10-02 13:42:00,2023-10-02,13,Monday,user_162,General,Canada,@user @user Is Wednesday normally Cascades help day? I might want to make a trip at some point before January 21st.,USER USER wednesday normally cascade help day might want make trip point january,3,1,0.006056427489966154,0.8819987177848816,0.11194480210542679,0.10588837461546063,Neutral
10164,2023-10-02 13:53:00,2023-10-02,13,Monday,user_163,Tech,Global,You just got to love Prince George Happy 2nd Birthday !! #princegeorge,got love prince george happy birthday princegeorge,11,3,0.0024471585638821125,0.009587575681507587,0.9879653453826904,0.9855181868188083,Positive
10165,2023-10-02 14:04:00,2023-10-02,14,Monday,user_164,News,Canada,Yes it is. Bori practitioners have survived by not attempting to abandon Islam. So they blend in easily.,yes bori practitioner survived attempting abandon islam blend easily,0,0,0.029265915974974632,0.4866446852684021,0.48408937454223633,0.4548234585672617,Neutral
10166,2023-10-02 14:15:00,2023-10-02,14,Monday,user_165,Gaming,UK,AirAsia aborts deal to buy Indonesia's Batavia Air - Southeast Asia's top budget carrier AirAsia said Monday it has ...,airasia abort deal buy indonesia batavia air southeast asia top budget carrier airasia said monday,19,9,0.008943897671997547,0.9100383520126343,0.08101774752140045,0.0720738498494029,Neutral
10167,2023-10-02 14:26:00,2023-10-02,14,Monday,user_166,Sports,UK,"""Happy Birthday George, you cutie. Royals celebrate Prince George's 2nd birthday via @user",happy birthday george cutie royal celebrate prince george birthday via USER,0,0,0.0015059977304190397,0.011539333499968052,0.9869546294212341,0.9854486316908151,Positive
10168,2023-10-02 14:37:00,2023-10-02,14,Monday,user_167,News,Canada,"""Frank Gifford, dies at 84 - The Washington Post. I worked with Frank way back at Wide World of Sports. Class Act. RIP",frank gifford dy NUMBER washington post worked frank way back wide world sport class act rip,2,1,0.09677398949861526,0.5522844195365906,0.35094165802001953,0.25416766852140427,Neutral
10169,2023-10-02 14:48:00,2023-10-02,14,Monday,user_168,Tech,Global,Floyd Mayweather is heavy favourite to go 49-0 on the 12th. Bet on the fight here - #Boxing,floyd mayweather heavy favourite go NUMBER NUMBER bet fight boxing,42,13,0.00616496754810214,0.8718699812889099,0.12196499109268188,0.11580002354457974,Neutral
10170,2023-10-02 14:59:00,2023-10-02,14,Monday,user_169,Sports,US,@user @user I'm watching the red carpet for Nicki mostly. They're gonna air the show tomorrow night so I might go to bed after,USER USER watching red carpet nicki mostly gon na air show tomorrow night might go bed,23,6,0.004632160998880863,0.7227109670639038,0.2726569175720215,0.2680247565731406,Neutral
10171,2023-10-02 15:10:00,2023-10-02,15,Monday,user_170,Tech,Canada,"""Sumlin says he put Kyler Murray in for Kyle Allen during 1st half as a """"change of pace quarterback."""" That pace: Fast. Murray has some wheels""",sumlin say put kyler murray kyle allen half change pace quarterback pace fast murray wheel,3,1,0.005691356025636196,0.9032113552093506,0.09109727293252945,0.08540591690689325,Neutral
10172,2023-10-02 15:21:00,2023-10-02,15,Monday,user_171,Tech,Canada,My Friday: closet clean out\u002c furniture rearranging\u002c Al Green while taking a bath wrapping it all up with Downton Abbey. #lizlemon,friday closet clean furniture al green taking bath wrapping downton abbey lizlemon,3,1,0.013690546154975891,0.5790988802909851,0.4072105884552002,0.3935200423002243,Neutral
10173,2023-10-02 15:32:00,2023-10-02,15,Monday,user_172,Gaming,US,"""Happy birthday, Hank Williams. In honor if the Hank turning 88, we'll play 88 Hank songs in a row tonite @user #honkytonk""",happy birthday hank williams honor hank turning NUMBER play NUMBER hank song row tonite USER honkytonk,0,0,0.0014899253146722913,0.02933034859597683,0.9691796898841858,0.9676897645695135,Positive
10174,2023-10-02 15:43:00,2023-10-02,15,Monday,user_173,Sports,Canada,"Which is more interesting unveil tomorrow? $AAPL 6s, Ipad, TV or $TM new Prius? I'm going with Prius.",interesting unveil tomorrow aapl ipad tv tm new prius going prius,16,5,0.004292475525289774,0.14799751341342926,0.8477100729942322,0.8434175974689424,Positive
10175,2023-10-02 15:54:00,2023-10-02,15,Monday,user_174,Sports,US,Sitting 14th row for AC/DC tonight!! Let's go!,sitting row tonight let go,0,0,0.0013131183804944158,0.033715859055519104,0.9649710059165955,0.963657887536101,Positive
10176,2023-10-02 16:05:00,2023-10-02,16,Monday,user_175,Gaming,Global,"""Go Set a Watchman comes out tomorrow! Do you plan to read it? I have to reread TKAM first, but then I definitely...",go set watchman come tomorrow plan read reread tkam first definitely,4,3,0.005321229342371225,0.6093603372573853,0.38531842827796936,0.37999719893559813,Neutral
10177,2023-10-02 16:16:00,2023-10-02,16,Monday,user_176,News,UK,#RAW Aaaaaand Randy Orton becomes the 3rd person ever to pin Rusev. Whoever's booking Rusev should step down or resign.,raw aaaaaand randy orton becomes person ever pin rusev whoever booking rusev step resign,58,16,0.18625329434871674,0.7016533613204956,0.11209339648485184,-0.0741598978638649,Neutral
10178,2023-10-02 16:27:00,2023-10-02,16,Monday,user_177,Tech,Global,Something may be slightly amiss in the NFL when Tim Tebow &amp; Devon Still are cut &amp; Tom Brady is allowed to play.,something may slightly amiss nfl tim tebow amp devon still cut amp tom brady allowed play,0,0,0.5480262041091919,0.4368419051170349,0.015131873078644276,-0.5328943310305476,Negative
10179,2023-10-02 16:38:00,2023-10-02,16,Monday,user_178,General,UK,Shawn comes to Vegas the 18th or 19th &amp; I will go to the airport to meet him,shawn come vega amp go airport meet,34,11,0.003407633164897561,0.6486971974372864,0.3478951156139374,0.3444874824490398,Neutral
10180,2023-10-02 16:49:00,2023-10-02,16,Monday,user_179,Tech,US,@user I thought it was the football team at 1st until I scrolled down and saw Trey Burke. Lol,USER thought football team scrolled saw trey burke lol,80,23,0.03139662370085716,0.8109976053237915,0.15760576725006104,0.12620914354920387,Neutral
10181,2023-10-02 17:00:00,2023-10-02,17,Monday,user_180,Tech,UK,Muslims will assist Muslims into high positions in the UK.....I think we may be fucked guys.....,muslim assist muslim high position uk think may fucked guy,0,0,0.8111606240272522,0.17476844787597656,0.014070936478674412,-0.7970896875485778,Negative
10182,2023-10-02 17:11:00,2023-10-02,17,Monday,user_181,News,Global,@user Mate\u002c how are you lads enjoying Andy Carroll over there? Can we have him back in January? We\u2019re a bit desperate!,USER lad enjoying andy carroll back january bit desperate,17,10,0.37703433632850647,0.46846437454223633,0.15450124442577362,-0.22253309190273285,Neutral
10183,2023-10-02 17:22:00,2023-10-02,17,Monday,user_182,Tech,UK,A future Big Brother might be able to see you in the dark ..,future big brother might able see dark,8,3,0.1933872103691101,0.7458078861236572,0.06080494076013565,-0.13258226960897446,Neutral
10184,2023-10-02 17:33:00,2023-10-02,17,Monday,user_183,Gaming,US,I\u2019m going to Roger Sanchez at Factory in Toronto\u002c Canada - Dec 7,going roger sanchez factory canada dec NUMBER,31,11,0.007262179162353277,0.9502466320991516,0.04249126464128494,0.035229085478931665,Neutral
10185,2023-10-02 17:44:00,2023-10-02,17,Monday,user_184,Gaming,UK,During nap time I will: watch the end of Hart of Dixie\u002c set up Activity Corner for tomorrow\u002c & study more genetics stuff. #hotdiggitydog,nap time watch end hart set activity corner study genetics stuff hotdiggitydog,15,4,0.005866882391273975,0.8371118307113647,0.15702129900455475,0.15115441661328077,Neutral
10186,2023-10-02 17:55:00,2023-10-02,17,Monday,user_185,Sports,Canada,@user @user @user I get it. You're like the caster version of Chuck Norris. You're just waiting for @user Championship Sunday,USER USER USER get like caster version chuck norris waiting USER championship sunday,12,5,0.07087872922420502,0.6538504958152771,0.27527084946632385,0.20439212024211884,Neutral
10187,2023-10-02 18:06:00,2023-10-02,18,Monday,user_186,General,Global,"My little brother comes home with nike elite socks and jordans, when i was in 6th grade i got wilson socks and clearance shoes from Olympia",little brother come home nike elite sock jordan grade got wilson sock clearance shoe olympia,6,3,0.013473181053996086,0.4942725598812103,0.49225425720214844,0.47878107614815235,Neutral
10188,2023-10-02 18:17:00,2023-10-02,18,Monday,user_187,Tech,Canada,Rousey to fight former boxer - Mixed martial arts star Ronda Rousey said Friday she will face female boxer Holly H...,rousey fight former boxer mixed martial art star ronda rousey said friday face female boxer holly h,30,9,0.0033125542104244232,0.9487853646278381,0.04790206998586655,0.04458951577544212,Neutral
10189,2023-10-02 18:28:00,2023-10-02,18,Monday,user_188,Tech,US,"""Tomorrow at work, when people talk to me, I'm just going to slap my crotch and twerk in response. See if I get the same reaction Nicki did.""",tomorrow work people talk going slap crotch twerk response see get reaction nicki,15,6,0.20344819128513336,0.640850841999054,0.1557009518146515,-0.04774723947048187,Neutral
10190,2023-10-02 18:39:00,2023-10-02,18,Monday,user_189,News,UK,@user Maby cuz u are sooo good at bowling and they are now scared from u :p They got sick from u taking the 1st place everytime,USER maby cuz u sooo good bowling scared u p got sick u taking place everytime,9,3,0.13366515934467316,0.2396421730518341,0.6266926527023315,0.4930274933576584,Positive
10191,2023-10-02 18:50:00,2023-10-02,18,Monday,user_190,Gaming,Canada,BIG BANG CONCERT IS TOMORROW. OH MY LORD !! BOO HOO HOOOO )\u2019: *Cries all the 7 seas*,big bang concert tomorrow oh lord boo hoo hoooo cry NUMBER sea,31,10,0.009846444241702557,0.03778410702943802,0.9523694515228271,0.9425230072811246,Positive
10192,2023-10-02 19:01:00,2023-10-02,19,Monday,user_191,General,Canada,""" religious liberty"" is defined as religion that Bobby Jindal &amp; Huckabee approve of. Read the constitution!",religious liberty defined religion bobby jindal amp huckabee approve read constitution,3,1,0.5977690815925598,0.3771844804286957,0.02504638396203518,-0.5727226976305246,Negative
10193,2023-10-02 19:12:00,2023-10-02,19,Monday,user_192,Sports,UK,I don\u2019t doubt the 2nd coming will be in Jerusalem AND Missouri\u002c but when is it due?,doubt coming jerusalem due,0,0,0.18188686668872833,0.783915102481842,0.034198034554719925,-0.1476888321340084,Neutral
10194,2023-10-02 19:23:00,2023-10-02,19,Monday,user_193,Gaming,UK,tomorrow I am going to see Sam Smith live and it still is not real to me,tomorrow going see sam smith live still real,0,0,0.016404153779149055,0.2016744613647461,0.7819214463233948,0.7655172925442457,Positive
10195,2023-10-02 19:34:00,2023-10-02,19,Monday,user_194,Sports,Global,"""rehearsing for Nov 6 \""""""""@MlTTR0MNEY: just called Jim Leyland to congratulate New York Giants on their victorious baseball match #SFGChamps #p2""",rehearsing nov NUMBER USER called jim leyland congratulate new york giant victorious baseball match sfgchamps,3,2,0.002941153012216091,0.3365742266178131,0.6604846119880676,0.6575434589758515,Positive
10196,2023-10-02 19:45:00,2023-10-02,19,Monday,user_195,News,Canada,"""Bryan sophomore Mykenzi Greenler gets by a Redskins defender Wednesday in Port Clinton. The Golden Bears, the No....",bryan sophomore mykenzi greenler get redskin defender wednesday port clinton golden bear,1,1,0.03731994330883026,0.9325591921806335,0.03012091852724552,-0.00719902478158474,Neutral
10197,2023-10-02 19:56:00,2023-10-02,19,Monday,user_196,News,Canada,Josh Hamilton hits an RBI Double to give the Rangers a 4-2 lead in the 4th!! #Game106,josh hamilton hit rbi double give ranger NUMBER NUMBER lead,24,13,0.0023108110763132572,0.38807380199432373,0.6096153855323792,0.6073045744560659,Positive
10198,2023-10-02 20:07:00,2023-10-02,20,Monday,user_197,Tech,US,Happy 18th Birthday to my boy Kyle!! Very proud of him! I would definitely rate him in the top 4 of all my kids! @user,happy birthday boy kyle proud would definitely rate top NUMBER kid USER,0,0,0.0029390191193670034,0.006809146609157324,0.9902517795562744,0.9873127604369074,Positive
10199,2023-10-02 20:18:00,2023-10-02,20,Monday,user_198,General,Global,"""Best day and weekend trips from Seoul, by season: by Elizabeth EunThere's just so much to see in Seoul, it may t...",best day weekend trip seoul season elizabeth eunthere much see seoul may,18,6,0.003308249404653907,0.048195939511060715,0.9484958052635193,0.9451875558588654,Positive
10200,2023-10-02 20:29:00,2023-10-02,20,Monday,user_199,Sports,US,"Amazon Prime day is like going on the 3rd date with a gal, and when you finally get her panties off she got a dick!",amazon prime day like going date gal finally get panty got dick,3,1,0.7668734192848206,0.19609107077121735,0.037035491317510605,-0.72983792796731,Negative
10201,2023-10-02 20:40:00,2023-10-02,20,Monday,user_200,Gaming,Canada,"""Nolan Arenado, Kris Bryant, Manny Machado and Miguel Sano are gonna won the 3rd base spot for the next 5-10 seasons""",nolan arenado kris bryant manny machado miguel sano gon na base spot next NUMBER NUMBER season,28,10,0.004405525512993336,0.6421792507171631,0.35341519117355347,0.34900966566056013,Neutral
10202,2023-10-02 20:51:00,2023-10-02,20,Monday,user_201,News,US,"""December 5th could be the biggest UFC Card put together. Aldo &amp; McGregor, and Rousey as a co main event with her possibly fighting Cyborg.""",december could biggest ufc card put together aldo amp mcgregor rousey co main event possibly fighting cyborg,57,16,0.002298253821209073,0.2937032878398895,0.7039984464645386,0.7017001926433295,Positive
10203,2023-10-02 21:02:00,2023-10-02,21,Monday,user_202,Tech,Canada,"""Where's the sun mommy?"" ""It's asleep like you should be"" ""But Harper's a moon mommy"" Dammit kid.",sun mommy asleep like harper moon mommy dammit kid,11,3,0.44170325994491577,0.49873796105384827,0.05955881252884865,-0.3821444474160671,Neutral
10204,2023-10-02 21:13:00,2023-10-02,21,Monday,user_203,Tech,Canada,@user Im sure it will replay on NFL network tomorrow too.,USER im sure replay nfl network tomorrow,35,10,0.003623915370553732,0.7443457841873169,0.25203028321266174,0.248406367842108,Neutral
10205,2023-10-02 21:24:00,2023-10-02,21,Monday,user_204,Sports,US,iPhone 6s Launch: More Details Leak Ahead of Apple's September 9 Event: iPhone 6s launch on Wednesday is just ...,iphone launch detail leak ahead apple september NUMBER event iphone launch wednesday,0,0,0.003009237116202712,0.4312789738178253,0.5657117962837219,0.5627025591675192,Positive
10206,2023-10-02 21:35:00,2023-10-02,21,Monday,user_205,News,US,@user yep AC/DC tonight at Ford Field then on a plane Thursday to San Diego...,USER yep tonight ford field plane thursday san diego,22,8,0.0023814260493963957,0.39139237999916077,0.6062261462211609,0.6038447201717645,Positive
10207,2023-10-02 21:46:00,2023-10-02,21,Monday,user_206,General,UK,What an Amazing Halloween Weekend! A lot of Great costumes! Can\u2019t wait for the big night This Wednesday! Underworld at Cinema!,amazing halloween weekend lot great costume wait big night wednesday underworld cinema,2,1,0.002169594634324312,0.006155517417937517,0.9916749596595764,0.9895053650252521,Positive
10208,2023-10-02 21:57:00,2023-10-02,21,Monday,user_207,News,UK,he's 2nd for me behind Danny Elfman who does all of the Tim Burton movies. i love the whimsical music,behind danny elfman tim burton movie love whimsical music,18,11,0.0036605591885745525,0.02532244846224785,0.9710170030593872,0.9673564438708127,Positive
10209,2023-10-02 22:08:00,2023-10-02,22,Monday,user_208,Sports,UK,"@user Im gr8 jdog!Wouldnt say missing the gills,missing football! The eagles didnt have a good start eh? Have you done sun dream team?""",USER im jdog wouldnt say missing gill missing football eagle didnt good start eh done sun dream team,0,0,0.20472101867198944,0.36386027932167053,0.4314187169075012,0.22669769823551178,Positive
10210,2023-10-02 22:19:00,2023-10-02,22,Monday,user_209,Sports,Canada,Naruto is the 10th Nakama and would be the last Strawhat Crew. Just my opinion. Sorry.,naruto nakama would last strawhat crew opinion sorry,15,4,0.1408950239419937,0.7835873365402222,0.0755176842212677,-0.06537733972072601,Neutral
10211,2023-10-02 22:30:00,2023-10-02,22,Monday,user_210,News,US,Support CEO Keith Bradshaw as he spends a night sleeping at Adelaide Oval on THURSDAY raising money for the homeless,support ceo keith bradshaw spends night sleeping adelaide oval thursday raising money homeless,24,7,0.0057516442611813545,0.4485951364040375,0.545653223991394,0.5399015797302127,Positive
10212,2023-10-02 22:41:00,2023-10-02,22,Monday,user_211,Sports,Global,"@user @user yes, download avaiable 30 aug, but after can't play. waiting 1 sep . you read this in PS4 after finish download. good luck""",USER USER yes download avaiable NUMBER aug ca play waiting NUMBER sep read finish download good luck,2,1,0.24716274440288544,0.5833080410957336,0.16952913999557495,-0.07763360440731049,Neutral
10213,2023-10-02 22:52:00,2023-10-02,22,Monday,user_212,News,Canada,Social Media Week is right now! Can you tell I\u2019m excited? #SMWVAN I\u2019ll be at the @user event tomorrow\u002c see you there!,social medium week right tell excited smwvan USER event see,2,1,0.0012885357718914747,0.010883023031055927,0.9878284931182861,0.9865399573463947,Positive
10214,2023-10-02 23:03:00,2023-10-02,23,Monday,user_213,Gaming,Global,Rahul Gandhi the kid is planning jail bharo with all his supporters on 19 Dec. Great. The judge will have less trouble arriving at verdict.,rahul gandhi kid planning jail bharo supporter NUMBER great judge less trouble arriving verdict,0,0,0.22438859939575195,0.5058536529541016,0.2697577476501465,0.04536914825439453,Neutral
10215,2023-10-02 23:14:00,2023-10-02,23,Monday,user_214,News,US,Babe get your free trial I want to see Beyonce live and Flatbush! @user,babe get free trial want see beyonce live flatbush USER,1,1,0.015047556720674038,0.3184480369091034,0.6665043830871582,0.6514568263664842,Positive
10216,2023-10-02 23:25:00,2023-10-02,23,Monday,user_215,News,Canada,@user I'm literally struggling as we speak--I'm traveling in March and I listen to soooo much KPop that it's past time!,USER literally struggling speak traveling march listen soooo much kpop past time,9,4,0.43728509545326233,0.3250512182712555,0.23766374588012695,-0.19962134957313538,Negative
10217,2023-10-02 23:36:00,2023-10-02,23,Monday,user_216,Sports,Global,Did I just see what I think I did on @user Real Madrid signed a 7th old? #wow,see think USER real madrid signed old wow,0,0,0.07672175019979477,0.7069978713989258,0.21628040075302124,0.13955865055322647,Neutral
10218,2023-10-02 23:47:00,2023-10-02,23,Monday,user_217,Sports,Global,"Honestly, lack of 3rd party support should have been expected. its not the company's fault for not siding with Nintendo",honestly lack party support expected company fault siding nintendo,5,2,0.7922298908233643,0.19718727469444275,0.010582816787064075,-0.7816470740363002,Negative
10219,2023-10-02 23:58:00,2023-10-02,23,Monday,user_218,Tech,UK,Great sets as well by @user and @user We do it all again Sunday at Rock Im Park. @user @user,great set well USER USER sunday rock im park USER USER,0,0,0.0021335561759769917,0.016166534274816513,0.9816998839378357,0.9795663277618587,Positive
10220,2023-10-03 00:09:00,2023-10-03,0,Tuesday,user_219,Tech,UK,"I started #TheAmericans on Friday courtesy my vacationing cat-owning neighbors with Amazon Prime. Oops. Uh, I'm not paying Amazon myself.",started theamericans friday courtesy vacationing neighbor amazon prime oops uh paying amazon,22,8,0.37954622507095337,0.47035515308380127,0.15009863674640656,-0.22944758832454681,Neutral
10221,2023-10-03 00:20:00,2023-10-03,0,Tuesday,user_220,Gaming,UK,Next sunday I'm going to CiTY Nightclub just to hear @user play.,next sunday going city nightclub hear USER play,0,0,0.004262544214725494,0.6662322878837585,0.32950517535209656,0.32524263113737106,Neutral
10222,2023-10-03 00:31:00,2023-10-03,0,Tuesday,user_221,Tech,Canada,@user May you please show How To Rock from episode 1 and so on.....i cant blieve theres no more how to rock,USER may please show rock episode NUMBER cant blieve there rock,2,1,0.5553083419799805,0.37465745210647583,0.07003419101238251,-0.48527415096759796,Negative
10223,2023-10-03 00:42:00,2023-10-03,0,Tuesday,user_222,News,US,Dunkin tomorrow morning is@the only reason I'm getting out of bed,dunkin tomorrow morning USER reason getting bed,0,0,0.0248569305986166,0.30655673146247864,0.6685863137245178,0.6437293831259012,Positive
10224,2023-10-03 00:53:00,2023-10-03,0,Tuesday,user_223,Sports,US,The Kee to Bala just got Drizzy: Intimate concert in one of greatest venues with rapper @user this Saturday pm in #Muskoka's @user,kee bala got drizzy intimate concert one greatest venue rapper USER saturday pm muskoka USER,4,2,0.003015235997736454,0.3800666034221649,0.6169182062149048,0.6139029702171683,Positive
10225,2023-10-03 01:04:00,2023-10-03,1,Tuesday,user_224,Tech,UK,"@user May favorite one EVER on iOS is Harbaugh, it autocorrects to Garbage",USER may favorite one ever io harbaugh autocorrects garbage,23,9,0.22967812418937683,0.2560824751853943,0.5142394304275513,0.28456130623817444,Positive
10226,2023-10-03 01:15:00,2023-10-03,1,Tuesday,user_225,Tech,UK,Kevin said the race was like almost like a Sunday drive and he still beat Alonso and the Red Bulls lol,kevin said race like almost like sunday drive still beat alonso red bull lol,5,2,0.03192378953099251,0.5596322417259216,0.40844395756721497,0.37652016803622246,Neutral
10227,2023-10-03 01:26:00,2023-10-03,1,Tuesday,user_226,Gaming,UK,Now I kinda regret not going to Bolder on Friday. #fuckme,kinda regret going bolder friday fuckme,0,0,0.9140627384185791,0.07804962992668152,0.007887622341513634,-0.9061751160770655,Negative
10228,2023-10-03 01:37:00,2023-10-03,1,Tuesday,user_227,Gaming,Global,"""Nymburk shouldn't start any more games without floor spacers on the wing position. Need Simmons out there. Raivio 6th man, just fine..""",nymburk start game without floor spacers wing position need simmons raivio man fine,12,7,0.12633103132247925,0.7623350024223328,0.11133396625518799,-0.01499706506729126,Neutral
10229,2023-10-03 01:48:00,2023-10-03,1,Tuesday,user_228,News,UK,"""White: UFC not going to Dallas in December, Rousey's next fight in Vegas via @user",white ufc going dallas december rousey next fight vega via USER,26,7,0.03095727413892746,0.9509970545768738,0.01804567687213421,-0.012911597266793251,Neutral
10230,2023-10-03 01:59:00,2023-10-03,1,Tuesday,user_229,Sports,Global,@user just sent you a request off the app. I'll get my PS4 on the 15th,USER sent request app get,0,0,0.006057205609977245,0.8176717162132263,0.17627106606960297,0.17021386045962572,Neutral
10231,2023-10-03 02:10:00,2023-10-03,2,Tuesday,user_230,Gaming,US,"when I go to digi and get a pic with myles and jack G together both kidding my cheek, I may faint ... because that's my goal",go digi get pic myles jack g together kidding cheek may faint goal,16,7,0.045767463743686676,0.25379133224487305,0.7004412412643433,0.6546737775206566,Positive
10232,2023-10-03 02:21:00,2023-10-03,2,Tuesday,user_231,Tech,Canada,Anybody not taking the PSAT want to go to Original House of Pancakes tomorrow morning?,anybody taking psat want go original house pancake tomorrow morning,21,14,0.046548403799533844,0.900219202041626,0.053232405334711075,0.006684001535177231,Neutral
10233,2023-10-03 02:32:00,2023-10-03,2,Tuesday,user_232,Sports,Canada,Congratulations to 4th ranked WBO featherweight Orlando Cruz! 1st active boxer to come out of the closet. #courage,congratulation ranked wbo featherweight orlando cruz active boxer come closet courage,0,0,0.0018337604124099016,0.03490257263183594,0.9632636904716492,0.9614299300592393,Positive
10234,2023-10-03 02:43:00,2023-10-03,2,Tuesday,user_233,Sports,Canada,Lol @ when Frank Ocean decides to lowkey drop his album on Spotify and say it was released June 30th Shits fire tho,lol frank ocean decides lowkey drop album spotify say released june shit fire tho,19,7,0.011034970171749592,0.3094650208950043,0.6794999837875366,0.668465013615787,Positive
10235,2023-10-03 02:54:00,2023-10-03,2,Tuesday,user_234,Tech,Canada,MTV just played a music video. Heart Shaped Box by Nirvana. On a Saturday morning. That just happened!,mtv played music video heart shaped box nirvana saturday morning happened,16,6,0.004599998705089092,0.30309608578681946,0.6923038959503174,0.6877038972452283,Positive
10236,2023-10-03 03:05:00,2023-10-03,3,Tuesday,user_235,Gaming,Global,@user 25 March 1972: An IRA volunteer was killed when two IRA units engaged each other in error on the Springfield Road in Belfast.??,USER NUMBER march NUMBER ira volunteer killed two ira unit engaged error springfield road,5,3,0.8080959916114807,0.18732449412345886,0.0045794895850121975,-0.8035165020264685,Negative
10237,2023-10-03 03:16:00,2023-10-03,3,Tuesday,user_236,Tech,Global,Monday night RAW opens up with Paul Heyman and Brock Lesnar in the ring and Paul calling for a rematch. Live...,monday night raw open paul heyman brock lesnar ring paul calling rematch live,0,0,0.0030185647774487734,0.8876050710678101,0.10937641561031342,0.10635785083286464,Neutral
10238,2023-10-03 03:27:00,2023-10-03,3,Tuesday,user_237,Sports,UK,ENDS TOMORROW! Want to win $100 Visa + 5 copies of Paper Towns ? I just entered to win and you can too.,end tomorrow want win NUMBER visa NUMBER copy paper town entered win,0,0,0.0026795438025146723,0.24776209890842438,0.7495583891868591,0.7468788453843445,Positive
10239,2023-10-03 03:38:00,2023-10-03,3,Tuesday,user_238,General,Global,LEAVING ON SUNDAY... But I still have a Jason Aldean ticket for $30!!! Let me know if ya want it,leaving sunday still jason aldean ticket NUMBER let know ya want,30,9,0.003933704923838377,0.43850651383399963,0.5575598478317261,0.5536261429078877,Positive
10240,2023-10-03 03:49:00,2023-10-03,3,Tuesday,user_239,General,UK,This may be a fact!! RT @user Curtis painter will help the colts win their first game! U heard it here first!!!,may fact rt USER curtis painter help colt win first game u heard first,88,23,0.002736021066084504,0.07728920876979828,0.9199748039245605,0.917238782858476,Positive
10241,2023-10-03 04:00:00,2023-10-03,4,Tuesday,user_240,News,UK,@user hahahahha fair play see u tomorrow we can tell the time and listen to bob marley together???,USER hahahahha fair play see u tomorrow tell time listen bob marley together,11,5,0.0035670376382768154,0.12210553884506226,0.8743274807929993,0.8707604431547225,Positive
10242,2023-10-03 04:11:00,2023-10-03,4,Tuesday,user_241,Tech,Canada,@user fell asleep during Magic Mike XXL.....guess we are just gonna have to rewatch it tomorrow.....daaaarn,USER fell asleep magic mike xxl guess gon na rewatch tomorrow daaaarn,5,2,0.22235731780529022,0.6452580690383911,0.13238465785980225,-0.08997265994548798,Neutral
10243,2023-10-03 04:22:00,2023-10-03,4,Tuesday,user_242,Tech,Global,@user most if not all of the sept 11th terrorists were from saudi arabia. they are part of the problem.,USER sept terrorist saudi arabia part problem,12,5,0.9166404008865356,0.07910767197608948,0.0042519043199718,-0.9123884965665638,Negative
10244,2023-10-03 04:33:00,2023-10-03,4,Tuesday,user_243,News,Global,#RT The 3rd book in The Viking's Apprentice series has been released. Amazon users get it here #amreading,rt book viking apprentice series released amazon user get amreading,6,4,0.0027150958776474,0.5916802287101746,0.40560469031333923,0.40288959443569183,Neutral
10245,2023-10-03 04:44:00,2023-10-03,4,Tuesday,user_244,News,UK,@user we just confirmed Nipsey Hussle Dec. 29th @user Hall tix on sale Friday!,USER confirmed nipsey hussle USER hall tix sale friday,4,2,0.0021419492550194263,0.5808529257774353,0.41700509190559387,0.41486314265057445,Neutral
10246,2023-10-03 04:55:00,2023-10-03,4,Tuesday,user_245,News,UK,Iron Maiden tours video game history in 1st new single in five years. The graphics and feel of the games is so good,iron maiden tour video game history new single five year graphic feel game good,0,0,0.0024256675969809294,0.01787988469004631,0.9796944260597229,0.977268758462742,Positive
10247,2023-10-03 05:06:00,2023-10-03,5,Tuesday,user_246,Sports,US,Jets over spent on Decker and sat back like he was Aaron Rodgers,jet spent decker sat back like aaron rodgers,23,8,0.4776504337787628,0.491014689207077,0.03133487328886986,-0.44631556048989296,Neutral
10248,2023-10-03 05:17:00,2023-10-03,5,Tuesday,user_247,Tech,US,Caitlyn Jenner's a new member of the T community -she is working for true self acceptance let's welcome her!,caitlyn jenner new member community working true self acceptance let welcome,3,2,0.0034305306617170572,0.08446051180362701,0.9121090173721313,0.9086784867104143,Positive
10249,2023-10-03 05:28:00,2023-10-03,5,Tuesday,user_248,Sports,UK,"""Saturday movie reviews: """"Ant-man"""" is fun &amp; light while """"Woman in Gold"""" is tugs at the heart",saturday movie review fun amp light woman gold tug heart,28,8,0.05503953993320465,0.3324315845966339,0.6125288605690002,0.5574893206357956,Positive
10250,2023-10-03 05:39:00,2023-10-03,5,Tuesday,user_249,News,US,just sat in on Bruno Mars interviews,sat bruno mar interview,2,1,0.007322685793042183,0.7992926836013794,0.19338460266590118,0.186061916872859,Neutral
10251,2023-10-03 05:50:00,2023-10-03,5,Tuesday,user_250,Tech,US,I am gonna Meryl Streep the fuck out of this tomorrow,gon na meryl streep fuck tomorrow,0,0,0.383272260427475,0.30271756649017334,0.3140101730823517,-0.06926208734512329,Negative
10252,2023-10-03 06:01:00,2023-10-03,6,Tuesday,user_251,Sports,UK,"@user the Charlie Hebdo killers were French, so there's a high possibility these are French too. May as well just shoot everyone...""",USER charlie hebdo killer french high possibility french may well shoot everyone,0,0,0.7900902628898621,0.1979118138551712,0.011997933499515057,-0.778092329390347,Negative
10253,2023-10-03 06:12:00,2023-10-03,6,Tuesday,user_252,Sports,UK,@user my host moms company had a gala on Monday and all of the Jonas brothers were there ;),USER host mom company gala monday jonas brother,8,3,0.0016802840400487185,0.12559077143669128,0.8727289438247681,0.8710486597847193,Positive
10254,2023-10-03 06:23:00,2023-10-03,6,Tuesday,user_253,News,Global,If justin and shawn takes a picture tomorrow I will actually have it as my background picture till I die,justin shawn take picture tomorrow actually background picture till die,24,14,0.0689006894826889,0.45900195837020874,0.4720972776412964,0.4031965881586075,Positive
10255,2023-10-03 06:34:00,2023-10-03,6,Tuesday,user_254,Tech,UK,Vikings make sure you wear red tomorrow to show your Viking pride also at the game as well,viking make sure wear red tomorrow show viking pride also game well,0,0,0.004866001661866903,0.31299084424972534,0.6821431517601013,0.6772771500982344,Positive
10256,2023-10-03 06:45:00,2023-10-03,6,Tuesday,user_255,News,UK,Just caught the end of TFI Friday. Chris Evans is like the Harold Zidler of Wetherspoons.,caught end tfi friday chris evans like harold zidler wetherspoons,35,9,0.049618713557720184,0.4741734266281128,0.4762079119682312,0.426589198410511,Positive
10257,2023-10-03 06:56:00,2023-10-03,6,Tuesday,user_256,Tech,Canada,Sorry for no video on Minecraft yesterday. It literally JUST UPLOADED! That video will be up on monday and i think you will enjoy it! :),sorry video minecraft yesterday literally uploaded video monday think enjoy,6,3,0.00665114214643836,0.06979527324438095,0.9235536456108093,0.916902503464371,Positive
10258,2023-10-03 07:07:00,2023-10-03,7,Tuesday,user_257,General,Global,I really just found out that Kim Kardashian and Kanye had their 2nd baby like 10 days ago. Where the hell have I been? LMAO,really found kim kardashian kanye baby like NUMBER day ago hell lmao,31,8,0.2633153796195984,0.6133196949958801,0.12336496263742447,-0.13995041698217392,Neutral
10259,2023-10-03 07:18:00,2023-10-03,7,Tuesday,user_258,Gaming,Global,@user just saw it advertising in the telly that The Big Bang Theory starts on the 23rd of October! #yas #TBBT #newseries,USER saw advertising telly big bang theory start october yas tbbt newseries,2,1,0.0018289220752194524,0.15975989401340485,0.8384111523628235,0.836582230287604,Positive
10260,2023-10-03 07:29:00,2023-10-03,7,Tuesday,user_259,Gaming,Global,@user tbh this game is bunk...I just wanna watch Monday's game with Messi,USER tbh game bunk wan na watch monday game messi,16,9,0.5555163025856018,0.3910902440547943,0.05339350178837776,-0.502122800797224,Negative
10261,2023-10-03 07:40:00,2023-10-03,7,Tuesday,user_260,Gaming,Canada,High point. Ice Cube's son was the mvp of this movie. Whoever played Eazy should get 6th man of the year. Whoever casted Snoop shoot them.,high point ice cube son mvp movie whoever played eazy get man year whoever casted snoop shoot,12,7,0.041960928589105606,0.22466203570365906,0.7333769798278809,0.6914160512387753,Positive
10262,2023-10-03 07:51:00,2023-10-03,7,Tuesday,user_261,News,UK,Don't forget to support your 2nd fav team tonight boys & girls :))) haha Newcastle Utd v Bordeaux ESPN 8pm #toon,forget support fav team tonight boy girl haha newcastle utd v bordeaux espn toon,2,1,0.0011362150544300675,0.037562888115644455,0.9613009095191956,0.9601646944647655,Positive
10263,2023-10-03 08:02:00,2023-10-03,8,Tuesday,user_262,General,Global,"@user he promised to take me to Milan on Saturday but he didn't step up, hence why he's a fuckboy""",USER promised take milan saturday step hence fuckboy,0,0,0.896696925163269,0.09483201801776886,0.008471081033349037,-0.88822584412992,Negative
10264,2023-10-03 08:13:00,2023-10-03,8,Tuesday,user_263,Tech,Global,"""This Wednesday, beat the cold front @user with a celebration of George Harrison + The Beatles with Here Comes The Sun! Doors 7:30.""",wednesday beat cold front USER celebration george harrison beatles come sun door NUMBER NUMBER,25,10,0.0015894005773589015,0.14080631732940674,0.8576042652130127,0.8560148646356538,Positive
10265,2023-10-03 08:24:00,2023-10-03,8,Tuesday,user_264,Sports,US,@user @user @user @user :If she's like Michelle Obama that may not be true?,USER USER USER USER like michelle obama may true,39,16,0.21707305312156677,0.7583622932434082,0.0245645884424448,-0.19250846467912197,Neutral
10266,2023-10-03 08:35:00,2023-10-03,8,Tuesday,user_265,Tech,Global,Randy Orton may be leaving WWE if he doesn't get a part-time deal with them! #WWE,randy orton may leaving wwe get deal wwe,0,0,0.3448890447616577,0.6117979288101196,0.04331304132938385,-0.30157600343227386,Neutral
10267,2023-10-03 08:46:00,2023-10-03,8,Tuesday,user_266,Sports,UK,the fact that we are going to be Sophia grace and rosie at the studio on tuesday makes me soo happy! @user #accents #cuties,fact going sophia grace rosie studio tuesday make soo happy USER accent cuties,11,6,0.00161785539239645,0.008066197857260704,0.9903159737586975,0.9886981183663011,Positive
10268,2023-10-03 08:57:00,2023-10-03,8,Tuesday,user_267,Tech,UK,Little blurry but this is the crowd I play for every Thursday at Plan B with Madison\u2019s hottest DJ\u002c Brook Bartels,little blurry crowd play every thursday plan b hottest brook bartels,32,12,0.010193172842264175,0.6375963091850281,0.35221049189567566,0.3420173190534115,Neutral
10269,2023-10-03 09:08:00,2023-10-03,9,Tuesday,user_268,General,US,Friday the 13th The Series is on Amazon Prime. See you all Monday,friday series amazon prime see monday,16,9,0.0021962046157568693,0.38178589940071106,0.6160178184509277,0.6138216138351709,Positive
10270,2023-10-03 09:19:00,2023-10-03,9,Tuesday,user_269,Sports,Global,"I can't wait for Donald Trump to get elected president and then end the oath of office with ""live from New York, it's Saturday Night!""",ca wait donald trump get elected president end oath office live new york saturday night,57,16,0.013784368522465229,0.1003655344247818,0.8858500719070435,0.8720657033845782,Positive
10271,2023-10-03 09:30:00,2023-10-03,9,Tuesday,user_270,News,Global,"Ben Lederman may well end up being the first American to play for Barca but, for the time being, it sounds like he's heading to Florida.",ben lederman may well end first american play barca time sound like heading florida,16,7,0.01629532501101494,0.8865711092948914,0.09713362902402878,0.08083830401301384,Neutral
10272,2023-10-03 09:41:00,2023-10-03,9,Tuesday,user_271,Tech,Global,"""No more Denean, Camp Airy tomorrow to see my friends, Dashboard on Sunday with @user and lunch Saturday with @user Yessss.""",denean camp airy tomorrow see friend dashboard sunday USER lunch saturday USER yessss,4,2,0.04740222916007042,0.4245009124279022,0.5280968546867371,0.48069462552666664,Positive
10273,2023-10-03 09:52:00,2023-10-03,9,Tuesday,user_272,Tech,Canada,I'm going to orientation naked tomorrow,going orientation naked tomorrow,2,1,0.18063342571258545,0.6785557270050049,0.14081081748008728,-0.03982260823249817,Neutral
10274,2023-10-03 10:03:00,2023-10-03,10,Tuesday,user_273,Sports,Global,"""http://t.co/JJVDi4lW Wednesday's Featured Property of the Day is Knollwood Place Apartments, in...",URL wednesday featured property day knollwood place apartment,2,1,0.004209806676954031,0.932236909866333,0.0635533407330513,0.05934353405609727,Neutral
10275,2023-10-03 10:14:00,2023-10-03,10,Tuesday,user_274,News,UK,"""#80s #Move Alert: Start your Friday with a Bang... no a Boom, """"""""Baby Boom"""""""" is on @user family in 5min.",move alert start friday bang boom baby boom USER family,23,6,0.006083559710532427,0.346457302570343,0.6474591493606567,0.6413755896501243,Positive
10276,2023-10-03 10:25:00,2023-10-03,10,Tuesday,user_275,News,UK,Planned Parenthood admits it manipulates rules on fetal organ sales to maximize profit - Washington Times,planned parenthood admits manipulates rule fetal organ sale maximize profit washington time,17,6,0.6254289150238037,0.36258378624916077,0.011987264268100262,-0.6134416507557034,Negative
10277,2023-10-03 10:36:00,2023-10-03,10,Tuesday,user_276,General,Canada,"@user And it's like 1/10th as insane as it was in Dark Souls. I was like """"oh, is that all?"""" lol""",USER like NUMBER insane dark soul like oh lol,1,1,0.2123856246471405,0.3547554314136505,0.4328588843345642,0.2204732596874237,Positive
10278,2023-10-03 10:47:00,2023-10-03,10,Tuesday,user_277,News,Canada,1st time to watch PBA. Best Seat on the House!! Thanx sahia! =) @ SMART Araneta Coliseum,time watch pba best seat house thanx sahia smart araneta coliseum,30,10,0.0018646547105163336,0.010737210512161255,0.9873981475830078,0.9855334928724915,Positive
10279,2023-10-03 10:58:00,2023-10-03,10,Tuesday,user_278,News,Global,Van Halen and LL Cool J talk about Michael Jackson (LMJ May 3rd 2013) via @user,van halen cool j talk michael jackson lmj may NUMBER via USER,11,6,0.0026255326811224222,0.9245318174362183,0.07284271717071533,0.07021718448959291,Neutral
10280,2023-10-03 11:09:00,2023-10-03,11,Tuesday,user_279,News,US,"""MTA agent to me: \""""This card has been damanged since yesterday morning.\"""" Me: \""""But I used it last night.\"""" MTA: \""""No you didn't.\""""""",mta agent card damanged since yesterday used last mta,6,4,0.6880304217338562,0.2972034513950348,0.014766049571335316,-0.6732643721625209,Negative
10281,2023-10-03 11:20:00,2023-10-03,11,Tuesday,user_280,Gaming,Canada,Thank you @user @user May God bless and keep our friends and allies in Israel.,thank USER USER may god bless keep friend ally israel,11,3,0.004238066729158163,0.01802263781428337,0.9777392745018005,0.9735012077726424,Positive
10282,2023-10-03 11:31:00,2023-10-03,11,Tuesday,user_281,General,Canada,Followed by Friday up to Redcar to watch Sumer Stroll who if it stays dry will have a belting chance to notch another win. Ventura a danger,followed friday redcar watch sumer stroll stay dry belting chance notch another win ventura danger,10,3,0.023768216371536255,0.6275436282157898,0.34868812561035156,0.3249199092388153,Neutral
10283,2023-10-03 11:42:00,2023-10-03,11,Tuesday,user_282,Tech,Global,Going to be heading out tomorrow to check out the Earth Festival in Davis #ImNotAHippie,going heading tomorrow check earth festival davis imnotahippie,0,0,0.021341534331440926,0.754140317440033,0.22451815009117126,0.20317661575973034,Neutral
10284,2023-10-03 11:53:00,2023-10-03,11,Tuesday,user_283,Sports,Global,Danee better still match with me tomorrow .,danee better still match tomorrow,2,1,0.043869420886039734,0.6542717814445496,0.3018588125705719,0.25798939168453217,Neutral
10285,2023-10-03 12:04:00,2023-10-03,12,Tuesday,user_284,Tech,Canada,I still think they should have let Nicki continue what she was going to say rather then cut her off cuz it may hurt Miley's feelings,still think let nicki continue going say rather cut cuz may hurt miley feeling,0,0,0.3577594757080078,0.622170627117157,0.020069945603609085,-0.3376895301043987,Neutral
10286,2023-10-03 12:15:00,2023-10-03,12,Tuesday,user_285,General,US,"@user I smirked, I promise not to tease you about it tomorrow lol. Same, lots of Bad Blood though.""",USER smirked promise tease tomorrow lol lot bad blood though,0,0,0.06498069316148758,0.3209102749824524,0.6141090393066406,0.549128346145153,Positive
10287,2023-10-03 12:26:00,2023-10-03,12,Tuesday,user_286,Sports,Canada,School is over and it's Friday I love life,school friday love life,6,3,0.005260642617940903,0.025235002860426903,0.9695042967796326,0.9642436541616917,Positive
10288,2023-10-03 12:37:00,2023-10-03,12,Tuesday,user_287,General,Global,@user I keep 2 cells. 2nd one is the lovely Katbonn K9. Available for under 1.5k. Value for money. Feels like old Nokia. Solid battery.,USER keep NUMBER cell one lovely katbonn available NUMBER value money feel like old nokia solid battery,10,3,0.01054601650685072,0.13407789170742035,0.8553760647773743,0.8448300482705235,Positive
10289,2023-10-03 12:48:00,2023-10-03,12,Tuesday,user_288,News,Global,I went crazy when @user went on that run &amp; @user scored &amp; I was sat in the Milan end! #WhatANight,went crazy USER went run amp USER scored amp sat milan end whatanight,0,0,0.003632780397310853,0.03844062611460686,0.9579265713691711,0.9542937909718603,Positive
10290,2023-10-03 12:59:00,2023-10-03,12,Tuesday,user_289,Sports,Canada,Enjoy the 3rd day of Eid with great relish:),enjoy day eid great relish,24,7,0.002862894209101796,0.017421597614884377,0.9797154664993286,0.9768525722902268,Positive
10291,2023-10-03 13:10:00,2023-10-03,13,Tuesday,user_290,News,US,September 8: [More] Justin spotted out and about in New York...,september NUMBER justin spotted new york,3,1,0.0033951797522604465,0.8933833837509155,0.10322146862745285,0.0998262888751924,Neutral
10292,2023-10-03 13:21:00,2023-10-03,13,Tuesday,user_291,Tech,Canada,Downloading Duels for iPad now. Finally magic on the perfect device. I may never play MTGO again. #dotp2013,downloading duel ipad finally magic perfect device may never play mtgo,23,12,0.03604086488485336,0.12959904968738556,0.8343601226806641,0.7983192577958107,Positive
10293,2023-10-03 13:32:00,2023-10-03,13,Tuesday,user_292,Tech,Canada,@user may I have an industrial revolution code for my pre-order of Bioshock Infinite? I got one from the store but cant redeem.,USER may industrial revolution code bioshock infinite got one store cant redeem,47,17,0.3067665100097656,0.6469935774803162,0.04623986780643463,-0.260526642203331,Neutral
10294,2023-10-03 13:43:00,2023-10-03,13,Tuesday,user_293,Sports,Global,"@user """"would absolutely"""" Now you are coming on MAY 14th. I love you #MTVStars The Vamps",USER would absolutely coming may love mtvstars vamp,3,1,0.0027627311646938324,0.0232958123087883,0.9739413857460022,0.9711786545813084,Positive
10295,2023-10-03 13:54:00,2023-10-03,13,Tuesday,user_294,Sports,US,Cowboys game this sunday and I dont even like the cowboys lol,cowboy game sunday dont even like cowboy lol,6,3,0.9102700352668762,0.0802244246006012,0.009505636990070343,-0.9007643982768059,Negative
10296,2023-10-03 14:05:00,2023-10-03,14,Tuesday,user_295,General,UK,Hillary whacker @user rehashes the same article he wrote 6 weeks ago. NOT ONE new fact in Sept 7 piece.,hillary whacker USER rehash article wrote NUMBER week ago one new fact sept NUMBER piece,0,0,0.8740310072898865,0.11589549481868744,0.010073455981910229,-0.8639575513079762,Negative
10297,2023-10-03 14:16:00,2023-10-03,14,Tuesday,user_296,General,US,"I saw this during the 1st season of Game of Thrones, so it's not technically their 1st kiss #bb17",saw season game throne technically kiss,11,4,0.05454809591174126,0.8739349842071533,0.07151689380407333,0.016968797892332077,Neutral
10298,2023-10-03 14:27:00,2023-10-03,14,Tuesday,user_297,News,Canada,@user Bummed We don't get to see Arrow until Saturday because of the Chicago Bulls game.,USER bummed get see arrow saturday chicago bull game,7,4,0.868630588054657,0.12013083696365356,0.01123852375894785,-0.8573920642957091,Negative
10299,2023-10-03 14:38:00,2023-10-03,14,Tuesday,user_298,Sports,Canada,ALSO GOOD NEWS i'm going to go see Ant-Man tomorrow /twerktwerk,also good news going go see tomorrow,2,1,0.0013654525391757488,0.012482269667088985,0.9861522912979126,0.9847868387587368,Positive
10300,2023-10-03 14:49:00,2023-10-03,14,Tuesday,user_299,Tech,Canada,May or may not be getting ready to watch the very first season EVER of Big Brother. @user I'm so ready to see what Julie looks like!,may may getting ready watch first season ever big brother USER ready see julie look like,15,4,0.004217787180095911,0.06054973974823952,0.9352324604988098,0.9310146733187139,Positive
10301,2023-10-03 15:00:00,2023-10-03,15,Tuesday,user_300,General,US,why is Chris Bosh so fuckin\u2019 ugly -__- the world may never know.,chris bosh ugly world may never know,1,1,0.955074667930603,0.03954146429896355,0.005383947864174843,-0.9496907200664282,Negative
10302,2023-10-03 15:11:00,2023-10-03,15,Tuesday,user_301,General,Global,My heart hurts I really need to shawn when he goes on my bday to Texas in October I hope I find tickets some how:(,heart hurt really need shawn go bday texas october hope find ticket,0,0,0.5504121780395508,0.3081958591938019,0.14139191806316376,-0.409020259976387,Negative
10303,2023-10-03 15:22:00,2023-10-03,15,Tuesday,user_302,Tech,Canada,"""RT @user Sanchez didn't know Plax would sneak in for a play yesterday. \""""""""I wish I would have hit him,\"""""""" he said. Got pressured by D #nyj""",rt USER sanchez know plax would sneak play yesterday wish would hit said got pressured nyj,10,5,0.6725284457206726,0.3058442175388336,0.021627308800816536,-0.6509011369198561,Negative
10304,2023-10-03 15:33:00,2023-10-03,15,Tuesday,user_303,General,Canada,n VOW is likely to return from a midsummer break in the Prix de Royallieu at Longchamp on Saturday.: Trainer Wil...,n vow likely return midsummer break prix de royallieu longchamp saturday trainer wil,3,1,0.003663203213363886,0.9301373958587646,0.06619936972856522,0.06253616651520133,Neutral
10305,2023-10-03 15:44:00,2023-10-03,15,Tuesday,user_304,News,US,I saw Paper Towns on Friday with some friends and it was AMAZING! It might have been different from the book but I absolutely loved it!! :D,saw paper town friday friend amazing might different book absolutely loved,13,4,0.002633002121001482,0.007308090105652809,0.990058958530426,0.9874259564094245,Positive
10306,2023-10-03 15:55:00,2023-10-03,15,Tuesday,user_305,Sports,UK,@user June:) Isn't that the one with the outfits from Styled To Rock?,USER june one outfit styled rock,4,2,0.002337800106033683,0.3258954584598541,0.6717667579650879,0.6694289578590542,Positive
10307,2023-10-03 16:06:00,2023-10-03,16,Tuesday,user_306,Tech,UK,"""srsly tho, there has never ever been a pic in Kpop that made same impact on me - 1st time seeing it - as this cover",srsly tho never ever pic kpop made impact time seeing cover,46,20,0.13949908316135406,0.3229483366012573,0.5375525951385498,0.39805351197719574,Positive
10308,2023-10-03 16:17:00,2023-10-03,16,Tuesday,user_307,Sports,Global,Thursday is National Hot Dog Day! JE will be serving hot dogs to our staff &amp; raising $ for United Way of Manatee! How are you celebrating?,thursday national hot dog day je serving hot dog staff amp raising united way manatee celebrating,0,0,0.0010239812545478344,0.034577008336782455,0.9643990397453308,0.963375058490783,Positive
10309,2023-10-03 16:28:00,2023-10-03,16,Tuesday,user_308,General,Global,"So here I am, 00:30 in the morning sat looking for updates on the situation on Twitter and Madonna, material world comes on. Brilliant",NUMBER NUMBER morning sat looking update situation twitter madonna material world come brilliant,7,3,0.009032728150486946,0.14684642851352692,0.8441208600997925,0.8350881319493055,Positive
10310,2023-10-03 16:39:00,2023-10-03,16,Tuesday,user_309,General,Canada,Kris Bryant with his 15th HR of this season!!! #Cubs lead 3-2.,kris bryant hr season cub lead NUMBER NUMBER,16,5,0.0015401163836941123,0.1340758204460144,0.8643840551376343,0.8628439387539402,Positive
10311,2023-10-03 16:50:00,2023-10-03,16,Tuesday,user_310,Tech,US,#Fantasy Recommendation by @user :Jackie #Bradley Jr. While the Red Sox season may b... #Alarm,fantasy recommendation USER jackie bradley red sox season may b alarm,3,2,0.005438822787255049,0.9170442223548889,0.07751702517271042,0.07207820238545537,Neutral
10312,2023-10-03 17:01:00,2023-10-03,17,Tuesday,user_311,News,Canada,"""The mantra from Republicans to Democrats today is, 'if you don't like our plan, then where is your plan\""""The mantra from Republicans t...""",mantra republican democrat today like plan mantra republican,65,18,0.5632738471031189,0.4130721986293793,0.02365390956401825,-0.5396199375391006,Negative
10313,2023-10-03 17:12:00,2023-10-03,17,Tuesday,user_312,Gaming,Global,"""Live:Supreme Court approved the death warrant,Yakub will be hanged tomorrow at 7 am in Nagpur Jail@PranabMukherjee@PMNarendraModi""",live supreme court approved death warrant yakub hanged tomorrow NUMBER nagpur jail USER USER,19,6,0.2762514352798462,0.6919314861297607,0.031817078590393066,-0.24443435668945312,Neutral
10314,2023-10-03 17:23:00,2023-10-03,17,Tuesday,user_313,Tech,US,@user @user another center? Gagner is a good cheap 2nd line option that we can afford and keep the kids.,USER USER another center gagner good cheap line option afford keep kid,18,5,0.014197798445820808,0.5391095876693726,0.4466925859451294,0.4324947874993086,Neutral
10315,2023-10-03 17:34:00,2023-10-03,17,Tuesday,user_314,Gaming,US,explosive resistant passports!!! Charlie Hebdo shootings left ID card in the car. 9/11 plane hijacker's passports found. Paris c'mon.,explosive resistant passport charlie hebdo shooting left id card car NUMBER NUMBER plane hijacker passport found paris,12,7,0.7998772859573364,0.18472789227962494,0.015394844114780426,-0.784482441842556,Negative
10316,2023-10-03 17:45:00,2023-10-03,17,Tuesday,user_315,Gaming,Global,If you think Nicki's ass is more than 1/8th real you are fuuucked,think nicki as NUMBER real fuuucked,44,15,0.8179638385772705,0.16164499521255493,0.020391160622239113,-0.7975726779550314,Negative
10317,2023-10-03 17:56:00,2023-10-03,17,Tuesday,user_316,News,UK,"Rick Perry a certified moron - he's the real ""cancer"" to use his words - not Trump via @user",rick perry certified moron real cancer use word trump via USER,32,11,0.9178319573402405,0.07446345686912537,0.007704586256295443,-0.910127371083945,Negative
10318,2023-10-03 18:07:00,2023-10-03,18,Tuesday,user_317,Gaming,UK,"@user obama's goal is to lead us into 3rd world status, so you're absolutely right, \""""obama doesn't care\""""""",USER obama goal lead u world status absolutely right obama,14,6,0.9015367031097412,0.08905592560768127,0.009407456032931805,-0.8921292470768094,Negative
10319,2023-10-03 18:18:00,2023-10-03,18,Tuesday,user_318,Gaming,US,Biggest game of the match. Even bigger than the 3rd set tie-break. Murray simply had to hold. Please Andy.,biggest game match even bigger set murray simply hold please andy,15,6,0.009661766700446606,0.21433323621749878,0.7760050296783447,0.7663432629778981,Positive
10320,2023-10-03 18:29:00,2023-10-03,18,Tuesday,user_319,News,Canada,"@user is it just me or does \""""""""Danny\"""""""" seem a lot like Billy Crystal in the first 1/3rd of When Harry Met Sally?""",USER seem lot like billy crystal first NUMBER harry met sally,0,0,0.07081124931573868,0.8451808094978333,0.08400801569223404,0.013196766376495361,Neutral
10321,2023-10-03 18:40:00,2023-10-03,18,Tuesday,user_320,Gaming,UK,Yeah well done dickhead so the IRA and KKK are Muslim #narrowmindedprick,yeah well done dickhead ira kkk muslim narrowmindedprick,0,0,0.7775117754936218,0.1838318258523941,0.0386563204228878,-0.738855455070734,Negative
10322,2023-10-03 18:51:00,2023-10-03,18,Tuesday,user_321,Gaming,Canada,in other news I'm going to Disneyland tomorrow,news going disneyland tomorrow,11,4,0.0016342015005648136,0.050670474767684937,0.9476953744888306,0.9460611729882658,Positive
10323,2023-10-03 19:02:00,2023-10-03,19,Tuesday,user_322,Gaming,UK,Why would you not want to spend all Sunday at a Youth Soccer turnament? Mequon cup Baby. (4100 W Highland Road 128N),would want spend sunday youth soccer turnament mequon cup baby NUMBER w highland road,0,0,0.21814770996570587,0.7034413814544678,0.07841092348098755,-0.13973678648471832,Neutral
10324,2023-10-03 19:13:00,2023-10-03,19,Tuesday,user_323,Tech,UK,"""Dear Naked Cyclists, I will not support your campaign if you are putting your sweaty bits on Boris Bikes!",dear naked cyclist support campaign putting sweaty bit boris bike,9,3,0.8548762202262878,0.13219352066516876,0.01293023768812418,-0.8419459825381637,Negative
10325,2023-10-03 19:24:00,2023-10-03,19,Tuesday,user_324,Tech,Canada,We have just won our 1st match in the MYSA international girls tournament! Go girls go,match mysa international girl tournament go girl go,2,1,0.001385529525578022,0.023303495720028877,0.9753109812736511,0.9739254517480731,Positive
10326,2023-10-03 19:35:00,2023-10-03,19,Tuesday,user_325,Tech,Global,@user I know you're gonna rock the fan's tomorrow... why because you're Katy Perry #nocommet,USER know gon na rock fan tomorrow katy perry nocommet,3,2,0.0036135336849838495,0.02760682813823223,0.9687796831130981,0.9651661494281143,Positive
10327,2023-10-03 19:46:00,2023-10-03,19,Tuesday,user_326,News,UK,"""Entered the Cape Argus Pick n Pay Cycle Tour happening on Sun, 10 Mar 2013! 12th time, going for that elusive 3h30 with @user",entered cape argus pick n pay cycle tour happening sun NUMBER mar NUMBER time going elusive USER,27,7,0.0053873793222010136,0.6911877989768982,0.3034248650074005,0.2980374856851995,Neutral
10328,2023-10-03 19:57:00,2023-10-03,19,Tuesday,user_327,General,UK,National News - Oklahoma Wesleyan University Is Now the 2nd Christian College to Leave CCCU Over Hiring of Gay...,national news oklahoma wesleyan university christian college leave cccu hiring gay,54,14,0.21104422211647034,0.7676477432250977,0.02130802720785141,-0.18973619490861893,Neutral
10329,2023-10-03 20:08:00,2023-10-03,20,Tuesday,user_328,Gaming,Canada,"""Hopefully, Summersville or somewhere tomorrow with my girls. Or something. @user @user",hopefully summersville somewhere tomorrow girl something USER USER,0,0,0.0055006383918225765,0.39186328649520874,0.6026360988616943,0.5971354604698718,Positive
10330,2023-10-03 20:19:00,2023-10-03,20,Tuesday,user_329,Gaming,Global,MTSU takes a timeout. stops the play clock at :48. They are facing a 3rd down and 9. If they convert its over. If not there is a slim chance,mtsu take timeout stop play clock NUMBER facing NUMBER convert slim chance,5,3,0.11442249268293381,0.8316029906272888,0.053974494338035583,-0.060447998344898224,Neutral
10331,2023-10-03 20:30:00,2023-10-03,20,Tuesday,user_330,News,UK,"""Coldplay, One Republic, Maroon 5, Sam Smith, Ed Sheeran, Oasis, Owl City, Simple Plan, The Fray, Muse, Snow Patrol, Empire of the Sun..""",coldplay one republic maroon NUMBER sam smith ed sheeran oasis owl city simple plan fray muse snow patrol empire sun,33,10,0.005156307015568018,0.7557461857795715,0.23909752070903778,0.23394121369346976,Neutral
10332,2023-10-03 20:41:00,2023-10-03,20,Tuesday,user_331,Gaming,UK,Who\u2019s on First? 1st down & goal or Ready\u002c Set\u002c Debate? Who is big ratings winner tonight? - sadly The Bachelor would probably beat all,first goal debate big rating winner tonight sadly bachelor would probably beat,0,0,0.5306543707847595,0.4003782570362091,0.06896732747554779,-0.46168704330921173,Negative
10333,2023-10-03 20:52:00,2023-10-03,20,Tuesday,user_332,Tech,Global,"""Sept 8 las Vegas Hard Rock\u002c Randall \""""""""the KO King\"""""""" Bailey vs Devon Alexander. 37 year old Bailey looking good in his 4 win streak.""",sept NUMBER la vega hard randall ko bailey v devon alexander NUMBER year old bailey looking good NUMBER win streak,18,8,0.002111306181177497,0.21089030802249908,0.7869983911514282,0.7848870849702507,Positive
10334,2023-10-03 21:03:00,2023-10-03,21,Tuesday,user_333,General,UK,@user Happy 2nd Birthday Prince George hope you have a fun day x,USER happy birthday prince george hope fun day x,5,2,0.002694472437724471,0.009881367906928062,0.9874241948127747,0.9847297223750502,Positive
10335,2023-10-03 21:14:00,2023-10-03,21,Tuesday,user_334,Sports,Global,"""Paul McCartney played four Beatles songs for the first time ever on the 4th of May. If you could hear Paul play any song, which would it be?""",paul mccartney played four beatles song first time ever may could hear paul play song would,2,1,0.003929886966943741,0.6850714683532715,0.3109985888004303,0.30706870183348656,Neutral
10336,2023-10-03 21:25:00,2023-10-03,21,Tuesday,user_335,Gaming,Global,"""Going up St Andrews tomorrow to caddy Paul Dunne, he needs some advice from a pro""",going st andrew tomorrow caddy paul dunne need advice pro,52,18,0.04205147922039032,0.8763094544410706,0.08163908123970032,0.03958760201931,Neutral
10337,2023-10-03 21:36:00,2023-10-03,21,Tuesday,user_336,Tech,Canada,What Tomato and onion had done to BJP in Delhi\u002c LPG may do the same to Cong in the forthcoming elections...,tomato onion done bjp lpg may cong forthcoming election,2,1,0.3873567283153534,0.581016480922699,0.03162678703665733,-0.35572994127869606,Neutral
10338,2023-10-03 21:47:00,2023-10-03,21,Tuesday,user_337,Sports,US,Need to run to the bookstore to pick up a copy of Go Sat a Watchman by Paul Blart. #HappyReading,need run bookstore pick copy go sat watchman paul blart happyreading,15,5,0.005446459166705608,0.23354914784431458,0.7610043883323669,0.7555579291656613,Positive
10339,2023-10-03 21:58:00,2023-10-03,21,Tuesday,user_338,General,Global,"""Charlie Rose with Desmond Tutu; Bill Joy (October 5, 1999): The Archbishop of Cape Town, South Africa and Nobel ...",charlie rose desmond tutu bill joy october NUMBER NUMBER archbishop cape town south africa nobel,30,8,0.005822425242513418,0.9225088357925415,0.07166875898838043,0.06584633374586701,Neutral
10340,2023-10-03 22:09:00,2023-10-03,22,Tuesday,user_339,Sports,Canada,i wish i'd just gone and seen frank ocean in 7th or 8th grade bc i actually could've afforded it then :'-),wish gone seen frank ocean grade bc actually could afforded,0,0,0.014604870229959488,0.08296744525432587,0.9024277329444885,0.887822862714529,Positive
10341,2023-10-03 22:20:00,2023-10-03,22,Tuesday,user_340,Tech,US,@user Which Sunday is Women's Day?? and you get your shirt yet,USER sunday woman day get shirt yet,16,5,0.007976174354553223,0.9067898988723755,0.08523388206958771,0.07725770771503448,Neutral
10342,2023-10-03 22:31:00,2023-10-03,22,Tuesday,user_341,Sports,UK,@user what is going on young man! TEAMLTD misses seeing u on Monday's at The KEE for our 'casual' drinks. Catchup in Toronto soon,USER going young man teamltd miss seeing u monday kee casual drink catchup toronto soon,56,15,0.19103805720806122,0.5252100825309753,0.28375184535980225,0.09271378815174103,Neutral
10343,2023-10-03 22:42:00,2023-10-03,22,Tuesday,user_342,News,US,watching the VMAs tomorrow just so I can watch Nicki call Miley out on her dumb shit,watching vmas tomorrow watch nicki call miley dumb shit,0,0,0.2209809124469757,0.5275365710258484,0.2514825165271759,0.030501604080200195,Neutral
10344,2023-10-03 22:53:00,2023-10-03,22,Tuesday,user_343,Sports,Global,"""Report about Sunanda's death inconclusive: Police: New Delhi, Oct 10 : Delhi Police said Friday the forensic e...",report sunanda death inconclusive police new delhi oct NUMBER delhi police said friday forensic e,28,11,0.43926382064819336,0.5498709678649902,0.01086517795920372,-0.42839864268898964,Neutral
10345,2023-10-03 23:04:00,2023-10-03,23,Tuesday,user_344,Gaming,Global,"@user First Triforce Heroes, then Twilight Princess HD, and then TLOZ Wii U for the 30th anniversary!""",USER first triforce hero twilight princess hd tloz wii u anniversary,12,4,0.002972704591229558,0.39345043897628784,0.6035768985748291,0.6006041939835995,Positive
10346,2023-10-03 23:15:00,2023-10-03,23,Tuesday,user_345,Gaming,Global,always pull the gay card cause some exgirlfriends are fucking nuts 4th one in a week,always pull gay card cause exgirlfriends fucking nut one week,11,4,0.9349704384803772,0.05982198566198349,0.005207621958106756,-0.9297628165222704,Negative
10347,2023-10-03 23:26:00,2023-10-03,23,Tuesday,user_346,News,Global,Getting off the comp early tonight- going to watch my new Elvis Presley DVD that came today. :),getting comp early going watch new elvis presley dvd came today,14,4,0.001442978624254465,0.08783047646284103,0.9107264876365662,0.9092835090123117,Positive
10348,2023-10-03 23:37:00,2023-10-03,23,Tuesday,user_347,Tech,Global,Any1 interested in @user tickets 4 the NIA on the 8th of nov? BLOCK B ROW 13 face value. Inbox me,interested USER ticket NUMBER nia nov block b row NUMBER face value inbox,2,1,0.0077373734675347805,0.864869236946106,0.1273934245109558,0.11965605104342103,Neutral
10349,2023-10-03 23:48:00,2023-10-03,23,Tuesday,user_348,Gaming,Canada,This Friday is the deadline to get your applications in for the Pride Parade! You can email them to...,friday deadline get application pride parade email,51,13,0.004665992688387632,0.6701990365982056,0.3251350224018097,0.32046902971342206,Neutral
10350,2023-10-03 23:59:00,2023-10-03,23,Tuesday,user_349,General,Global,"""At the VMAs, Kanye West Enlivens A Show Built Around Old Narratives TIME-8 hours ago",vmas kanye west enlivens show built around old narrative NUMBER hour ago,23,14,0.03011254407465458,0.9259033203125,0.04398413375020027,0.013871589675545692,Neutral
10351,2023-10-04 00:10:00,2023-10-04,0,Wednesday,user_350,Gaming,Canada,We should have listened to Zayn about the 21st of August,listened zayn august,6,4,0.03686732426285744,0.8593727350234985,0.10375985503196716,0.06689253076910973,Neutral
10352,2023-10-04 00:21:00,2023-10-04,0,Wednesday,user_351,Gaming,UK,@user going to wear my Kenny Lofton '7' shirt to work tomorrow to celebrate the ballot. Psyched! #HOF #LEGEND #GOTRIBE #KENNYLOFTON,USER going wear kenny lofton NUMBER shirt work tomorrow celebrate ballot psyched hof legend gotribe kennylofton,21,7,0.0018444934394210577,0.03867832571268082,0.9594771265983582,0.9576326331589371,Positive
10353,2023-10-04 00:32:00,2023-10-04,0,Wednesday,user_352,Tech,Global,I may not be your John Legend to give you All of Me but I will be your Ed Sheeran to love you 'till we're seventy.,may john legend give ed sheeran love till seventy,8,4,0.011620696634054184,0.1869949996471405,0.8013843297958374,0.7897636331617832,Positive
10354,2023-10-04 00:43:00,2023-10-04,0,Wednesday,user_353,Sports,Global,Love taking a youtube break next day HD TV will be here and Saturday will be a BEAST VID,love taking youtube break next day hd tv saturday beast vid,6,3,0.004890078213065863,0.03376075625419617,0.9613491892814636,0.9564591110683978,Positive
10355,2023-10-04 00:54:00,2023-10-04,0,Wednesday,user_354,Gaming,US,Is about to go see The Help!! Can't wait for Final Destination 5 on Friday!!,go see help ca wait final destination NUMBER friday,11,5,0.001813145587220788,0.011743458919227123,0.9864434003829956,0.9846302547957748,Positive
10356,2023-10-04 01:05:00,2023-10-04,1,Wednesday,user_355,News,UK,Niall mentioned San Diego and that's all you really need to know.,niall mentioned san diego really need know,8,4,0.02302720583975315,0.8358697295188904,0.14110304415225983,0.11807583831250668,Neutral
10357,2023-10-04 01:16:00,2023-10-04,1,Wednesday,user_356,Sports,Global,@user Is Milton Keynes going to be dry on Saturday night Alex? Big gig outdoors watching the mighty Foo Fighters #nobrollies,USER milton keynes going dry saturday night alex big gig outdoors watching mighty foo fighter nobrollies,6,4,0.006235321518033743,0.33035004138946533,0.6634146571159363,0.6571793355979025,Positive
10358,2023-10-04 01:27:00,2023-10-04,1,Wednesday,user_357,General,Global,My new sounds: Thank God it's Friday (Prod. By Oracle. Mastered by Stix 'n' Snarez) on #SoundCloud,new sound thank god friday prod oracle mastered stix snarez soundcloud,27,7,0.0015581337502226233,0.05267768353223801,0.9457642436027527,0.9442061098525301,Positive
10359,2023-10-04 01:38:00,2023-10-04,1,Wednesday,user_358,Tech,UK,Josh's T-shirt for Star Wars day in school on Friday.,josh star war day school friday,6,3,0.002718152478337288,0.45887860655784607,0.5384031534194946,0.5356850009411573,Positive
10360,2023-10-04 01:49:00,2023-10-04,1,Wednesday,user_359,General,Canada,Rank Among 1st page of Google in 2 weeks with your Website ! SEO - Full read by eBay,rank among page google NUMBER week website seo full read ebay,0,0,0.008525418117642403,0.44824185967445374,0.5432326793670654,0.534707261249423,Positive
10361,2023-10-04 02:00:00,2023-10-04,2,Wednesday,user_360,Sports,Global,"""Uncover the Eternal City! Return flights to Rome travel on the 21st January, for 3 nights Augustea, 3 star Hotel...",uncover eternal city return flight rome travel january NUMBER night augustea NUMBER star hotel,0,0,0.003185438457876444,0.739465057849884,0.25734949111938477,0.2541640526615083,Neutral
10362,2023-10-04 02:11:00,2023-10-04,2,Wednesday,user_361,Sports,US,Hillary gets emotional over talking about her mother - tomorrow #MorningJoe will call her a fake. @user,hillary get emotional talking mother tomorrow morningjoe call fake USER,7,2,0.8883079290390015,0.10445677489042282,0.0072353556752204895,-0.881072573363781,Negative
10363,2023-10-04 02:22:00,2023-10-04,2,Wednesday,user_362,Sports,Global,@user @user I thought it may have been about John Cena,USER USER thought may john cena,9,6,0.014672980643808842,0.9315003752708435,0.053826674818992615,0.03915369417518377,Neutral
10364,2023-10-04 02:33:00,2023-10-04,2,Wednesday,user_363,General,US,Can you believe that The Salvation Army in Goshen is already working on Pancake Day (November 16) and Christmas...,believe salvation army goshen already working pancake day november NUMBER christmas,14,4,0.038853373378515244,0.7244879007339478,0.2366587072610855,0.19780533388257027,Neutral
10365,2023-10-04 02:44:00,2023-10-04,2,Wednesday,user_364,Sports,US,Rick stein has set up his camp in spain - according to saturday kitchen. State the obvious why dont you :-),rick stein set camp spain according saturday kitchen state obvious dont,14,5,0.0373198427259922,0.7510961294174194,0.21158407628536224,0.17426423355937004,Neutral
10366,2023-10-04 02:55:00,2023-10-04,2,Wednesday,user_365,General,Global,Going on me hols tomoz so a break on my Sunday routine. I'll be saving the Nirvana ep of @user til Monday at the poolside.,going hols tomoz break sunday routine saving nirvana ep USER til monday poolside,9,3,0.00783260352909565,0.682295560836792,0.3098718523979187,0.30203924886882305,Neutral
10367,2023-10-04 03:06:00,2023-10-04,3,Wednesday,user_366,Sports,Global,Self: Tis July 16 already. So proud of you for not falling for the Amazon Prime Day sale gimmick! Other self: D'oh!,self ti july NUMBER already proud falling amazon prime day sale gimmick self,12,4,0.021274492144584656,0.10784118622541428,0.870884358882904,0.8496098667383194,Positive
10368,2023-10-04 03:17:00,2023-10-04,3,Wednesday,user_367,News,US,"""Timezones outside of Canada seem to confuse me, but I'm cheering for Tonga in tomorrow's #RWC opener. At least, I think it's tomorrow.""",timezones outside canada seem confuse cheering tonga tomorrow rwc opener least think tomorrow,3,1,0.04561486467719078,0.39833950996398926,0.556045651435852,0.5104307867586613,Positive
10369,2023-10-04 03:28:00,2023-10-04,3,Wednesday,user_368,Sports,UK,my friend is gonna see frank ocean tomorrow and Kanye the day after yall Imma go cry,friend gon na see frank ocean tomorrow kanye day yall imma go cry,7,3,0.10336810350418091,0.41234520077705383,0.4842866361141205,0.3809185326099396,Positive
10370,2023-10-04 03:39:00,2023-10-04,3,Wednesday,user_369,General,UK,"Sarah Palin tore into ESPN on Thursday night, calling the network ""whimpering"" and ""intolerant"" for suspending baseball analyst Curt",sarah palin tore espn thursday night calling network whimpering intolerant suspending baseball analyst curt,19,6,0.7853698134422302,0.2052312195301056,0.009398981928825378,-0.7759708315134048,Negative
10371,2023-10-04 03:50:00,2023-10-04,3,Wednesday,user_370,Gaming,Global,"@user ISIS etc, yes. But don't forget that without Islam in Europe the renaissance and our own freedoms may never have happened..,""",USER isi etc yes forget without islam europe renaissance freedom may never happened,28,10,0.5772262811660767,0.3881472647190094,0.03462645784020424,-0.5425998233258724,Negative
10372,2023-10-04 04:01:00,2023-10-04,4,Wednesday,user_371,Sports,Canada,"""MYSA has closed the Laurel Point fields, due to the weather conditions. All sessions there on Monday are canceled. :(""",mysa closed laurel point field due weather condition session monday canceled,6,2,0.8792116641998291,0.11526213586330414,0.005526186898350716,-0.8736854773014784,Negative
10373,2023-10-04 04:12:00,2023-10-04,4,Wednesday,user_372,Gaming,UK,Hey @user is you could keep it down while Mastodon plays tomorrow at Bluesfest that would be the best. Thank you for your time.,hey USER could keep mastodon play tomorrow bluesfest would best thank time,0,0,0.0034629013389348984,0.037066176533699036,0.9594708681106567,0.9560079667717218,Positive
10374,2023-10-04 04:23:00,2023-10-04,4,Wednesday,user_373,News,Global,Plant City is babysitting NYC palm trees for the winter. Crap like this cracks me up!,plant city babysitting nyc palm tree winter crap like crack,0,0,0.08792624622583389,0.28212305903434753,0.6299507021903992,0.5420244559645653,Positive
10375,2023-10-04 04:34:00,2023-10-04,4,Wednesday,user_374,Tech,UK,Caitlyn Jenner May Face Manslaughter Chargesk!!! the whole story:,caitlyn jenner may face manslaughter chargesk whole story,0,0,0.24157722294330597,0.7382586002349854,0.02016424760222435,-0.22141297534108162,Neutral
10376,2023-10-04 04:45:00,2023-10-04,4,Wednesday,user_375,News,Canada,Listening Bear McCreary Battlestar Galactica\u2019 OST makes me wanna see this amazing tvshow again. One day I\u2019ll see it for the 4th time :P #bsg,listening bear mccreary battlestar ost make wan na see amazing tvshow one day see time p bsg,8,5,0.003133624792098999,0.018400633707642555,0.978465735912323,0.975332111120224,Positive
10377,2023-10-04 04:56:00,2023-10-04,4,Wednesday,user_376,Sports,Global,Check out this great article about our upcoming WARRIOR FUN RUN/WALK on Oct 20 and other KPC activities in The Gazette!,check great article upcoming warrior fun oct NUMBER kpc activity gazette,3,2,0.0011606145417317748,0.037776246666908264,0.9610631465911865,0.9599025320494547,Positive
10378,2023-10-04 05:07:00,2023-10-04,5,Wednesday,user_377,Gaming,Canada,Albion write off Nottingham loss: Plymouth Albion winger Jack Arnott says the club will 'write off' Saturday's 3...,albion write nottingham loss plymouth albion winger jack arnott say club write saturday NUMBER,4,3,0.08436553180217743,0.8973188996315002,0.018315667286515236,-0.0660498645156622,Neutral
10379,2023-10-04 05:18:00,2023-10-04,5,Wednesday,user_378,Gaming,Global,"""Dustin Pedroia returns to the Red Sox lineup...out since July 22nd...""""Win every game the rest of the way we're in.""""...A 29 game win streak?""",dustin pedroia return red sox lineup since july win every game rest way NUMBER game win streak,7,3,0.004901849664747715,0.642263650894165,0.3528345227241516,0.3479326730594039,Neutral
10380,2023-10-04 05:29:00,2023-10-04,5,Wednesday,user_379,General,Canada,"""RT @user @user wow, you're the reason why 2 topics trended worldwide today. Someone ought to be a happy little owl bunny toniiiight!""",rt USER USER wow reason NUMBER topic trended worldwide today someone ought happy little owl bunny toniiiight,0,0,0.003447887720540166,0.01876087300479412,0.9777912497520447,0.9743433620315045,Positive
10381,2023-10-04 05:40:00,2023-10-04,5,Wednesday,user_380,Gaming,UK,And with Serena's 11th ace she wins the match vs her sister Venus,serena ace win match v sister venus,3,2,0.0030933436937630177,0.42373350262641907,0.5731731653213501,0.5700798216275871,Positive
10382,2023-10-04 05:51:00,2023-10-04,5,Wednesday,user_381,General,UK,@user I fux wit yo 3rd choice but Gifted Hands (the Ben Carson story) and Alex Haley\u2019s autobiography of Malcolm X my top 2,USER fux wit yo choice gifted hand ben carson story alex autobiography malcolm x top NUMBER,1,1,0.03137567639350891,0.5141571164131165,0.4544672667980194,0.4230915904045105,Neutral
10383,2023-10-04 06:02:00,2023-10-04,6,Wednesday,user_382,Tech,Canada,Sulli is my 1st bias the one who brought me into Kpop. I will miss seeing her in F(x) &amp; I will still support her.,sulli bias one brought kpop miss seeing f x amp still support,7,2,0.006763871759176254,0.07254209369421005,0.9206939935684204,0.9139301218092442,Positive
10384,2023-10-04 06:13:00,2023-10-04,6,Wednesday,user_383,Sports,Canada,Whoever replies 1st with the correct answer wins 4 tickets for Sesame Street Live\u002c Sat 10:30am performance at Rupp\u002c and an Elmo plush doll.,whoever reply correct answer win NUMBER ticket sesame street sat NUMBER performance elmo plush doll,3,1,0.0036377059295773506,0.49326518177986145,0.5030971169471741,0.4994594110175967,Positive
10385,2023-10-04 06:24:00,2023-10-04,6,Wednesday,user_384,General,Canada,"@user @user @user miss 11yo loves 13th street, BBC crime, etc, news hasn't had an impact yet - she still listens to me",USER USER USER miss love street bbc crime etc news impact yet still listens,31,9,0.013062164187431335,0.2066708654165268,0.7802669405937195,0.7672047764062881,Positive
10386,2023-10-04 06:35:00,2023-10-04,6,Wednesday,user_385,Tech,Global,This is only the 4th time wearing my Concords,time wearing concord,0,0,0.03241642192006111,0.7910118699073792,0.17657174170017242,0.1441553197801113,Neutral
10387,2023-10-04 06:46:00,2023-10-04,6,Wednesday,user_386,Gaming,UK,Fuck it\u002c might go see Reggie tomorrow ...,fuck might go see reggie tomorrow,52,16,0.9280351400375366,0.06435193121433258,0.007612873334437609,-0.920422266703099,Negative
10388,2023-10-04 06:57:00,2023-10-04,6,Wednesday,user_387,Gaming,Global,@user around what time on Thursday does kissanime upload the new Naruto episode,USER around time thursday kissanime upload new naruto episode,3,2,0.005635563749819994,0.9457192420959473,0.048645228147506714,0.04300966439768672,Neutral
10389,2023-10-04 07:08:00,2023-10-04,7,Wednesday,user_388,Tech,UK,&amp; then Foo Fighters Sunday ...this one is so excited he'll prob poo his pants @user,amp foo fighter sunday one excited prob poo pant USER,22,9,0.0026623473968356848,0.017763834446668625,0.9795738458633423,0.9769114984665066,Positive
10390,2023-10-04 07:19:00,2023-10-04,7,Wednesday,user_389,Gaming,US,Harry's touched both lima and niall's dicks(in public) i think he keeps forgetting about the 4th member,harry touched lima niall dick public think keep forgetting member,13,4,0.24438877403736115,0.6975376605987549,0.058073583990335464,-0.18631519004702568,Neutral
10391,2023-10-04 07:30:00,2023-10-04,7,Wednesday,user_390,Tech,Global,ESPN's Chris Mortensen reported that the #Browns fear SLB Scott Fujita's career may be over due to a neck injury. @user,espn chris mortensen reported brown fear slb scott fujita career may due neck injury USER,13,6,0.32489481568336487,0.6650519967079163,0.010053214617073536,-0.31484160106629133,Neutral
10392,2023-10-04 07:41:00,2023-10-04,7,Wednesday,user_391,General,UK,Wtf?.. They got caught in the act! #LiesPeopleAlwaysTell That Pole National Margarita Day Ash Wednesday,wtf got caught act liespeoplealwaystell pole national margarita day ash wednesday,22,7,0.8802711963653564,0.106509268283844,0.013219489715993404,-0.867051706649363,Negative
10393,2023-10-04 07:52:00,2023-10-04,7,Wednesday,user_392,General,UK,"@user hun i am going to Dublin in march, if you do a tour, do not come to Italy (Milan) during the period from the 11th to the 20th pls""",USER hun going dublin march tour come italy milan period pls,4,3,0.18732230365276337,0.7679751515388489,0.044702526181936264,-0.1426197774708271,Neutral
10394,2023-10-04 08:03:00,2023-10-04,8,Wednesday,user_393,Tech,Global,GUYS... GUYS.... Sunday is the VMAs. I recommend you unfollow me now if you don't want tweets about Katy Perry's awesomeness in your feed.,guy guy sunday vmas recommend unfollow want tweet katy perry awesomeness feed,6,3,0.24416303634643555,0.302458256483078,0.4533787667751312,0.20921573042869568,Positive
10395,2023-10-04 08:14:00,2023-10-04,8,Wednesday,user_394,General,Global,@user @user rad! i leave for israel thursday. i'll get it on kindle. when was warfield around?,USER USER rad leave israel thursday get kindle warfield around,8,3,0.0019297850085422397,0.0865725576877594,0.9114977121353149,0.9095679271267727,Positive
10396,2023-10-04 08:25:00,2023-10-04,8,Wednesday,user_395,General,UK,"""ANKARA, Dec 28 (Reuters) - Turkey sees no normalisation in ties with Israel unless its conditions for ending the Gaza blockade and""",ankara dec NUMBER reuters turkey see normalisation tie israel unless condition ending gaza blockade,12,4,0.432475745677948,0.5546104907989502,0.012913822196424007,-0.419561923481524,Neutral
10397,2023-10-04 08:36:00,2023-10-04,8,Wednesday,user_396,General,Global,"@user Yes, and Cruz is scheming to shut down the gov't in Nov. over Planned Parenthood funding.",USER yes cruz scheming shut planned parenthood funding,0,0,0.7093580365180969,0.2781471014022827,0.012494772672653198,-0.6968632638454437,Negative
10398,2023-10-04 08:47:00,2023-10-04,8,Wednesday,user_397,News,Canada,August 5th is Work Like a Dog Day. Because sometimes you just have to do what you have to do. Jay-Z said it well: can't knock the hustle!...,august work like dog day sometimes said well ca knock hustle,6,2,0.020253527909517288,0.20026028156280518,0.7794861793518066,0.7592326514422894,Positive
10399,2023-10-04 08:58:00,2023-10-04,8,Wednesday,user_398,Sports,Global,Favourite this tweet if you want Seth Rollins to wins or retweet if you want john cena to win tomorrow nigh on summerslam. Follow for cena.,favourite tweet want seth rollins win retweet want john cena win tomorrow nigh summerslam follow cena,6,4,0.00468708761036396,0.49231597781181335,0.5029969811439514,0.49830989353358746,Positive
10400,2023-10-04 09:09:00,2023-10-04,9,Wednesday,user_399,Gaming,Global,"""Moving in tomorrow. Go Tesco near me... And all the takeaways, bars and DMU gym is like just there. No more excuses for me tho. #TeamGetFit""",moving tomorrow go tesco near takeaway bar dmu gym like excuse tho teamgetfit,7,4,0.04708502069115639,0.4344729483127594,0.5184420347213745,0.4713570140302181,Positive
10401,2023-10-04 09:20:00,2023-10-04,9,Wednesday,user_400,News,Global,Caitlyn Jenner opens up about fatal car crash: Jenner's interview with Lauer on Wednesday &amp; Thursday.,caitlyn jenner open fatal car crash jenner interview lauer wednesday amp thursday,25,7,0.06492240726947784,0.9106171727180481,0.024460429325699806,-0.04046197794377804,Neutral
10402,2023-10-04 09:31:00,2023-10-04,9,Wednesday,user_401,General,UK,Analyst suggests this may be the last big iPhone launch - with @user via @user #AppleEvent,analyst suggests may last big iphone launch USER via USER appleevent,16,5,0.004425221122801304,0.6722202897071838,0.3233545124530792,0.3189292913302779,Neutral
10403,2023-10-04 09:42:00,2023-10-04,9,Wednesday,user_402,Tech,Canada,@user who Yakub was Innocent?? Good bhai.. May be you must vr judge..,USER yakub innocent good bhai may must vr judge,42,24,0.06199832260608673,0.7229729294776917,0.2150288075208664,0.15303048491477966,Neutral
10404,2023-10-04 09:53:00,2023-10-04,9,Wednesday,user_403,General,US,"@user they haven't do that right after the February attacks, against Charlie Hebdo do you remember ?""",USER right february attack charlie hebdo remember,3,1,0.5237882137298584,0.4641673266887665,0.012044456787407398,-0.511743756942451,Negative
10405,2023-10-04 10:04:00,2023-10-04,10,Wednesday,user_404,Sports,US,"""Arsenal youngster, Chuba Akpom and Liverpool rising star, Jordon Ibe may snub the Super Eagles following their invitations to England's U21s""",arsenal youngster chuba akpom liverpool rising star jordon ibe may snub super eagle following invitation england,4,2,0.20298537611961365,0.7734542489051819,0.023560332134366035,-0.1794250439852476,Neutral
10406,2023-10-04 10:15:00,2023-10-04,10,Wednesday,user_405,General,Canada,Get the launch schedules for Celebrity Big Brother: #CBB,get launch schedule celebrity big brother cbb,5,2,0.006572302430868149,0.9002569913864136,0.09317073225975037,0.08659842982888222,Neutral
10407,2023-10-04 10:26:00,2023-10-04,10,Wednesday,user_406,Tech,Canada,@user miss ya to buddy &lt;3 what you saying Monday night ? Down for The Kee wtb #HollaAtMe,USER miss ya buddy lt NUMBER saying monday night kee wtb hollaatme,5,3,0.007588950917124748,0.1535118818283081,0.8388991355895996,0.8313101846724749,Positive
10408,2023-10-04 10:37:00,2023-10-04,10,Wednesday,user_407,Sports,Canada,Just been told by west-point cop that dixie wont be open till friday\u002c Morning or night he wasn\u2019t sure yet.,told cop dixie wont open till morning night sure yet,29,9,0.6721764206886292,0.3205218017101288,0.007301853038370609,-0.6648745676502585,Negative
10409,2023-10-04 10:48:00,2023-10-04,10,Wednesday,user_408,General,UK,New Jeremy Kyle starts Monday\u002c you bitch I\u2019m back to school then!!,new jeremy kyle start bitch back school,3,1,0.746250569820404,0.18889378011226654,0.06485565751791,-0.681394912302494,Negative
10410,2023-10-04 10:59:00,2023-10-04,10,Wednesday,user_409,Sports,US,Maybe now you guys understand why I changed my name from Save Hannibal Sam to Hannibal Killed Sam on Thursday night #HannibalMicDrop,maybe guy understand changed name save hannibal sam hannibal killed sam thursday night hannibalmicdrop,14,7,0.1306198686361313,0.7770870327949524,0.09229304641485214,-0.038326822221279144,Neutral
10411,2023-10-04 11:10:00,2023-10-04,11,Wednesday,user_410,Gaming,Canada,"""Ice Cube's son is hella sexy. I may only think that cuz I've always had a thing for Ice. His son is just more, like, attainable. lol""",ice cube son hella sexy may think cuz always thing ice son like attainable lol,7,2,0.015213977545499802,0.07278178632259369,0.912004292011261,0.8967903144657612,Positive
10412,2023-10-04 11:21:00,2023-10-04,11,Wednesday,user_411,Gaming,UK,@user So this is the 4th person on this show that i have seen in commercials. Felisha is the Sprint girl with David Beckham.,USER person show seen commercial felisha sprint girl david beckham,10,4,0.01636786386370659,0.8576167821884155,0.12601536512374878,0.10964750126004219,Neutral
10413,2023-10-04 11:32:00,2023-10-04,11,Wednesday,user_412,General,US,@user At this rate he'll be on a Nokia 3310 by November.,USER rate nokia NUMBER november,11,5,0.027594057843089104,0.7578819990158081,0.21452400088310242,0.1869299430400133,Neutral
10414,2023-10-04 11:43:00,2023-10-04,11,Wednesday,user_413,Sports,Global,DST ends this weekend. We fall back Nov 4 at 2 am. Thanks for @user for the reminder.,dst end weekend fall back nov NUMBER NUMBER thanks USER reminder,3,2,0.007625579368323088,0.6923596858978271,0.3000147342681885,0.2923891548998654,Neutral
10415,2023-10-04 11:54:00,2023-10-04,11,Wednesday,user_414,Tech,UK,Regardless of whether they are Muslims. I don't understand the French mayor who says he'll only accept Christians:(,regardless whether muslim understand french mayor say accept christian,6,3,0.8649707436561584,0.12933288514614105,0.005696404259651899,-0.8592743393965065,Negative
10416,2023-10-04 12:05:00,2023-10-04,12,Wednesday,user_415,General,US,"""Did you know? In 1984, President Reagan made July National Ice Cream Month &amp; established National Ice Cream Day the 3rd Sunday in the month!""",know NUMBER president reagan made july national ice cream month amp established national ice cream day sunday month,3,2,0.0017155577661469579,0.12386419624090195,0.8744202256202698,0.8727046678541228,Positive
10417,2023-10-04 12:16:00,2023-10-04,12,Wednesday,user_416,Gaming,UK,Need someone to get the April/May Kris Bryant back to Chicago because his at bats are getting worse,need someone get kris bryant back chicago bat getting worse,0,0,0.8081633448600769,0.18330049514770508,0.008536150678992271,-0.7996271941810846,Negative
10418,2023-10-04 12:27:00,2023-10-04,12,Wednesday,user_417,Gaming,US,What time does Shawn's concert on the 15th start at,time shawn concert start,7,2,0.003787500550970435,0.942163348197937,0.054049208760261536,0.0502617082092911,Neutral
10419,2023-10-04 12:38:00,2023-10-04,12,Wednesday,user_418,General,US,@user chillllll Lisa you're gonna go out tomorrow and be Gucci,USER chillllll lisa gon na go tomorrow gucci,0,0,0.09568088501691818,0.7227395176887512,0.18157954514026642,0.08589866012334824,Neutral
10420,2023-10-04 12:49:00,2023-10-04,12,Wednesday,user_419,Sports,Global,NFU unchanged for the 4th successive game tonight: Nicklin\u002c Gardner\u002c Peat\u002c King\u002c Anderson\u002c Hunter\u002c Bolder\u002c Muldoon\u002c Bradshaw & Williams,nfu unchanged successive game tonight bradshaw williams,4,2,0.011005865409970284,0.9566020369529724,0.03239206597208977,0.021386200562119484,Neutral
10421,2023-10-04 13:00:00,2023-10-04,13,Wednesday,user_420,Gaming,UK,"@user Erdogan is a pure nutcase, we all should've seen this a coming, Kick Turkey out of Nato. May God Bless the people of Kurdistan",USER erdogan pure nutcase seen coming kick turkey nato may god bless people kurdistan,6,4,0.9113243818283081,0.07748617231845856,0.011189412325620651,-0.9001349695026875,Negative
10422,2023-10-04 13:11:00,2023-10-04,13,Wednesday,user_421,Sports,Canada,I love Texas A&M\u002c but any team that drafts Tannehill before the 7th round has lost their minds.,love texas team draft tannehill round lost mind,8,4,0.5633253455162048,0.29922938346862793,0.13744528591632843,-0.4258800595998764,Negative
10423,2023-10-04 13:22:00,2023-10-04,13,Wednesday,user_422,Gaming,Global,A Delhi court said on Tuesday Congress president Sonia Gandhi and Rahul Gandhi will have to appear before it on...,delhi court said tuesday congress president sonia gandhi rahul gandhi appear,12,5,0.009509149007499218,0.9410139918327332,0.049476850777864456,0.03996770177036524,Neutral
10424,2023-10-04 13:33:00,2023-10-04,13,Wednesday,user_423,Gaming,Global,Gucci host yourself thought february go ahead the set of two your minute sympathy procurement into diplomat support,gucci host thought february go ahead set two minute sympathy procurement diplomat support,0,0,0.2694605886936188,0.6705615520477295,0.05997787415981293,-0.20948271453380585,Neutral
10425,2023-10-04 13:44:00,2023-10-04,13,Wednesday,user_424,News,US,I may not like the dude but I respect Conor McGregor's humbleness after his win,may like dude respect conor mcgregor humbleness win,9,5,0.024714775383472443,0.2780163884162903,0.6972688436508179,0.6725540682673454,Positive
10426,2023-10-04 13:55:00,2023-10-04,13,Wednesday,user_425,Gaming,Canada,MSNBC: The NFL season kicks off Thursday night and Tom Brady is set to be on the field:,msnbc nfl season kick thursday night tom brady set field,3,1,0.0026625427417457104,0.7780841588973999,0.21925334632396698,0.21659080358222127,Neutral
10427,2023-10-04 14:06:00,2023-10-04,14,Wednesday,user_426,Tech,UK,Celebrity Juice. Best thing on about a Thursday,celebrity juice best thing thursday,7,2,0.003445196896791458,0.013796337880194187,0.9827584624290466,0.9793132655322552,Positive
10428,2023-10-04 14:17:00,2023-10-04,14,Wednesday,user_427,General,Canada,"""The B-52s Rock the L.A. County Fair With Berlin Featuring Terri Nun, Pomona Fairplex, Fri, Sep 7 @ 7:30pm, 50% OFF,",rock county fair berlin featuring terri nun pomona fairplex fri sep NUMBER NUMBER NUMBER,23,9,0.0032445502001792192,0.5734869241714478,0.42326849699020386,0.42002394679002464,Neutral
10429,2023-10-04 14:28:00,2023-10-04,14,Wednesday,user_428,General,Canada,"Attention, Queens. I finally found a good copy of Magic Mike XXL so I will be watching it a 3rd and 4th time with whoever hasn't seen it yet",attention queen finally found good copy magic mike xxl watching time whoever seen yet,0,0,0.005765830632299185,0.09292766451835632,0.9013064503669739,0.8955406197346747,Positive
10430,2023-10-04 14:39:00,2023-10-04,14,Wednesday,user_429,Sports,Canada,@user in Europe country comes 1st b4 club. Incase in missed it Welbeck is on 7goals in all competition.,USER europe country come club incase missed welbeck competition,11,4,0.012544712983071804,0.7496651411056519,0.23779018223285675,0.22524546924978495,Neutral
10431,2023-10-04 14:50:00,2023-10-04,14,Wednesday,user_430,Gaming,Canada,tomorrow gonna be hell yall. though\u002c i am going to the golden modes in chapel hill!,tomorrow gon na hell yall going golden mode chapel hill,12,4,0.7941224575042725,0.15214356780052185,0.05373404175043106,-0.7403884157538414,Negative
10432,2023-10-04 15:01:00,2023-10-04,15,Wednesday,user_431,Tech,Canada,2 days till Jack White at Alley Pally then I find out the Ruskies need me to work on Saturday. What\u2019s is it like to have a personal life?,NUMBER day till jack white alley pally find ruskies need work saturday like personal life,5,2,0.07150343060493469,0.8302575945854187,0.0982389822602272,0.02673555165529251,Neutral
10433,2023-10-04 15:12:00,2023-10-04,15,Wednesday,user_432,Sports,US,Indeed\u002c on the 2nd\u002c peals of thunder were heard\u002c the wind blew from the east\u002c and hail rattled against the facade of Granite House like vol,peal thunder wind blew hail rattled facade granite house like vol,2,1,0.2846768796443939,0.6883936524391174,0.0269294623285532,-0.2577474173158407,Neutral
10434,2023-10-04 15:23:00,2023-10-04,15,Wednesday,user_433,News,US,Villagers reported 15 persons killed on Tuesday night as Boko Haram fighters returns to the village,villager reported NUMBER person killed tuesday night boko haram fighter return village,2,1,0.8439651727676392,0.1503528356552124,0.005681992974132299,-0.8382831797935069,Negative
10435,2023-10-04 15:34:00,2023-10-04,15,Wednesday,user_434,Sports,Global,Happy Day After International Talk like a Pirate Day Sept 19th!!! Some great Pirate facts in the latest edition...,happy day international talk like pirate day sept great pirate fact latest edition,22,10,0.0016324338503181934,0.010830574668943882,0.9875369668006897,0.9859045329503715,Positive
10436,2023-10-04 15:45:00,2023-10-04,15,Wednesday,user_435,Sports,US,Pray for a better day tomorrow. Maybe we will wake up and #Obama and #Extremist Muslims will be gone! #CCOT #TCOT,pray better day tomorrow maybe wake obama extremist muslim gone ccot tcot,4,2,0.1409885287284851,0.35267284512519836,0.5063385963439941,0.36535006761550903,Positive
10437,2023-10-04 15:56:00,2023-10-04,15,Wednesday,user_436,Gaming,Global,Gucci plenty id secret december appear the dual thine concrete on adjuvant into advocating enlivened: cavQCieRU,gucci plenty id secret december appear dual thine concrete adjuvant advocating enlivened cavqcieru,5,2,0.014757156372070312,0.9017429351806641,0.08349988609552383,0.06874272972345352,Neutral
10438,2023-10-04 16:07:00,2023-10-04,16,Wednesday,user_437,News,Global,#BreakingNews American football star and broadcaster Frank Gifford dies at 84: 10 August 2015 From the section...,breakingnews american football star broadcaster frank gifford dy NUMBER NUMBER august NUMBER section,3,2,0.13591812551021576,0.8437493443489075,0.02033260278403759,-0.11558552272617817,Neutral
10439,2023-10-04 16:18:00,2023-10-04,16,Wednesday,user_438,Sports,UK,"""Seth Rollins just out there stealing all of Finn Balor's moves. What's next, a Bloody Sunday?""",seth rollins stealing finn balor move next bloody sunday,18,5,0.23425617814064026,0.7106532454490662,0.055090539157390594,-0.17916563898324966,Neutral
10440,2023-10-04 16:29:00,2023-10-04,16,Wednesday,user_439,Tech,Canada,Thursday night at Spices Negril it's Football Thursday. Food and Drink Specials all night. Tom Brady is Back vs Ben Rothlesburger in...,thursday night spice negril football thursday food drink special night tom brady back v ben rothlesburger,0,0,0.001986745046451688,0.36681801080703735,0.6311951875686646,0.6292084425222129,Positive
10441,2023-10-04 16:40:00,2023-10-04,16,Wednesday,user_440,Tech,US,to watch Big Brother is the only reason why i wake up on a sunday,watch big brother reason wake sunday,5,2,0.12120293080806732,0.5767675042152405,0.3020295202732086,0.1808265894651413,Neutral
10442,2023-10-04 16:51:00,2023-10-04,16,Wednesday,user_441,General,UK,Murray will get to watch the second half of Scotland v Germany. Get him pumped for his own battle.,murray get watch second half scotland v germany get pumped battle,7,4,0.016009921208024025,0.6339319944381714,0.35005801916122437,0.33404809795320034,Neutral
10443,2023-10-04 17:02:00,2023-10-04,17,Wednesday,user_442,News,US,Sold Out OSU NIKE WEEK ZERO v6 amp Available. Men's Size 10 for $230. Local pickup in the Buckeye City. Available before Monday's Game.,sold osu nike week zero amp available men size NUMBER NUMBER local pickup buckeye city available monday game,51,14,0.014074491336941719,0.9080803394317627,0.07784521579742432,0.0637707244604826,Neutral
10444,2023-10-04 17:13:00,2023-10-04,17,Wednesday,user_443,News,Global,"""Nashville, Hannibal, &amp; Empire, I may've named you after TV that was popular at the time of your conception, but you are still my triplets!""",nashville hannibal amp empire may named tv popular time conception still triplet,3,1,0.009282511658966541,0.27602246403694153,0.7146950364112854,0.7054125247523189,Positive
10445,2023-10-04 17:24:00,2023-10-04,17,Wednesday,user_444,General,US,.@IAA_Bahrain Look at the media coverage of #Bahrain regime's arrest of Nabeel Rajab 1 Oct 2014 #100Tweets4Nabeel,USER look medium coverage bahrain regime arrest nabeel rajab NUMBER oct NUMBER,6,2,0.14100883901119232,0.8417137265205383,0.017277497798204422,-0.1237313412129879,Neutral
10446,2023-10-04 17:35:00,2023-10-04,17,Wednesday,user_445,Sports,Canada,O. Johnson commits his 3rd foul! He\u2019s cold off the bench with 3 fouls and a turnover in Q4. #Pacers losing 98-87\u002c 4:52 left.,johnson commits foul cold bench NUMBER foul turnover pacer losing NUMBER NUMBER NUMBER NUMBER left,4,2,0.7548636198043823,0.23846639692783356,0.006670014001429081,-0.7481936058029532,Negative
10447,2023-10-04 17:46:00,2023-10-04,17,Wednesday,user_446,News,Global,Ed Sheeran live in DFW Sat night! Want in?? Keep track of the 5 songs for DFW's Most Wanted at 8p and I'll throw you a pair of tix! -Cruz,ed sheeran live dfw sat night want keep track NUMBER song dfw wanted throw pair tix,10,4,0.002040255581960082,0.31091034412384033,0.687049388885498,0.685009133303538,Positive
10448,2023-10-04 17:57:00,2023-10-04,17,Wednesday,user_447,Tech,Global,Rest in peace Frank Gifford. I can't think of my youth without you on Monday nite football,rest peace frank gifford ca think youth without monday nite football,3,2,0.048698194324970245,0.1885380893945694,0.7627636790275574,0.7140654847025871,Positive
10449,2023-10-04 18:08:00,2023-10-04,18,Wednesday,user_448,Tech,UK,"""Real Madrid will have the first option to buy Tottenham winger Gareth Bale, if Spurs sell the Welsh international. (Sunday Mirror)""",real madrid first option buy tottenham winger gareth bale spur sell welsh international sunday mirror,5,3,0.008379832841455936,0.9401289820671082,0.05149117857217789,0.04311134573072195,Neutral
10450,2023-10-04 18:19:00,2023-10-04,18,Wednesday,user_449,Gaming,Canada,Anyone wanna see Jason Aldean with me on the today show on Friday?? Cristina won't go,anyone wan na see jason aldean today show friday cristina wo go,24,7,0.08929280191659927,0.7707107067108154,0.1399965137243271,0.050703711807727814,Neutral
10451,2023-10-04 18:30:00,2023-10-04,18,Wednesday,user_450,News,Global,"""Long live the idols may they never be your rivals, Kendrick was Jesus, Cole wrote the bible. @user",long live idol may never rival kendrick jesus cole wrote bible USER,19,6,0.02446412853896618,0.5096516609191895,0.465884268283844,0.4414201397448778,Neutral
10452,2023-10-04 18:41:00,2023-10-04,18,Wednesday,user_451,Sports,Canada,Tryna just chill\u002c get a lil tipsy and maybe hit up the mall friday? #downn,tryna get lil tipsy maybe hit mall friday downn,5,2,0.02164626680314541,0.8305391073226929,0.14781460165977478,0.12616833485662937,Neutral
10453,2023-10-04 18:52:00,2023-10-04,18,Wednesday,user_452,General,US,"""Justin Bieber u may have cool music now but I swear to God if you offer me one more piece of unsolicited """"sage"""" advice""",justin bieber u may cool music swear god offer one piece unsolicited sage advice,33,9,0.8047394156455994,0.17692486941814423,0.018335653468966484,-0.7864037621766329,Negative
10454,2023-10-04 19:03:00,2023-10-04,19,Wednesday,user_453,General,Canada,Getting really anxious about this Foo Fighters concert tomorrow night haha cool :),getting really anxious foo fighter concert tomorrow night haha cool,11,4,0.11718077212572098,0.29242143034935,0.5903977751731873,0.4732170030474663,Positive
10455,2023-10-04 19:14:00,2023-10-04,19,Wednesday,user_454,Sports,Global,@user @user The CEO of IBM may think someone is an idiot but he can't say it.,USER USER ceo ibm may think someone idiot ca say,8,3,0.6721950769424438,0.3074757158756256,0.020329199731349945,-0.6518658772110939,Negative
10456,2023-10-04 19:25:00,2023-10-04,19,Wednesday,user_455,Gaming,UK,Family\u002c friends and fans make Shahrukh\u2019s 47th birthday memorable: Mumbai\u002c Nov 2 (ANI): As Bollywood superstar Sh...,friend fan make birthday memorable nov NUMBER ani bollywood superstar sh,0,0,0.0023589127231389284,0.183000847697258,0.81464022397995,0.812281311256811,Positive
10457,2023-10-04 19:36:00,2023-10-04,19,Wednesday,user_456,General,Global,To whom this may concern: Please get your shit together before you talk about somebody else Love\u002c Paris,may concern please get shit together talk somebody else paris,80,21,0.8339342474937439,0.15149571001529694,0.01456998847424984,-0.8193642590194941,Negative
10458,2023-10-04 19:47:00,2023-10-04,19,Wednesday,user_457,News,Canada,Apple CEO apologizes for error-ridden new map app: Apple CEO Tim Cook apologized Friday for the co... #coreformulas,apple ceo apologizes new map app apple ceo tim cook apologized friday co coreformulas,0,0,0.21534234285354614,0.7204169631004333,0.0642407163977623,-0.15110162645578384,Neutral
10459,2023-10-04 19:58:00,2023-10-04,19,Wednesday,user_458,Gaming,Canada,Oh just drinking a Westy on a Monday night listening to some Nirvana. #maternityleave,oh drinking westy monday night listening nirvana maternityleave,3,1,0.03947783634066582,0.5193077325820923,0.4412144720554352,0.40173663571476936,Neutral
10460,2023-10-04 20:09:00,2023-10-04,20,Wednesday,user_459,News,Global,@user Yo dicko!! It was pure sectarian bigotry from the IRA councillor which started this in the 1st place !!,USER yo dicko pure sectarian bigotry ira councillor started place,0,0,0.9451419115066528,0.04901174083352089,0.005846295040100813,-0.939295616466552,Negative
10461,2023-10-04 20:20:00,2023-10-04,20,Wednesday,user_460,Tech,Canada,True Blood tonight! Always the best night of the week.,true blood tonight always best night week,9,5,0.0024937335401773453,0.00925416499376297,0.9882521033287048,0.9857583697885275,Positive
10462,2023-10-04 20:31:00,2023-10-04,20,Wednesday,user_461,Gaming,US,"@user TY for the follow, Owain! We may have some sparring to do over footie. My house is loyal to Real Madrid. ;-)""",USER ty follow owain may sparring footie house loyal real madrid,2,1,0.004311487078666687,0.07598171383142471,0.9197068214416504,0.9153953343629837,Positive
10463,2023-10-04 20:42:00,2023-10-04,20,Wednesday,user_462,General,Global,"@user But i guess the PS4 may have it too. We have a ''media player'', and we can transfer songs to Share Factory using a USB drive.""",USER guess may medium player transfer song share factory using usb drive,0,0,0.009413977153599262,0.8482940793037415,0.14229194819927216,0.1328779710456729,Neutral
10464,2023-10-04 20:53:00,2023-10-04,20,Wednesday,user_463,Gaming,UK,Floyd Mayweather says he quit after Saturday's welterweight world title defense against underdog Andre Berto.,floyd mayweather say quit saturday welterweight world title defense underdog andre berto,0,0,0.10351286083459854,0.8769475817680359,0.01953955553472042,-0.08397330529987812,Neutral
10465,2023-10-04 21:04:00,2023-10-04,21,Wednesday,user_464,Gaming,Global,Get your sweat suits! It\u2019s November and its time to lax! Practice tonight\u002c game at @user tomorrow. #FallBall,get sweat suit november time lax practice game USER tomorrow fallball,0,0,0.006683270912617445,0.5937097668647766,0.39960694313049316,0.3929236722178757,Neutral
10466,2023-10-04 21:15:00,2023-10-04,21,Wednesday,user_465,Gaming,US,Jackson back in camp Monday @user you ready to see the Eagles lift up that trophy!,jackson back camp monday USER ready see eagle lift trophy,15,4,0.002633394207805395,0.14098712801933289,0.856379508972168,0.8537461147643626,Positive
10467,2023-10-04 21:26:00,2023-10-04,21,Wednesday,user_466,Gaming,US,The worst: the girl stabbed in the Pride parade has died,worst girl stabbed pride parade died,12,5,0.9437698721885681,0.05063241720199585,0.0055977231822907925,-0.9381721490062773,Negative
10468,2023-10-04 21:37:00,2023-10-04,21,Wednesday,user_467,News,US,Seems fraud Baghdadi's desperate with cheap shot against Israel because he can't get Muslim support for his 'state',seems fraud baghdadi desperate cheap shot israel ca get muslim support state,4,2,0.7998404502868652,0.1890249401330948,0.0111345574259758,-0.7887058928608894,Negative
10469,2023-10-04 21:48:00,2023-10-04,21,Wednesday,user_468,Tech,US,@user I was supposed to go to the 30 Rock on Monday so I could buy some NBC stuff\u002c but my brothers were tired and we had to go home :(,USER supposed go NUMBER rock monday could buy nbc brother tired go home,11,3,0.698822557926178,0.28282538056373596,0.01835211180150509,-0.6804704461246729,Negative
10470,2023-10-04 21:59:00,2023-10-04,21,Wednesday,user_469,Sports,US,I was going to move to Siberia last Wednesday.Now I don\u2019t have to.Siberia has moved here.It\u2019s bloody freezing. #heatingtime.,going move siberia last moved bloody freezing heatingtime,15,5,0.8792146444320679,0.1055210679769516,0.015264267101883888,-0.863950377330184,Negative
10471,2023-10-04 22:10:00,2023-10-04,22,Wednesday,user_470,Gaming,UK,#HAMILY about to help @user tear down club nokia in october its about to be littt,hamily help USER tear club nokia october littt,0,0,0.003975071012973785,0.08337273448705673,0.9126521944999695,0.9086771234869957,Positive
10472,2023-10-04 22:21:00,2023-10-04,22,Wednesday,user_471,General,Canada,Tomorrow is International Talk Like A Pirate Day. Have I left it too late to become fluent in Somali? #TopSomalianLies,tomorrow international talk like pirate day left late become fluent somali topsomalianlies,1,1,0.3272855877876282,0.549678385257721,0.12303599715232849,-0.20424959063529968,Neutral
10473,2023-10-04 22:32:00,2023-10-04,22,Wednesday,user_472,Gaming,US,"""How long should I still wait 2 see the 3rd episode of TVD??I AM DYING!!You people who deal with loading the episodes, could u pls hurry up??""",long still wait NUMBER see episode tvd dying people deal loading episode could u pls hurry,52,18,0.8780127763748169,0.10751286149024963,0.014474312774837017,-0.8635384635999799,Negative
10474,2023-10-04 22:43:00,2023-10-04,22,Wednesday,user_473,General,US,yay! Friday tomorrow going to have Korea bbq hotpot! and then reading week!!!!!!!!!!!,yay friday tomorrow going korea bbq hotpot reading week,15,4,0.0010873455321416259,0.011422592215240002,0.9874901175498962,0.9864027720177546,Positive
10475,2023-10-04 22:54:00,2023-10-04,22,Wednesday,user_474,News,Global,"@user They have alot lined up, Death Note, Naruto, Ghost in the Shell and so on. I'd blame Edge of Tomorrow, but it was actually good""",USER alot lined death note naruto ghost shell blame edge tomorrow actually good,3,1,0.031302209943532944,0.11958549171686172,0.849112331867218,0.8178101219236851,Positive
10476,2023-10-04 23:05:00,2023-10-04,23,Wednesday,user_475,General,UK,@user Then I will refrain from telling you about my plan to watch Mysterious Island with my son tomorrow night. (He\u2019s 6),USER refrain telling plan watch mysterious island son tomorrow night NUMBER,9,3,0.10129852592945099,0.8123683333396912,0.08633310347795486,-0.014965422451496124,Neutral
10477,2023-10-04 23:16:00,2023-10-04,23,Wednesday,user_476,Sports,UK,"""Dustin Johnson flies out of the blocks at every major, but he simply cannot get it right on a Sunday.""",dustin johnson fly block every major simply get right sunday,3,2,0.5022138357162476,0.45702436566352844,0.0407618023455143,-0.46145203337073326,Negative
10478,2023-10-04 23:27:00,2023-10-04,23,Wednesday,user_477,Tech,Canada,We will be closed this Monday\u002c February 20th for Presidents Day. If you need access to your account over the...,closed february president day need access account,6,3,0.04517731815576553,0.9235519766807556,0.03127067908644676,-0.013906639069318771,Neutral
10479,2023-10-04 23:38:00,2023-10-04,23,Wednesday,user_478,General,UK,Anyone wanna go to the Eric church concert Saturday at buckeye lakes I'll provide a ride just buy you're ticket,anyone wan na go eric church concert saturday buckeye lake provide ride buy ticket,0,0,0.007655547000467777,0.8023338913917542,0.19001051783561707,0.1823549708351493,Neutral
10480,2023-10-04 23:49:00,2023-10-04,23,Wednesday,user_479,General,Global,"""Thursday's Broadcast Ratings: CBS, """"Big Brother"""" Top Charts with ...",thursday broadcast rating cbs big brother top chart,0,0,0.004247650969773531,0.9028264284133911,0.09292596578598022,0.0886783148162067,Neutral
10481,2023-10-05 00:00:00,2023-10-05,0,Thursday,user_480,Tech,Global,"""Still yet unanswered, are the SATs still on for Saturday?""",still yet unanswered sat still saturday,0,0,0.4020146131515503,0.5865619778633118,0.011423422023653984,-0.3905911911278963,Neutral
10482,2023-10-05 00:11:00,2023-10-05,0,Thursday,user_481,Sports,Canada,@user even I didn't know it's 18th sept at KL Live to be exact :p,USER even know sept kl live exact p,25,14,0.06842071563005447,0.8043100237846375,0.12726923823356628,0.05884852260351181,Neutral
10483,2023-10-05 00:22:00,2023-10-05,0,Thursday,user_482,Gaming,Global,#Vbnss Daily Digit: Exchanges lost $1 mln a day - Oct 31 - NYSE\u002c Nasdaq\u002c and the CBOE each lost about $1 million in ...,vbnss daily digit exchange lost NUMBER mln day oct NUMBER cboe lost NUMBER million,19,6,0.7559115886688232,0.2341347187757492,0.009953763335943222,-0.74595782533288,Negative
10484,2023-10-05 00:33:00,2023-10-05,0,Thursday,user_483,General,US,Josh Hamilton (knee) is out of the Rangers' starting lineup again on Tuesday night against the Mariners.,josh hamilton knee ranger starting lineup tuesday night mariner,0,0,0.23822590708732605,0.7522937059402466,0.009480421431362629,-0.22874548565596342,Neutral
10485,2023-10-05 00:44:00,2023-10-05,0,Thursday,user_484,Tech,US,Guess Dani will play with u guys tomorrow..somebody tell @user that there is NO WAY IN HELL..Louisville is going to the ORANGE BOWL tho,guess dani play u guy tomorrow somebody tell USER way hell louisville going orange bowl tho,2,1,0.5966117978096008,0.36169853806495667,0.04168969392776489,-0.5549221038818359,Negative
10486,2023-10-05 00:55:00,2023-10-05,0,Thursday,user_485,News,Global,"""Let this Christ, this King of Israel, come down now from the cross, that we may see and believe.""",let christ king israel come cross may see believe,16,6,0.009953112341463566,0.5372428894042969,0.45280399918556213,0.44285088684409857,Neutral
10487,2023-10-05 01:06:00,2023-10-05,1,Thursday,user_486,Tech,Canada,Raven-Symone -- Kim &amp; Kanye Sorta Came To My 30th (PHOTOS): Raven-Symone couldn't get the real Kim Kardashian ...,kim amp kanye sorta came photo could get real kim kardashian,0,0,0.11212030053138733,0.8203178644180298,0.06756185740232468,-0.04455844312906265,Neutral
10488,2023-10-05 01:17:00,2023-10-05,1,Thursday,user_487,News,UK,"""Yes, Sharknado 4 Is Happening: Sharknado 3 had barely premiered Wednesday night before the studio annou... (Time)""",yes sharknado NUMBER happening sharknado NUMBER barely premiered wednesday night studio annou time,3,1,0.009262274019420147,0.63056880235672,0.3601689636707306,0.35090668965131044,Neutral
10489,2023-10-05 01:28:00,2023-10-05,1,Thursday,user_488,Sports,Canada,"""I don't see Islam on the march or people country shopping, I see desperate people wanting to build a new life. #refugeecrisis""",see islam march people country shopping see desperate people wanting build new life refugeecrisis,28,16,0.7875880599021912,0.20008844137191772,0.012323514558374882,-0.7752645453438163,Negative
10490,2023-10-05 01:39:00,2023-10-05,1,Thursday,user_489,Gaming,UK,Our Eid offer ends tomorrow. Have you booked your appointment yet? #FloatUAE,eid offer end tomorrow booked appointment yet floatuae,2,1,0.007674135733395815,0.8563175201416016,0.13600832223892212,0.1283341865055263,Neutral
10491,2023-10-05 01:50:00,2023-10-05,1,Thursday,user_490,Tech,Global,"""RT @user Tiger Woods' former caddie Steve Williams made about $140,000 for his work with Adam Scott today. Tiger Woods' new cadd ...""",rt USER tiger wood former caddie steve williams made NUMBER NUMBER work adam scott today tiger wood new cadd,12,5,0.005183817818760872,0.896109402179718,0.09870682656764984,0.09352300874888897,Neutral
10492,2023-10-05 02:01:00,2023-10-05,2,Thursday,user_491,General,Global,Its going down this Saturday at Rum Runners st cloud...btw where the party at tonight?,going saturday rum runner st cloud btw party tonight,69,19,0.012749852612614632,0.8901273012161255,0.09712283313274384,0.0843729805201292,Neutral
10493,2023-10-05 02:12:00,2023-10-05,2,Thursday,user_492,Sports,US,Have I missed the bit where someone said that Chris Evans is supposed to wear the same t-shirt every week on TFI Friday?,missed bit someone said chris evans supposed wear every week tfi friday,5,2,0.07597952336072922,0.890884518623352,0.03313595429062843,-0.042843569070100784,Neutral
10494,2023-10-05 02:23:00,2023-10-05,2,Thursday,user_493,Tech,UK,"@user Well it rained all day on Eid, then second day was hot but then 3rd day and even aj bi its raining so""",USER well rained day eid second day hot day even aj bi raining,0,0,0.40947601199150085,0.5437036752700806,0.046820349991321564,-0.3626556620001793,Neutral
10495,2023-10-05 02:34:00,2023-10-05,2,Thursday,user_494,General,Canada,From the @user -- Clerk in gay marriage fight back at work Friday or Monday; office to grant licenses in her absence,USER clerk gay marriage fight back work friday monday office grant license absence,3,1,0.10645560920238495,0.8726452589035034,0.020899076014757156,-0.08555653318762779,Neutral
10496,2023-10-05 02:45:00,2023-10-05,2,Thursday,user_495,Tech,Global,"""Your 3rd gen. iPad with Retina display is worth a lot of money, especially at Amazon (MacDailyNews/MacDailyNews)",ipad retina display worth lot money especially amazon,27,8,0.005643197800964117,0.18105711042881012,0.8132996559143066,0.8076564581133425,Positive
10497,2023-10-05 02:56:00,2023-10-05,2,Thursday,user_496,News,Canada,"""From the Twitter just now from RNDM: """"""""RNDM has a beef with Pearl Jam Radio on @user channel 22. Tune in Thurs...",twitter rndm rndm beef pearl jam radio USER channel NUMBER tune thurs,13,9,0.05652451515197754,0.9225140810012817,0.020961355417966843,-0.035563159734010696,Neutral
10498,2023-10-05 03:07:00,2023-10-05,3,Thursday,user_497,Tech,US,@user @user You are a Patriot! Such compassion and commitment; May God bless and keep you and Israel.,USER USER patriot compassion commitment may god bless keep israel,25,7,0.006116420030593872,0.016011103987693787,0.9778724908828735,0.9717560708522797,Positive
10499,2023-10-05 03:18:00,2023-10-05,3,Thursday,user_498,Tech,UK,"""Watching Les Mis 25th Anniversary concert. How long before the boy Jonas gives me rage, knowing Michael Ball was backstage?""",watching le mi anniversary concert long boy jonas give rage knowing michael ball backstage,0,0,0.6771255731582642,0.2876710295677185,0.03520333766937256,-0.6419222354888916,Negative
10500,2023-10-05 03:29:00,2023-10-05,3,Thursday,user_499,Tech,UK,I\u2019d want Mannone\u002cJenks/sagna\u002cper\u002ckos\u002cTV5\u002ccoq\u002carteta\u002csanti\u002ctheo/gnabry\u002cgiroud\u002cpoldi to start tomorrow,want start tomorrow,20,7,0.14652717113494873,0.7484937906265259,0.104979008436203,-0.04154816269874573,Neutral
10501,2023-10-05 03:40:00,2023-10-05,3,Thursday,user_500,Sports,Global,Idk if this is or not but shoutout the lil bro Lani for scoring the first TD last Friday night (sing Katy Perry...,idk shoutout lil bro lani scoring first td last friday night sing katy perry,30,12,0.008577339351177216,0.24378733336925507,0.7476353049278259,0.7390579655766487,Positive
10502,2023-10-05 03:51:00,2023-10-05,3,Thursday,user_501,Tech,UK,@user Milan must score in the 2nd half,USER milan must score half,13,4,0.0116910170763731,0.8918254971504211,0.09648346155881882,0.08479244448244572,Neutral
10503,2023-10-05 04:02:00,2023-10-05,4,Thursday,user_502,General,Global,About to watch the 2nd half of season 2 of Breaking Bad on my long flight to Hong Kong #buzzin,watch half season NUMBER breaking bad long flight hong kong buzzin,33,14,0.0216697808355093,0.7708879113197327,0.20744235813617706,0.18577257730066776,Neutral
10504,2023-10-05 04:13:00,2023-10-05,4,Thursday,user_503,News,US,Can't wait for tomorrow . . . won't have to hear about Sharknado anymore.,ca wait tomorrow wo hear sharknado anymore,29,8,0.02031528390944004,0.06905180960893631,0.910632848739624,0.890317564830184,Positive
10505,2023-10-05 04:24:00,2023-10-05,4,Thursday,user_504,News,UK,54) A Bro is required to go out with his Bros on St. Paddys Day and other Bro holidays like Halloween NYE and Desperation Day FEB 13th,NUMBER bro required go bros paddy day bro holiday like halloween nye desperation day feb,16,5,0.00962748285382986,0.8980115652084351,0.0923609510064125,0.08273346815258265,Neutral
10506,2023-10-05 04:35:00,2023-10-05,4,Thursday,user_505,Tech,Global,"""Kris Bryant on #theneeds, check it out!",kris bryant theneeds check,12,4,0.0033340128138661385,0.5215798020362854,0.47508618235588074,0.4717521695420146,Neutral
10507,2023-10-05 04:46:00,2023-10-05,4,Thursday,user_506,Sports,Canada,C'mon 5 o'clock. I don't know if my PS4 is even downloading it or if it messed up. Gah. The suspense.,NUMBER know even downloading messed gah suspense,6,2,0.8815317153930664,0.10106304287910461,0.017405323684215546,-0.8641263917088509,Negative
10508,2023-10-05 04:57:00,2023-10-05,4,Thursday,user_507,Sports,Global,One for the diary - Tony Blair is due to give evidence to the Foreign Affairs Committee next Friday to discuss Libya,one diary tony blair due give evidence foreign affair committee next friday discus libya,0,0,0.039105597883462906,0.9217552542686462,0.039139166474342346,3.356859087944031e-05,Neutral
10509,2023-10-05 05:08:00,2023-10-05,5,Thursday,user_508,General,UK,"""Watching Sunday\u2019s \""""""""Harry and Paul\"""""""". Good it is too. Well-observed and fearsomely dry.""",watching harry good fearsomely dry,6,4,0.010330483317375183,0.06961960345506668,0.9200499653816223,0.9097194820642471,Positive
10510,2023-10-05 05:19:00,2023-10-05,5,Thursday,user_509,Tech,US,Scott Walker &amp; team Ringleader are in 1st place in overall points &amp; for most releases in the MidAtlantic Tournament!,scott walker amp team ringleader place overall point amp release midatlantic tournament,2,1,0.001959523418918252,0.22428564727306366,0.7737548351287842,0.7717953117098659,Positive
10511,2023-10-05 05:30:00,2023-10-05,5,Thursday,user_510,News,UK,C'mon babes! Let's vote on Gaga and put her again on 1st. It's missing just 2 days till the end! #MTVStars Lady Gaga,babe let vote gaga put missing NUMBER day till end mtvstars lady gaga,38,10,0.01729591377079487,0.29058972001075745,0.6921144127845764,0.6748184990137815,Positive
10512,2023-10-05 05:41:00,2023-10-05,5,Thursday,user_511,Sports,UK,"Great Monday Night Raw episode tonight Stings, Ric Flair, and The Dudley Boyz all return can't wait for the next PPV #WWERaw #WWE",great monday night raw episode tonight sting ric flair dudley boyz return ca wait next ppv wweraw wwe,45,25,0.0015133722918108106,0.011342749930918217,0.9871439337730408,0.98563056148123,Positive
10513,2023-10-05 05:52:00,2023-10-05,5,Thursday,user_512,Tech,Global,West Liberty goes for it on 4th & goal with seconds remaining in the half. Isaiah Moody runs 2 yards in. FSU leads 19-13 at the half.,west liberty go goal second remaining half isaiah moody run NUMBER yard fsu lead NUMBER NUMBER half,20,6,0.005671142600476742,0.9045131802558899,0.08981572091579437,0.08414457831531763,Neutral
10514,2023-10-05 06:03:00,2023-10-05,6,Thursday,user_513,Sports,Canada,"""Carlo Ancelotti: """"""""Isco is a very important player. Tomorrow, James Rodriguez will start - he rested Wednesday.""",carlo ancelotti isco important player tomorrow james rodriguez start rested wednesday,0,0,0.0038240724243223667,0.20676186680793762,0.78941410779953,0.7855900353752077,Positive
10515,2023-10-05 06:14:00,2023-10-05,6,Thursday,user_514,Sports,UK,If it were Blank Space up for 7 awards tomorrow Taylor would sweep but since it's Bad Blood she'll probably only win 5/10,blank space NUMBER award tomorrow taylor would sweep since bad blood probably win NUMBER NUMBER,1,1,0.16004975140094757,0.68088698387146,0.15906324982643127,-0.0009865015745162964,Neutral
10516,2023-10-05 06:25:00,2023-10-05,6,Thursday,user_515,News,Canada,"""I now declare today Star Wars Day, may the box office records be ever in your favor""",declare today star war day may box office record ever favor,0,0,0.0021972698159515858,0.05124839395284653,0.9465543627738953,0.9443570929579437,Positive
10517,2023-10-05 06:36:00,2023-10-05,6,Thursday,user_516,Gaming,Global,Houston just 8-15 in the 2 weeks following each Sharknado release. Sharknado 3 comes out Wed. @user @user,houston NUMBER NUMBER NUMBER week following sharknado release sharknado NUMBER come wed USER USER,13,5,0.0029851358849555254,0.8506408333778381,0.14637409150600433,0.1433889556210488,Neutral
10518,2023-10-05 06:47:00,2023-10-05,6,Thursday,user_517,General,Canada,@user I\u2019m feeling a bit of Derrick Williams tomorrow\u002c is he available to play?,USER feeling bit derrick williams available play,20,7,0.01404481753706932,0.8989189267158508,0.08703617751598358,0.07299135997891426,Neutral
10519,2023-10-05 06:58:00,2023-10-05,6,Thursday,user_518,General,Global,"""It may be hard to keep up with their busy lives, but Kendall and Caitlyn Jenner will always find time for each other.&amp;#160; Caitlyn shared""",may hard keep busy life kendall caitlyn jenner always find time amp NUMBER caitlyn shared,20,12,0.007027771323919296,0.2961690127849579,0.6968032717704773,0.689775500446558,Positive
10520,2023-10-05 07:09:00,2023-10-05,7,Thursday,user_519,News,US,Thank you Baltimore for a GREAT Holiday Heap! My best ever today! Join us tomorrow at the Creative Alliance 3134...,thank baltimore great holiday heap best ever today join u tomorrow creative alliance NUMBER,3,2,0.0021133231930434704,0.007444270420819521,0.9904423356056213,0.9883290124125779,Positive
10521,2023-10-05 07:20:00,2023-10-05,7,Thursday,user_520,Sports,Canada,Happy 2nd birthday to our little royal package. #2nd #birthday same day as Prince George x,happy birthday little royal package birthday day prince george x,34,11,0.0018857205286622047,0.010891462676227093,0.9872227907180786,0.9853370701894164,Positive
10522,2023-10-05 07:31:00,2023-10-05,7,Thursday,user_521,Tech,Canada,Watching the Eli young band on the cmas right now.. About this time tomorrow I will be watching them in person in Starkville!!!!,watching eli young band cmas right time tomorrow watching person starkville,35,10,0.0020527346059679985,0.37487316131591797,0.6230741739273071,0.6210214393213391,Positive
10523,2023-10-05 07:42:00,2023-10-05,7,Thursday,user_522,Sports,US,"""Hoping the weather stays nice today, as I'm delivering cakes to offices in Derby. Look out for the cake basket!",hoping weather stay nice today delivering cake office derby look cake basket,3,1,0.001849264488555491,0.039426594972610474,0.9587241411209106,0.9568748766323552,Positive
10524,2023-10-05 07:53:00,2023-10-05,7,Thursday,user_523,News,Canada,Rousey would make may weather tap out.She would knock the 's of that fraud and fake . She loves the sport while the clown does it for the $,rousey would make may weather tap would knock fraud fake love sport clown,28,10,0.411650687456131,0.387499064207077,0.20085026323795319,-0.2108004242181778,Negative
10525,2023-10-05 08:04:00,2023-10-05,8,Thursday,user_524,General,US,Eight bookings for West Ham? Eight! That whirring sound you hear may be the late Bobby Moore etc etc...,eight booking west ham eight whirring sound hear may late bobby moore etc etc,3,2,0.19497311115264893,0.718799352645874,0.08622746169567108,-0.10874564945697784,Neutral
10526,2023-10-05 08:15:00,2023-10-05,8,Thursday,user_525,Sports,UK,Colts game tonight! Yay!,colt game tonight yay,3,1,0.0013576085912063718,0.010771171189844608,0.9878711700439453,0.9865135614527389,Positive
10527,2023-10-05 08:26:00,2023-10-05,8,Thursday,user_526,General,Global,I honestly think I'm still Marking Out from last night's #RAW... 1st the Dudley Boyz... Then Ric Flair... And then Sting!! :D #WWE,honestly think still marking last night raw dudley boyz ric flair sting wwe,10,5,0.001666740863583982,0.056752074509859085,0.9415811896324158,0.9399144487688318,Positive
10528,2023-10-05 08:37:00,2023-10-05,8,Thursday,user_527,Tech,US,"@user you are such an amazing person. THANK YOU for making me smile. See you tomorrow at MetLife! Please follow? xx 15,657",USER amazing person thank making smile see tomorrow metlife please follow xx NUMBER NUMBER,3,1,0.0028112181462347507,0.006599877029657364,0.990588903427124,0.9877776852808893,Positive
10529,2023-10-05 08:48:00,2023-10-05,8,Thursday,user_528,General,Canada,"""May you all have a happy Eid , love you all",may happy eid love,14,4,0.004178588278591633,0.015093494206666946,0.9807279109954834,0.9765493227168918,Positive
10530,2023-10-05 08:59:00,2023-10-05,8,Thursday,user_529,General,US,Nicki went from I want to thank my Pastor to cursing at Miley. That may beat what Kanye did to Taylor Swift.,nicki went want thank pastor cursing miley may beat kanye taylor swift,13,4,0.3356212377548218,0.5530688166618347,0.1113099530339241,-0.22431128472089767,Neutral
10531,2023-10-05 09:10:00,2023-10-05,9,Thursday,user_530,Gaming,Canada,"""David Cameron is the new Tony Blair, not sure that's a chair I'd like to be sat in.""",david cameron new tony blair sure chair like sat,15,4,0.7026092410087585,0.2726108133792877,0.024779925122857094,-0.6778293158859015,Negative
10532,2023-10-05 09:21:00,2023-10-05,9,Thursday,user_531,Gaming,UK,@user next Monday I'm gonna have a bob Marley sticker just to fuck with her,USER next monday gon na bob marley sticker fuck,3,2,0.35817259550094604,0.4624606966972351,0.17936676740646362,-0.17880582809448242,Neutral
10533,2023-10-05 09:32:00,2023-10-05,9,Thursday,user_532,Gaming,US,Hector Nuris's error from a David Wright dribbler plates Daniel Murphy as the Mets extend the lead to 8-5 in the 13th inning.,hector nuris error david wright dribbler plate daniel murphy mets extend lead NUMBER NUMBER inning,10,3,0.0075948480516672134,0.9432981610298157,0.04910699650645256,0.04151214845478535,Neutral
10534,2023-10-05 09:43:00,2023-10-05,9,Thursday,user_533,General,UK,@user I'm fucking loving this I hope this drags on all day tomorrow but he will join Real Madrid,USER fucking loving hope drag day tomorrow join real madrid,9,4,0.0109694330021739,0.02163429744541645,0.9673961997032166,0.9564267667010427,Positive
10535,2023-10-05 09:54:00,2023-10-05,9,Thursday,user_534,News,Global,Terra Nova: The Complete Series is out on DVD/Blu-Ray TOMORROW & @user have an exclusive clip for you to enjoy!,terra nova complete series tomorrow USER exclusive clip enjoy,11,3,0.0012638915795832872,0.11714521050453186,0.8815909028053284,0.8803270112257451,Positive
10536,2023-10-05 10:05:00,2023-10-05,10,Thursday,user_535,General,Canada,"""Sam last night: """"Shawn tomorrow morning we should wake up at like 9 and make breakfast"""" ... it's 1:34 and he hasn't gotten out of bed yet""",sam last night shawn tomorrow morning wake like NUMBER make breakfast NUMBER NUMBER gotten bed yet,4,2,0.06577333062887192,0.8842830657958984,0.04994359239935875,-0.01582973822951317,Neutral
10537,2023-10-05 10:16:00,2023-10-05,10,Thursday,user_536,News,Canada,Tickets selling well for Northern Lights talk with @user on Thurs 8 Nov\u002c 6.30pm Central Library. To book,ticket selling well northern light talk USER thurs NUMBER NUMBER central library book,0,0,0.002392857801169157,0.2310476005077362,0.7665595412254333,0.7641666834242642,Positive
10538,2023-10-05 10:27:00,2023-10-05,10,Thursday,user_537,News,UK,GOP hopeful Kasich files for 1st-in-the-South primary: Ohio Gov. John Kasich on Monday landed the endo... #HINews,gop hopeful kasich file primary ohio gov john kasich monday landed endo hinews,14,4,0.004273553844541311,0.8548709750175476,0.14085546135902405,0.13658190751448274,Neutral
10539,2023-10-05 10:38:00,2023-10-05,10,Thursday,user_538,Gaming,Global,"""Tomorrow I am off to Petrolia to see \""""""""the Waltons\"""""""" lol and over to London for Evans side of family reunion.""",tomorrow petrolia see lol london evans side family reunion,0,0,0.00788690522313118,0.6036115884780884,0.38850152492523193,0.38061461970210075,Neutral
10540,2023-10-05 10:49:00,2023-10-05,10,Thursday,user_539,Sports,US,getting a call from saudi arabia on a tuesday morning is a slightly alarming way to start the morning,getting call saudi arabia tuesday morning slightly alarming way start morning,12,5,0.8405802845954895,0.15118816494941711,0.008231510408222675,-0.8323487741872668,Negative
10541,2023-10-05 11:00:00,2023-10-05,11,Thursday,user_540,Tech,US,@user Is it a gaffe? Rick Perry may be on military time.,USER gaffe rick perry may military time,23,7,0.3376476466655731,0.6451572179794312,0.01719513349235058,-0.32045251317322254,Neutral
10542,2023-10-05 11:11:00,2023-10-05,11,Thursday,user_541,Gaming,Canada,"""I have tomorrow off so it's Friday to me! """"What will you do with your day off, Kev?"""" Thanks for asking. I'll go see Ant-Man.""",tomorrow friday day kev thanks asking go see,7,3,0.00237475149333477,0.13866479694843292,0.8589604496955872,0.8565856982022524,Positive
10543,2023-10-05 11:22:00,2023-10-05,11,Thursday,user_542,Gaming,UK,Moving video illustrates Europe's refugee problem: Angela Merkel tells sobbing asylum seeker why she can't stay,moving video illustrates europe refugee problem angela merkel tell sobbing asylum seeker ca stay,6,3,0.7641645669937134,0.22351254522800446,0.012322972528636456,-0.7518415944650769,Negative
10544,2023-10-05 11:33:00,2023-10-05,11,Thursday,user_543,Sports,UK,"""Seth Rollins says that Monday was suppose to be the greatest night of his life, referring to the statue of him! #SmackDown #WWE""",seth rollins say monday suppose greatest night life referring statue smackdown wwe,30,15,0.002115389332175255,0.07354681938886642,0.9243378043174744,0.9222224149852991,Positive
10545,2023-10-05 11:44:00,2023-10-05,11,Thursday,user_544,Tech,US,Have tomorrow night off from work and no hw... I'ma Netflix and chill with my dog tomorrow night :-),tomorrow night work hw netflix chill dog tomorrow night,16,9,0.003292091190814972,0.052374694496393204,0.9443331956863403,0.9410411044955254,Positive
10546,2023-10-05 11:55:00,2023-10-05,11,Thursday,user_545,General,Global,"""So, @user in Helsinki tonight with the #RevivalTour, and he has a birthday! Sounds like a killer combination. Too bad its Tuesday.""",USER helsinki tonight revivaltour birthday sound like killer combination bad tuesday,43,12,0.24142052233219147,0.26300618052482605,0.4955733120441437,0.2541527897119522,Positive
10547,2023-10-05 12:06:00,2023-10-05,12,Thursday,user_546,General,Global,@user Is it normal that it takes hours to check the email name for creating an microsoft account? 2nd try!,USER normal take hour check email name creating microsoft account try,23,8,0.7076161503791809,0.27778396010398865,0.014599899761378765,-0.6930162506178021,Negative
10548,2023-10-05 12:17:00,2023-10-05,12,Thursday,user_547,Gaming,US,Tell it Rolling Stone @user,tell rolling stone USER,0,0,0.017945710569620132,0.8403709530830383,0.14168331027030945,0.12373759970068932,Neutral
10549,2023-10-05 12:28:00,2023-10-05,12,Thursday,user_548,Tech,US,It may be over for Big Brother... I'm just ready for survivor where getting blood on your hands is the name of the game!! CBS needs a revamp,may big brother ready survivor getting blood hand name game cbs need revamp,0,0,0.8574613928794861,0.1233368068933487,0.01920182630419731,-0.8382595665752888,Negative
10550,2023-10-05 12:39:00,2023-10-05,12,Thursday,user_549,Gaming,UK,"""The way J-Cole and Kendrick are teasing the world for the their collab album, with Black Friday is just faaaaya!!!""",way kendrick teasing world collab album black friday faaaaya,7,3,0.004103252664208412,0.08471643924713135,0.9111802577972412,0.9070770051330328,Positive
10551,2023-10-05 12:50:00,2023-10-05,12,Thursday,user_550,News,Global,@user we are 3rd same as Bayern after RM and Barca. why the fuck are you taking the name of that snake.,USER bayern rm barca fuck taking name snake,1,1,0.9088627696037292,0.08551975339651108,0.005617472343146801,-0.9032452972605824,Negative
10552,2023-10-05 13:01:00,2023-10-05,13,Thursday,user_551,Gaming,US,A judge ruled Friday that the graphic photos of Kurt Cobain's death will remain sealed per the wishes of his...,judge ruled friday graphic photo kurt cobain death remain sealed per wish,7,3,0.15612885355949402,0.8261083364486694,0.01776282861828804,-0.13836602494120598,Neutral
10553,2023-10-05 13:12:00,2023-10-05,13,Thursday,user_552,Gaming,US,"""#ASimpleLife opens tomorrow at Lee\u2019s 4-Star in San Fran - Roger Ebert called it \""""""""one of the year\u2019s best films\""""""""",asimplelife open tomorrow NUMBER san fran roger ebert called one best,4,2,0.0035676034167408943,0.09010276943445206,0.9063296318054199,0.902762028388679,Positive
10554,2023-10-05 13:23:00,2023-10-05,13,Thursday,user_553,General,Canada,"""#Tech News: Motorola lets you trade in your old Moto G, Moto E for the new (3rd gen) Moto G - IBNLive",tech news motorola let trade old moto g moto e new gen moto g ibnlive,7,3,0.0036656756419688463,0.8068791627883911,0.1894550770521164,0.18578940141014755,Neutral
10555,2023-10-05 13:34:00,2023-10-05,13,Thursday,user_554,General,US,"""Join us in the AV Dept on Weds Aug 15 at 7pm to watch the free movie\u002c\""""Joyful Noise\"""" for all ages\u002cunder age 8 needs adult. #stdlav""",join u av dept wed aug NUMBER watch free joyful age NUMBER need adult stdlav,20,6,0.0048192767426371574,0.5514673590660095,0.44371336698532104,0.4388940902426839,Neutral
10556,2023-10-05 13:45:00,2023-10-05,13,Thursday,user_555,General,US,"Added psychotic to my library when year 12 starts tomorrow #smartmove #gonnafail""",added psychotic library year NUMBER start tomorrow smartmove gonnafail,12,6,0.007784036919474602,0.582767903804779,0.4094480574131012,0.4016640204936266,Neutral
10557,2023-10-05 13:56:00,2023-10-05,13,Thursday,user_556,News,Global,"""just sat in on an hour-long seminar by Neil deGrasse Tyson. Thanks, college!""",sat seminar neil degrasse tyson thanks college,9,3,0.0025060351472347975,0.030981460586190224,0.9665124416351318,0.964006406487897,Positive
10558,2023-10-05 14:07:00,2023-10-05,14,Thursday,user_557,General,UK,Yoga for Anxiety coming up - join me on the 18th of Sept. Register here,yoga anxiety coming join register,23,8,0.008423193357884884,0.7590261101722717,0.2325507253408432,0.22412753198295832,Neutral
10559,2023-10-05 14:18:00,2023-10-05,14,Thursday,user_558,Tech,Global,@user @user @user @user good news I bought Candy today\u002c bringing some on tues. if it lasts,USER USER USER USER good news bought candy bringing last,5,2,0.0020312988199293613,0.040188904851675034,0.9577797651290894,0.95574846630916,Positive
10560,2023-10-05 14:29:00,2023-10-05,14,Thursday,user_559,Sports,UK,BNP opposes Companies Act change: The BNP on Tuesday asked the government to drop the move to change Companies A...,bnp opposes company act change bnp tuesday asked government drop move change company,34,11,0.6156967282295227,0.3755769431591034,0.008726280182600021,-0.6069704480469227,Negative
10561,2023-10-05 14:40:00,2023-10-05,14,Thursday,user_560,Tech,Canada,"""Just to be clear. If Scott Walker wants to end the 14th Amendment, that will apply to all persons right?""",clear scott walker want end amendment apply person right,0,0,0.06122272461652756,0.909785807132721,0.028991544619202614,-0.032231179997324944,Neutral
10562,2023-10-05 14:51:00,2023-10-05,14,Thursday,user_561,Tech,US,Ready to rock out this Thursday w/ Ben Sollee and The Marshall Tucker Band at the 2012 VP Debate Festival at...,ready rock thursday ben sollee marshall tucker band NUMBER vp debate festival,55,15,0.002745433012023568,0.3458053469657898,0.6514492034912109,0.6487037704791874,Positive
10563,2023-10-05 15:02:00,2023-10-05,15,Thursday,user_562,General,Canada,the glass may be rising\u002c but it\u2019s not getting any warmer here\u002c Lago del Desierto\u002c Argentina,glass may getting warmer lago del argentina,15,5,0.7778615951538086,0.21044909954071045,0.011689351871609688,-0.7661722432821989,Negative
10564,2023-10-05 15:13:00,2023-10-05,15,Thursday,user_563,Sports,UK,"""rabta kamati ko q bol rhe ho bhooka marne ke lye,eid ke bad tou wo wasy he mar jaye gy ranges ke khuf sa",rabta kamati ko q bol rhe ho bhooka marne ke lye eid ke bad tou wo wasy mar jaye gy range ke khuf sa,5,2,0.5207041501998901,0.4584294557571411,0.020866407081484795,-0.49983774311840534,Negative
10565,2023-10-05 15:24:00,2023-10-05,15,Thursday,user_564,Sports,Global,"yeah, Harper went 0-3 tonight. that doesn't mean he doesn't have every right to call out every single fake nats fan that left in the 7th",yeah harper went NUMBER NUMBER tonight mean every right call every single fake nats fan left,3,1,0.5563382506370544,0.4177129566669464,0.025948770344257355,-0.5303894802927971,Negative
10566,2023-10-05 15:35:00,2023-10-05,15,Thursday,user_565,Sports,Global,"Several of HNB's staff will be serving at the Early Bird Kiwanis Pork Dinner this Friday the 11th, 11-6 pm at Y's Men Pavilion in Hannibal.",several hnb staff serving early bird kiwanis pork dinner friday NUMBER NUMBER pm men pavilion hannibal,9,3,0.002878112718462944,0.8649202585220337,0.1322016716003418,0.12932355888187885,Neutral
10567,2023-10-05 15:46:00,2023-10-05,15,Thursday,user_566,News,Canada,@user So glad I got to meet you in the flesh last Friday @user for Soundboard!,USER glad got meet flesh last friday USER soundboard,2,1,0.0021009815391153097,0.008226711302995682,0.9896723031997681,0.9875713216606528,Positive
10568,2023-10-05 15:57:00,2023-10-05,15,Thursday,user_567,General,UK,Giving the tickets away to see NERO at the Hammerstein Ballroom next Saturday in 20 minutes!!!! :),giving ticket away see nero hammerstein ballroom next saturday NUMBER minute,0,0,0.001353651168756187,0.11843011528253555,0.8802162408828735,0.8788625897141173,Positive
10569,2023-10-05 16:08:00,2023-10-05,16,Thursday,user_568,Sports,Canada,"""My fav all time R&B singer, Maxwell, w/b @ the MGM Grand, Foxwoods Casino on Nov 24th!! I'm in love!! Lol!!!""",fav time r b singer maxwell mgm grand foxwoods casino nov love lol,7,4,0.0018446079920977354,0.008708156645298004,0.9894472360610962,0.9876026280689985,Positive
10570,2023-10-05 16:19:00,2023-10-05,16,Thursday,user_569,News,Canada,@user Hey the best was when you said Obama put out his smoke on Bidens forehead on Ash Wed,USER hey best said obama put smoke bidens forehead ash wed,11,3,0.03295566514134407,0.3344593942165375,0.6325849890708923,0.5996293239295483,Positive
10571,2023-10-05 16:30:00,2023-10-05,16,Thursday,user_570,Gaming,US,"""#dKepo Chris Rene: Live & Exclusive!: X Factor may be about to start up its first live show of the season tomorrow,...",dkepo chris rene live exclusive x factor may start first live show season tomorrow,16,5,0.002720580203458667,0.8015760779380798,0.1957034021615982,0.19298282195813954,Neutral
10572,2023-10-05 16:41:00,2023-10-05,16,Thursday,user_571,Gaming,Canada,Grateful Dead plays The Beatles Though it struck me that the latest gens may not know...,grateful dead play beatles though struck latest gen may know,49,13,0.053036704659461975,0.5463706254959106,0.4005926549434662,0.3475559502840042,Neutral
10573,2023-10-05 16:52:00,2023-10-05,16,Thursday,user_572,News,US,"""Frank Ocean can go to hell now, IDGAF about him no more when baby dropping her album",frank ocean go hell idgaf baby dropping album,9,3,0.8538588285446167,0.12939932942390442,0.016741834580898285,-0.8371169939637184,Negative
10574,2023-10-05 17:03:00,2023-10-05,17,Thursday,user_573,News,US,black sabbath are announcing their tour and iron maiden just released their 16th album what is life,black sabbath announcing tour iron maiden released album life,10,4,0.0034800192806869745,0.28710371255874634,0.7094163298606873,0.7059363105800003,Positive
10575,2023-10-05 17:14:00,2023-10-05,17,Thursday,user_574,General,Global,1st day of school outfit. Iron maiden shirt Black skinney jeans Black converse. I AM OFFICIALLY PUNK ROCK OKAY.,day school outfit iron maiden shirt black skinney jean black converse officially punk rock okay,0,0,0.004355597775429487,0.1621471345424652,0.8334972262382507,0.8291416284628212,Positive
10576,2023-10-05 17:25:00,2023-10-05,17,Thursday,user_575,General,US,Fifa sunday! @user PSG or Barca all the way @user,fifa sunday USER psg barca way USER,19,6,0.005276580341160297,0.31635844707489014,0.6783649325370789,0.6730883521959186,Positive
10577,2023-10-05 17:36:00,2023-10-05,17,Thursday,user_576,Gaming,US,@user big ben gets forgotten because his SB wins weren't memorible. 1st was the bus show. 2nd feel on deaf ears cause it was vs cards#,USER big ben get forgotten sb win memorible bus show feel deaf ear cause v card,5,2,0.825497567653656,0.16205263137817383,0.012449778616428375,-0.8130477890372276,Negative
10578,2023-10-05 17:47:00,2023-10-05,17,Thursday,user_577,Sports,Global,Tomorrow is the feast of Bl. Pope John Paul II. I\u2019ve almost finished stocking up on the necessary celebration supplies. #celebrate #Catholic,tomorrow feast bl pope john paul ii almost finished stocking necessary celebration supply celebrate catholic,71,18,0.001410573604516685,0.1067890003323555,0.8918004035949707,0.890389829990454,Positive
10579,2023-10-05 17:58:00,2023-10-05,17,Thursday,user_578,Gaming,Canada,@user I really don\u2019t know why you can\u2019t wait for me to get to LAX tomorrow\u002c Chrissy. Us being the best of friends and all..rude.,USER really know wait get lax chrissy u best friend rude,16,8,0.8674129247665405,0.1136377826333046,0.018949391320347786,-0.8484635334461927,Negative
10580,2023-10-05 18:09:00,2023-10-05,18,Thursday,user_579,Sports,UK,Happy Thursday and here's a picture of David Bowie from the old Tonight Show.,happy thursday picture david bowie old tonight show,8,3,0.00155377306509763,0.03817922621965408,0.9602669477462769,0.9587131746811792,Positive
10581,2023-10-05 18:20:00,2023-10-05,18,Thursday,user_580,Sports,UK,[EVENT] KPOP FUN RUN - AFTER PARTY September 5 | Quirino Grandstand Gates open at 4pm Experience the OUTDOOR...,event kpop fun run party september NUMBER quirino grandstand gate open experience outdoor,0,0,0.00305971410125494,0.784621000289917,0.21231935918331146,0.20925964508205652,Neutral
10582,2023-10-05 18:31:00,2023-10-05,18,Thursday,user_581,General,UK,Thanks to EK\u002c car now smells DELISH!! If you bottled this\u002c it\u2019d be called Saturday Night Dorm Bathroom; its spokesman would be John Belushi.,thanks car smell delish bottled called saturday night dorm bathroom spokesman would john belushi,28,9,0.0048165093176066875,0.03856879100203514,0.9566147327423096,0.9517982234247029,Positive
10583,2023-10-05 18:42:00,2023-10-05,18,Thursday,user_582,Tech,Canada,@user Home watching on TV it was obvious Serena tanked that 2nd set to give the crowd a 3 set match. Can you try to be transparent,USER home watching tv obvious serena tanked set give crowd NUMBER set match try transparent,23,8,0.4159321188926697,0.5510050058364868,0.033062852919101715,-0.38286926597356796,Neutral
10584,2023-10-05 18:53:00,2023-10-05,18,Thursday,user_583,Tech,US,"""Man Rapes, Infects Lover's Kids with HIV in Benue State A 32-year-old man, Mr. Terkura Iorpuu, was on Thursday a...""",man rape infects lover kid hiv benue state NUMBER man terkura iorpuu thursday,3,1,0.7665284872055054,0.22736629843711853,0.006105233449488878,-0.7604232537560165,Negative
10585,2023-10-05 19:04:00,2023-10-05,19,Thursday,user_584,News,UK,Me rn cause Calibraska comes out tomorrow in the U.S.,rn cause calibraska come tomorrow,2,1,0.023577263578772545,0.7016342282295227,0.2747885584831238,0.25121129490435123,Neutral
10586,2023-10-05 19:15:00,2023-10-05,19,Thursday,user_585,General,Canada,@user unfortunately not but I did get to tune in to Saturday Kitchen in the hotel.,USER unfortunately get tune saturday kitchen hotel,23,7,0.44423773884773254,0.5255992412567139,0.030163012444972992,-0.41407472640275955,Neutral
10587,2023-10-05 19:26:00,2023-10-05,19,Thursday,user_586,Sports,US,Oddly the Apple event will stream to a Edge browser but not to Chrome,oddly apple event stream edge browser chrome,3,1,0.12129716575145721,0.8214476108551025,0.057255297899246216,-0.064041867852211,Neutral
10588,2023-10-05 19:37:00,2023-10-05,19,Thursday,user_587,Tech,Global,MMAWeekly Radio Tuesday: Miesha Tate\u002c Ryan Madigan and the Best Debate in MMA #debate #Front_Page #Miesha_Tate,mmaweekly radio tuesday miesha ryan madigan best debate mma debate,44,12,0.0040894621051847935,0.4400920867919922,0.555818498134613,0.5517290360294282,Positive
10589,2023-10-05 19:48:00,2023-10-05,19,Thursday,user_588,Sports,UK,"depending on how late Madonna goes on stage tonight, I may consider thinking about getting a ticket for Sat. night. maybe. #notreally",depending late madonna go stage tonight may consider thinking getting ticket sat night maybe notreally,7,2,0.050161268562078476,0.8134059906005859,0.13643279671669006,0.08627152815461159,Neutral
10590,2023-10-05 19:59:00,2023-10-05,19,Thursday,user_589,Tech,US,@user Are you going to SJP tomorrow night pal?,USER going sjp tomorrow night pal,0,0,0.0049620685167610645,0.9472212195396423,0.047816790640354156,0.04285472212359309,Neutral
10591,2023-10-05 20:10:00,2023-10-05,20,Thursday,user_590,Tech,UK,"""Aaaaah The Word. Emu &amp; Snoop, Nirvana's UK TV debut, Oliver Reed being Oliver Reed, don't make em like they used too",aaaaah word emu amp snoop nirvana uk tv debut oliver reed oliver reed make em like used,17,8,0.11264024674892426,0.7084221839904785,0.17893755435943604,0.06629730761051178,Neutral
10592,2023-10-05 20:21:00,2023-10-05,20,Thursday,user_591,Tech,UK,"""Brady is free, Jason Aldean tonight, Busch gardens on Saturday, and brunch on Sunday! Best birthday weekend ever! #FreeBrady #TB12""",brady free jason aldean tonight busch garden saturday brunch sunday best birthday weekend ever freebrady,7,2,0.0013506626710295677,0.014256443828344345,0.9843928217887878,0.9830421591177583,Positive
10593,2023-10-05 20:32:00,2023-10-05,20,Thursday,user_592,General,UK,Spur of the moment....Going to San Diego for the #NFL Game tonight! Psyched! #NHL Ducks Game tomorrow! Great start to the weekend! =),spur moment going san diego nfl game tonight psyched nhl duck game tomorrow great start weekend,8,3,0.0014716447331011295,0.00938791036605835,0.9891403913497925,0.9876687466166914,Positive
10594,2023-10-05 20:43:00,2023-10-05,20,Thursday,user_593,Gaming,US,Seth Rollins looks like the typical emo kid that shops at Pac Sun #SummerSlam,seth rollins look like typical emo kid shop pac sun summerslam,0,0,0.22866185009479523,0.7140552997589111,0.05728289857506752,-0.1713789515197277,Neutral
10595,2023-10-05 20:54:00,2023-10-05,20,Thursday,user_594,Sports,Canada,"""Milky Way Ransacks Nearby Dwarf Galaxies: Washington DC (SPX) Oct 17, 2014 Astronomers using the National Science Foundation's Green...""",milky way ransacks nearby dwarf galaxy washington dc spx oct NUMBER NUMBER astronomer using national science foundation green,0,0,0.05764951556921005,0.9098494648933411,0.03250104561448097,-0.02514846995472908,Neutral
10596,2023-10-05 21:05:00,2023-10-05,21,Thursday,user_595,General,US,So I'm ready to make more progress in Dark Souls NG-NG+99...we'll kick off tomorrow's stream with NG+86 Chat Chosen Weapons 2pm EDT!!!,ready make progress dark soul NUMBER kick tomorrow stream NUMBER chat chosen weapon edt,15,5,0.001939701847732067,0.06365203112363815,0.9344082474708557,0.9324685456231236,Positive
10597,2023-10-05 21:16:00,2023-10-05,21,Thursday,user_596,General,UK,@user yeah the freak Tim Byrdak brought the chicken in the clubhouse. 2nd rate move by 2nd rate organization,USER yeah freak tim byrdak brought chicken clubhouse rate move rate organization,10,3,0.9202001690864563,0.07434584945440292,0.00545398099347949,-0.9147461880929768,Negative
10598,2023-10-05 21:27:00,2023-10-05,21,Thursday,user_597,General,US,"""Jennifer Lawrence &amp; Bradley Cooper reunite in #Serena, out on 24 Oct @user mannequins are looking the part",jennifer lawrence amp bradley cooper reunite serena NUMBER oct USER mannequin looking part,15,4,0.0039953384548425674,0.6344567537307739,0.36154794692993164,0.3575526084750891,Neutral
10599,2023-10-05 21:38:00,2023-10-05,21,Thursday,user_598,General,Global,How long am I going to have to wait for Naruto to end and binge watch only the 4th shinobi war? #NoFillers,long going wait naruto end binge watch shinobi war nofillers,16,7,0.6305286288261414,0.3452148139476776,0.024256546050310135,-0.6062720827758312,Negative
10600,2023-10-05 21:49:00,2023-10-05,21,Thursday,user_599,General,Canada,It's the first Football Friday of the year. That means two things: no more previews and the march to MetLife is on!,first football friday year mean two thing preview march metlife,16,5,0.002995510818436742,0.07408414036035538,0.9229204058647156,0.9199248950462788,Positive
10601,2023-10-05 22:00:00,2023-10-05,22,Thursday,user_600,News,US,@user although that may be true I will never bow to Dunkin. Regardless of how bludgeoned it may leave me,USER although may true never bow dunkin regardless bludgeoned may leave,0,0,0.7866535186767578,0.1957097202539444,0.017636802047491074,-0.7690167166292667,Negative
10602,2023-10-05 22:11:00,2023-10-05,22,Thursday,user_601,Sports,Global,"""David Price felt good even into 8th inning. Then it snowballed. """"That's baseball, that's part of it and if you don't like it, pitch better.""""""",david price felt good even inning snowballed baseball part like pitch better,3,2,0.07101013511419296,0.4469502866268158,0.48203957080841064,0.4110294356942177,Positive
10603,2023-10-05 22:22:00,2023-10-05,22,Thursday,user_602,General,Canada,"""#Maltese dognapping; assault at Dunkin' GoNuts; man leaves key in car, it gets stolen (seriously): #police #crime""",maltese dognapping assault dunkin gonuts man leaf key car get stolen seriously police crime,35,11,0.8296594023704529,0.1631382405757904,0.00720237148925662,-0.8224570308811963,Negative
10604,2023-10-05 22:33:00,2023-10-05,22,Thursday,user_603,Sports,Global,"""Please be advised that Round 5 of the Eastern Province Special Stage Rally Championship, scheduled for the 8th of...",please advised round NUMBER eastern province special stage rally championship scheduled,22,7,0.017364509403705597,0.9491389989852905,0.0334964282810688,0.016131918877363205,Neutral
10605,2023-10-05 22:44:00,2023-10-05,22,Thursday,user_604,News,Canada,"""Straight Outta Compton dragged a little in the 3rd act but was very good. Laughs, tears. And O'Shea Jackson Jr. WAS Ice Cube!""",straight outta compton dragged little act good laugh tear jackson ice cube,15,4,0.007389243692159653,0.04793817922472954,0.9446725249290466,0.937283281236887,Positive
10606,2023-10-05 22:55:00,2023-10-05,22,Thursday,user_605,News,US,Hannibal's 3rd season feels like it became more and more a parody of itself.,hannibal season feel like became parody,2,1,0.9321911334991455,0.062396250665187836,0.005412604194134474,-0.926778529305011,Negative
10607,2023-10-05 23:06:00,2023-10-05,23,Thursday,user_606,Sports,Global,Any of my friends have ne magical powers to get me 2 tix to see Eric Church this thursday? will pay cash... need to make the wifey smile....,friend ne magical power get NUMBER tix see eric church thursday pay cash need make wifey smile,2,1,0.006174847949296236,0.18527092039585114,0.8085542321205139,0.8023793841712177,Positive
10608,2023-10-05 23:17:00,2023-10-05,23,Thursday,user_607,Tech,UK,Did you know that 'Caitlyn Jenner' was Trending Topic on Thursday 20 for 5 hours in Washington? #trndnl,know caitlyn jenner trending topic thursday NUMBER NUMBER hour washington trndnl,9,6,0.007024560123682022,0.9155867099761963,0.07738874852657318,0.07036418840289116,Neutral
10609,2023-10-05 23:28:00,2023-10-05,23,Thursday,user_608,Gaming,Global,LPG price hike put on hold: Facing stiff opposition\u002c the Centre on Thursday night put on hold the Rs. 26.50 incr...,lpg price hike put hold facing stiff centre thursday night put hold r NUMBER incr,22,9,0.5763052701950073,0.41548436880111694,0.00821035634726286,-0.5680949138477445,Negative
10610,2023-10-05 23:39:00,2023-10-05,23,Thursday,user_609,Tech,Canada,@user next Thursday is the last day at Dunkin and I'm trying to celebrate lol,USER next thursday last day dunkin trying celebrate lol,11,5,0.005595251452177763,0.12785598635673523,0.8665487766265869,0.8609535251744092,Positive
10611,2023-10-05 23:50:00,2023-10-05,23,Thursday,user_610,Tech,US,New post: MLB roundup: Blue Jays score four in the 10th to top Red Sox,new post mlb roundup blue jay score four top red sox,27,8,0.0036930006463080645,0.8903048634529114,0.10600213706493378,0.10230913641862571,Neutral
10612,2023-10-06 00:01:00,2023-10-06,0,Friday,user_611,Tech,Canada,if Ed Sheeran does a surprise performance with someone tomorrow at the VMAs refer back to this tweet,ed sheeran surprise performance someone tomorrow vmas refer back tweet,16,7,0.006630101706832647,0.9173173904418945,0.07605252414941788,0.06942242244258523,Neutral
10613,2023-10-06 00:12:00,2023-10-06,0,Friday,user_612,General,Global,@user Better Suit Up at the Senior Bowl Friday night.,USER better suit senior bowl friday night,0,0,0.0562247671186924,0.6599178910255432,0.2838573455810547,0.2276325784623623,Neutral
10614,2023-10-06 00:23:00,2023-10-06,0,Friday,user_613,News,Global,Retweeted FOX Sports: UFC (@UFCONFOX): CONOR MCGREGOR is your new interim champion!! TKO in the 2nd round over...,retweeted fox sport ufc USER conor mcgregor new interim champion tko round,7,2,0.0030794849153608084,0.5935972929000854,0.4033232033252716,0.4002437184099108,Neutral
10615,2023-10-06 00:34:00,2023-10-06,0,Friday,user_614,Tech,UK,Just got email about @user press conference at 11am on Wednesday at the MLK Jr statue at Marshall Park. #CLT #dnc2012 #DNC,got email USER press conference wednesday mlk jr statue marshall park clt dnc,0,0,0.01107617188245058,0.9454141855239868,0.04350966587662697,0.03243349399417639,Neutral
10616,2023-10-06 00:45:00,2023-10-06,0,Friday,user_615,News,US,Take a Warm Winter Vacation in Myrtle Beach : Vacations Made ...: Ring in the holiday season at the 31st Annual ...,take warm winter vacation myrtle beach vacation made ring holiday season annual,3,1,0.0024850897025316954,0.2989894449710846,0.6985254287719727,0.696040339069441,Positive
10617,2023-10-06 00:56:00,2023-10-06,0,Friday,user_616,Sports,US,A reminder to all Hong Kong Optimist Sailors: you must pre-book your Prizegiving Curry Buffet for Sunday. Deadline...,reminder hong kong optimist sailor must prizegiving curry buffet sunday deadline,34,10,0.009499023668467999,0.838302731513977,0.15219824016094208,0.14269921649247408,Neutral
10618,2023-10-06 01:07:00,2023-10-06,1,Friday,user_617,Gaming,Global,@user Good luck agaist Tampa Bay tonight.,USER good luck agaist tampa bay tonight,8,3,0.005382312927395105,0.09164343774318695,0.9029742479324341,0.897591935005039,Positive
10619,2023-10-06 01:18:00,2023-10-06,1,Friday,user_618,Sports,US,I may spend a lot of my free time riding on random elevators hoping for a chance encounter with Bill Murray...,may spend lot free time riding random elevator hoping chance encounter bill murray,5,3,0.03454006090760231,0.5101752877235413,0.45528465509414673,0.4207445941865444,Neutral
10620,2023-10-06 01:29:00,2023-10-06,1,Friday,user_619,Sports,UK,"""Had a pretty good night. Jogging on the beach, swimming in my clothes. Popcorn and Family Guy. Excellent. :3""",pretty good night jogging beach swimming clothes popcorn family guy excellent NUMBER,0,0,0.0022605382837355137,0.010479492135345936,0.9872599840164185,0.9849994457326829,Positive
10621,2023-10-06 01:40:00,2023-10-06,1,Friday,user_620,General,Canada,- Rick Perry May Be the First Establishment Casualty of the GOP's Ridiculous 2016 Primary,rick perry may first establishment casualty gop ridiculous NUMBER primary,2,1,0.8608324527740479,0.13164882361888885,0.007518689148128033,-0.8533137636259198,Negative
10622,2023-10-06 01:51:00,2023-10-06,1,Friday,user_621,Gaming,US,@user cant wait for you to come to dublin on monday so excited to see you:-) <3,USER cant wait come dublin monday excited see NUMBER,3,1,0.0018024216406047344,0.006463661324232817,0.9917339086532593,0.9899314870126545,Positive
10623,2023-10-06 02:02:00,2023-10-06,2,Friday,user_622,Sports,Global,"""Not the best start to the 2nd set from Murray, but our print editor is more focused on the fact that apparently both players """"look scruffy""""""",best start set murray print editor focused fact apparently player look scruffy,2,1,0.7263949513435364,0.26007673144340515,0.013528336770832539,-0.7128666145727038,Negative
10624,2023-10-06 02:13:00,2023-10-06,2,Friday,user_623,Sports,Canada,"""Come join us at the Walmart \""""""""I Love My Car\"""""""" event this Friday and Saturday in Pico Rivera! Games and give-aways for the whole family.""",come join u walmart love event friday saturday pico rivera game whole family,18,5,0.0013399176532402635,0.03972478210926056,0.9589353203773499,0.9575954027241096,Positive
10625,2023-10-06 02:24:00,2023-10-06,2,Friday,user_624,Gaming,Canada,i want tickets to the Thursday Game Heat vs Knicks (Game 3) hmm...,want ticket thursday game heat v knicks game NUMBER hmm,3,1,0.008931699208915234,0.8684295415878296,0.12263879179954529,0.11370709259063005,Neutral
10626,2023-10-06 02:35:00,2023-10-06,2,Friday,user_625,Gaming,UK,[411Music] Dr. Conrad Murray to Take the Stand in Michael Jackson Murder Trial: Jury selection begins this Thursday...,conrad murray take stand michael jackson murder trial jury selection begin thursday,7,4,0.0235856082290411,0.9530560970306396,0.02335824817419052,-0.0002273600548505783,Neutral
10627,2023-10-06 02:46:00,2023-10-06,2,Friday,user_626,Sports,Global,Looking forward to spending the last night at a luxurious hotel though. Hot Springs. Then we're back Friday night,looking forward spending last night luxurious hotel though hot spring back friday night,0,0,0.0017692965921014547,0.025446832180023193,0.9727838635444641,0.9710145669523627,Positive
10628,2023-10-06 02:57:00,2023-10-06,2,Friday,user_627,Gaming,US,@user I know I'm stupid but it seems SCOTUS has established marriage as a right via 14th. Kim was denying people who legally qualified.,USER know stupid seems scotus established marriage right via kim denying people legally qualified,0,0,0.3959716558456421,0.5783774256706238,0.02565094642341137,-0.3703207094222307,Neutral
10629,2023-10-06 03:08:00,2023-10-06,3,Friday,user_628,Sports,Global,@user idk I just wanted to make convo since my phone is kinda ruined because pool and I'm using like a 3rd generation iPod lol so,USER idk wanted make convo since phone kinda ruined pool using like generation ipod lol,2,1,0.6893090605735779,0.28267455101013184,0.02801642008125782,-0.6612926404923201,Negative
10630,2023-10-06 03:19:00,2023-10-06,3,Friday,user_629,Sports,Canada,I wonder what really went down the night Meredith was murdered in the Amanda Knox trial.,wonder really went night meredith murdered amanda knox trial,12,4,0.33893924951553345,0.6476696133613586,0.013391158543527126,-0.3255480909720063,Neutral
10631,2023-10-06 03:30:00,2023-10-06,3,Friday,user_630,General,Global,Do you live near York? Come stand with Planned Parenthood next Thursday -- details here,live near york come stand planned parenthood next thursday detail,8,5,0.006639378610998392,0.8871923089027405,0.10616827756166458,0.09952889895066619,Neutral
10632,2023-10-06 03:41:00,2023-10-06,3,Friday,user_631,Tech,US,Sprint to buy stake in Clearwire: Sprint Nextel Corp. on Thursday said that it wants to buy out the founder of C...,sprint buy stake clearwire sprint nextel thursday said want buy founder c,6,2,0.008072338998317719,0.9372354745864868,0.05469226464629173,0.046619925647974014,Neutral
10633,2023-10-06 03:52:00,2023-10-06,3,Friday,user_632,Sports,US,Eric church tonight and tomorrow downtown 2 nights in a row I think yes,eric church tonight tomorrow downtown NUMBER night row think yes,5,2,0.0037576083559542894,0.5733484029769897,0.4228939712047577,0.4191363628488034,Neutral
10634,2023-10-06 04:03:00,2023-10-06,4,Friday,user_633,News,UK,Curtis and Perkins going well in tandem for the @user 121/1 in the 22nd. Chasing the Hinds' 228. ^BM,curtis perkins going well tandem USER NUMBER NUMBER chasing hind NUMBER,15,6,0.002686838386580348,0.5183407068252563,0.4789724349975586,0.47628559661097825,Neutral
10635,2023-10-06 04:14:00,2023-10-06,4,Friday,user_634,Tech,US,1st goal for Milan this season by Bacca . And it's his 1st goal with Milan . #MILEMP,goal milan season bacca goal milan milemp,0,0,0.0027213154826313257,0.5122290849685669,0.4850495755672455,0.48232826008461416,Neutral
10636,2023-10-06 04:25:00,2023-10-06,4,Friday,user_635,Tech,US,"""Helped a friend setup a new Moto G (3rd Gen) this weekend. It's no iPhone, but what you get for the money is amazing.""",helped friend setup new moto g gen weekend iphone get money amazing,5,2,0.004001229535788298,0.023822687566280365,0.9721760749816895,0.9681748454459012,Positive
10637,2023-10-06 04:36:00,2023-10-06,4,Friday,user_636,Tech,Global,Catholics changed the 7th day of Sabbath from Saturday to Sunday. Sunday being the 1st day. Catholics changed the calender!,catholic changed day sabbath saturday sunday sunday day catholic changed calender,16,8,0.026451468467712402,0.925361692905426,0.04818691313266754,0.02173544466495514,Neutral
10638,2023-10-06 04:47:00,2023-10-06,4,Friday,user_637,General,Global,"""Fly Yoga with Sabah and Piper, Arms and Core, Wednesday 8:15pm and Thursday 11am.",fly yoga sabah piper arm core wednesday NUMBER thursday,10,4,0.003336311085149646,0.9058696031570435,0.09079412370920181,0.08745781262405217,Neutral
10639,2023-10-06 04:58:00,2023-10-06,4,Friday,user_638,Sports,Canada,"""#worstroadtripever Only had one cassette in the car, U2's The Unforgettable Fire, which is great until you get a headache the 13th time thru""",worstroadtripever one cassette car unforgettable fire great get headache time thru,7,2,0.6433279514312744,0.21944482624530792,0.13722725212574005,-0.5061006993055344,Negative
10640,2023-10-06 05:09:00,2023-10-06,5,Friday,user_639,General,UK,Black Ops III Beta looked a lot better on PS4 than on Xbox One. I hope that isn't the case come November.,black ops iii beta looked lot better xbox one hope case come november,21,11,0.19602856040000916,0.3471478223800659,0.4568237066268921,0.26079514622688293,Positive
10641,2023-10-06 05:20:00,2023-10-06,5,Friday,user_640,Sports,Global,"Interesting Sunday read on the rise, fall and rebirth of Google+.",interesting sunday read rise fall rebirth,14,7,0.0045341551303863525,0.14358016848564148,0.8518857359886169,0.8473515808582306,Positive
10642,2023-10-06 05:31:00,2023-10-06,5,Friday,user_641,General,US,"""Cate Blanchett Sighting: New York, New York/ 8th Annual Museum of Modern Art Film Benefit, honoring the actress",cate blanchett sighting new york new annual museum modern art film benefit honoring actress,1,1,0.0023169289343059063,0.3669712543487549,0.6307118535041809,0.628394924569875,Positive
10643,2023-10-06 05:42:00,2023-10-06,5,Friday,user_642,General,Canada,Us Magazine Sam Smith Writes and Records the New James Bond Theme Tune for the Upcoming M... #news #May #Omg #NFB,u magazine sam smith writes record new james bond theme tune upcoming news may omg nfb,7,5,0.00355449877679348,0.8478249311447144,0.14862056076526642,0.14506606198847294,Neutral
10644,2023-10-06 05:53:00,2023-10-06,5,Friday,user_643,News,Global,Sharknado on Twitter: &amp;quot;Will April make it to 'Nado number 4? YOU DECIDE! VOTE now using ...,sharknado twitter amp quot april make nado number NUMBER decide vote using,14,4,0.011200124397873878,0.9048362374305725,0.08396367728710175,0.07276355288922787,Neutral
10645,2023-10-06 06:04:00,2023-10-06,6,Friday,user_644,General,UK,watching Eclipse with Katiee then Vampire Diaries for the rest of the night(:,watching eclipse katiee vampire diary rest night,6,2,0.0030528828501701355,0.522455632686615,0.47449150681495667,0.47143862396478653,Neutral
10646,2023-10-06 06:15:00,2023-10-06,6,Friday,user_645,Gaming,UK,@user @user @user Right then....you here Thursday with Justin?,USER USER USER right thursday justin,4,2,0.005002508405596018,0.9433717727661133,0.051625676453113556,0.04662316804751754,Neutral
10647,2023-10-06 06:26:00,2023-10-06,6,Friday,user_646,News,Canada,@user pokito but I missed you lol you better tell me tomorrow what went on in Mr.Mickels class(:,USER pokito missed lol better tell tomorrow went class,6,2,0.13553805649280548,0.43202662467956543,0.43243536353111267,0.2968973070383072,Positive
10648,2023-10-06 06:37:00,2023-10-06,6,Friday,user_647,General,Canada,Hillary's Computer Tech to Plead the Fifth; Congress May Offer a Deal - The New American,hillary computer tech plead fifth congress may offer deal new american,9,4,0.024282243102788925,0.845441997051239,0.13027580082416534,0.10599355772137642,Neutral
10649,2023-10-06 06:48:00,2023-10-06,6,Friday,user_648,Tech,Canada,@user Thanks for the S/O! Be sure to check out our free pizza promotion tomorrow with a purchase of $25 or more! See you soon - Kyle,USER thanks sure check free pizza promotion tomorrow purchase NUMBER see soon kyle,7,2,0.0011170937214046717,0.027089718729257584,0.9717931747436523,0.9706760810222477,Positive
10650,2023-10-06 06:59:00,2023-10-06,6,Friday,user_649,Gaming,Canada,@user Chelsea and Liverpool lost now I hope Milan wins and Juventus lose tomorrow and it will be the perfect weekend,USER chelsea liverpool lost hope milan win juventus lose tomorrow perfect weekend,31,8,0.19819483160972595,0.3511567711830139,0.4506484270095825,0.25245359539985657,Positive
10651,2023-10-06 07:10:00,2023-10-06,7,Friday,user_650,Gaming,Canada,Tanzania 0 #Nigeria 0 at half-time. Proof that Sunday Oliseh's new team will need time. Tough game so far for the Super Eagles. #afcon2017,tanzania NUMBER nigeria NUMBER proof sunday oliseh new team need time tough game far super eagle,12,5,0.2790001332759857,0.656246542930603,0.06475336849689484,-0.21424676477909088,Neutral
10652,2023-10-06 07:21:00,2023-10-06,7,Friday,user_651,Gaming,US,"@user Hey Tony saw you in the pit at Foo Fighters on Saturday, but didn't have the chance to say hi! Did you have a good evening?""",USER hey tony saw pit foo fighter saturday chance say hi good evening,0,0,0.013504677452147007,0.17977453768253326,0.8067207932472229,0.7932161157950759,Positive
10653,2023-10-06 07:32:00,2023-10-06,7,Friday,user_652,News,US,Enjoy lunch on Sept 23 and learn how you can improve your database performance while reducing Oracle licensing costs,enjoy lunch sept NUMBER learn improve database performance reducing oracle licensing cost,17,5,0.003849557600915432,0.11603901535272598,0.8801114559173584,0.876261898316443,Positive
10654,2023-10-06 07:43:00,2023-10-06,7,Friday,user_653,General,Global,Think I might go to the Colts game tomorrow,think might go colt game tomorrow,2,1,0.006957914214581251,0.7270659804344177,0.26597610116004944,0.2590181869454682,Neutral
10655,2023-10-06 07:54:00,2023-10-06,7,Friday,user_654,General,UK,@user Why do you keep saying iPad HD do you mean the 3rd generation one??,USER keep saying ipad hd mean generation one,8,4,0.13285337388515472,0.8118422627449036,0.05530433729290962,-0.0775490365922451,Neutral
10656,2023-10-06 08:05:00,2023-10-06,8,Friday,user_655,Tech,US,A Gay marriage license will never legitimize sin You may get the marriage penalty &amp; pay higher taxes but B4 God you R still living in sin,gay marriage license never legitimize sin may get marriage penalty amp pay higher tax god r still living sin,13,5,0.7645092606544495,0.2234884798526764,0.012002244591712952,-0.7525070160627365,Negative
10657,2023-10-06 08:16:00,2023-10-06,8,Friday,user_656,Tech,US,"I love your site..it's interesting. I was just reading a few articles. I'm tweeting, facebook, google+ the 1st one",love site interesting reading article tweeting facebook one,3,1,0.002582736313343048,0.012583380565047264,0.984833836555481,0.9822511002421379,Positive
10658,2023-10-06 08:27:00,2023-10-06,8,Friday,user_657,Gaming,US,"@user lol bastich... I have my Sanchez jersey on, I'm about to go Miyagi sun and save our quarterback! #jets""",USER lol bastich sanchez jersey go miyagi sun save quarterback jet,11,3,0.01197264064103365,0.2431069016456604,0.7449204921722412,0.7329478515312076,Positive
10659,2023-10-06 08:38:00,2023-10-06,8,Friday,user_658,Tech,Global,"Just saw a van for a bat removal company that said ""Batman"" on the hood. Definitely made my Friday morning.",saw van bat removal company said batman hood definitely made friday morning,3,1,0.004535074345767498,0.06575733423233032,0.9297075271606445,0.925172452814877,Positive
10660,2023-10-06 08:49:00,2023-10-06,8,Friday,user_659,News,Canada,@user It's Gucci. Hopefully I get the cast off Friday.,USER gucci hopefully get cast friday,0,0,0.01316970307379961,0.6461365818977356,0.34069371223449707,0.32752400916069746,Neutral
10661,2023-10-06 09:00:00,2023-10-06,9,Friday,user_660,General,Global,@user Dana white reportedly said holly will have to wait to fight Ronda in July but she wants to fight in February or March smgdh,USER dana white reportedly said holly wait fight ronda july want fight february march smgdh,6,2,0.07995018362998962,0.8849920034408569,0.035057831555604935,-0.04489235207438469,Neutral
10662,2023-10-06 09:11:00,2023-10-06,9,Friday,user_661,Gaming,UK,@user it\u2019s time to call in the CBB...Monday is going down!,USER time call cbb monday going,7,2,0.4287598729133606,0.5190436244010925,0.05219651386141777,-0.3765633590519428,Neutral
10663,2023-10-06 09:22:00,2023-10-06,9,Friday,user_662,Tech,UK,"""it's august 8th and still no Frank Ocean album, when will this terror end""",august still frank ocean album terror end,89,26,0.894945502281189,0.09824611246585846,0.006808411795645952,-0.888137090485543,Negative
10664,2023-10-06 09:33:00,2023-10-06,9,Friday,user_663,News,UK,Is your computer acting like it is still on Labor Day break? Just reboot - It's patch Tuesday :),computer acting like still labor day break reboot patch tuesday,4,2,0.017872745171189308,0.5281606912612915,0.45396658778190613,0.4360938426107168,Neutral
10665,2023-10-06 09:44:00,2023-10-06,9,Friday,user_664,News,UK,We didn 39t make The Hills Tuesday night session at PaleyFest but those,make hill tuesday night session paleyfest,5,2,0.15672405064105988,0.780815839767456,0.062460049986839294,-0.09426400065422058,Neutral
10666,2023-10-06 09:55:00,2023-10-06,9,Friday,user_665,Tech,US,AC Milan reportedly want Miralem Pjanic to join the San Siro in January #FootballFanatic,ac milan reportedly want miralem pjanic join san siro january footballfanatic,14,4,0.016137998551130295,0.9504509568214417,0.033411040902137756,0.01727304235100746,Neutral
10667,2023-10-06 10:06:00,2023-10-06,10,Friday,user_666,General,US,"@user You can now Listen new song cover of @user Love yourself"""" by: Justin bieber heres the link~&gt;https://t.co/Mq1tVGbqxm""""""",USER listen new song cover USER love justin bieber here gt URL,0,0,0.0024152109399437904,0.37919849157333374,0.6183862686157227,0.6159710576757789,Positive
10668,2023-10-06 10:17:00,2023-10-06,10,Friday,user_667,Tech,Global,"""Bucks backcourt mates Brandon Jennings and Monta Ellis had a \""""""""little brother-big brother\"""""""" talk on Sunday\u002c as Jennings described it.""",buck backcourt mate brandon jennings monta elli little talk jennings described,56,16,0.011246581561863422,0.9397130608558655,0.04904033616185188,0.03779375459998846,Neutral
10669,2023-10-06 10:28:00,2023-10-06,10,Friday,user_668,Gaming,Canada,Capello: I\u2019ll Tweak Lineup for Azerbaijan Game: Coach Fabio Capello said Monday he will tweak the Russian lineup...,capello tweak lineup azerbaijan game coach fabio capello said monday tweak russian lineup,9,5,0.01901215687394142,0.9629964232444763,0.017991354689002037,-0.0010208021849393845,Neutral
10670,2023-10-06 10:39:00,2023-10-06,10,Friday,user_669,Tech,UK,"""Managed to loose my keys on 6th, puke my guts up all the next day and sober up in time for the sam smith concert... Then""",managed loose key puke gut next day sober time sam smith concert,19,7,0.49895191192626953,0.41283708810806274,0.08821099996566772,-0.4107409119606018,Negative
10671,2023-10-06 10:50:00,2023-10-06,10,Friday,user_670,News,Global,"""The 2nd act released onto the FUTURE-ONE line up is the massive ORGAN DONORS! 30th November @ City Nightclub, Falkirk. #Nutcases""",act released onto line massive organ donor november city nightclub falkirk nutcase,0,0,0.016788417473435402,0.5522834658622742,0.43092814087867737,0.41413972340524197,Neutral
10672,2023-10-06 11:01:00,2023-10-06,11,Friday,user_671,Tech,US,PSN Tuesday: Assassin\u2019s Creed 3\u002c Okami HD: You can buy all the Assassin\u2019s Creed you can handle on PSN today. Both...,psn tuesday creed NUMBER okami hd buy creed handle psn today,4,2,0.004242599941790104,0.7843057513237,0.2114516645669937,0.2072090646252036,Neutral
10673,2023-10-06 11:12:00,2023-10-06,11,Friday,user_672,General,US,"Dear God, may we trade you all the music ""artists"" at tonight's #MTVVMAs and have Frank Sinatra and Kurt Cobain back? Please? #Amen",dear god may trade music artist tonight mtvvmas frank sinatra kurt cobain back please amen,4,2,0.026556579396128654,0.4338497519493103,0.5395936965942383,0.5130371171981096,Positive
10674,2023-10-06 11:23:00,2023-10-06,11,Friday,user_673,Sports,Canada,Fan walks with Seth Rollins on Monday night raw @user via @user,fan walk seth rollins monday night raw USER via USER,20,8,0.003132360288873315,0.9166433811187744,0.08022420108318329,0.07709184079430997,Neutral
10675,2023-10-06 11:34:00,2023-10-06,11,Friday,user_674,Tech,Canada,Waiting for Newcastle to smash the Mackems with @user #DerbyDay in the sun!,waiting newcastle smash mackem USER derbyday sun,0,0,0.0040628258138895035,0.14911900460720062,0.846818208694458,0.8427553828805685,Positive
10676,2023-10-06 11:45:00,2023-10-06,11,Friday,user_675,General,Canada,I basically live here. Find me on the 4th floor! (@ Dr. Martin Luther King Jr. Library) on #Yelp,basically live find floor martin luther king library yelp,1,1,0.003762271488085389,0.7151741981506348,0.2810635268688202,0.2773012553807348,Neutral
10677,2023-10-06 11:56:00,2023-10-06,11,Friday,user_676,General,Global,Chelsea Manning may face solitary confinement after caught with the Caitlyn Jenner Vanity Fair,chelsea manning may face solitary confinement caught caitlyn jenner vanity fair,71,19,0.43851330876350403,0.5514078736305237,0.010078835301101208,-0.4284344734624028,Neutral
10678,2023-10-06 12:07:00,2023-10-06,12,Friday,user_677,News,US,The Book of Souls sounds like it's going to be everything we love about Iron Maiden. Can't wait for sept 4th!,book soul sound like going everything love iron maiden ca wait sept,5,3,0.0016518933698534966,0.009971093386411667,0.988377034664154,0.9867251412943006,Positive
10679,2023-10-06 12:18:00,2023-10-06,12,Friday,user_678,General,US,"""Or may be they're not convinced that Yakub was a traitor, rather helping the authorities. It's a perception game.",may convinced yakub traitor rather helping authority perception game,7,2,0.6499214768409729,0.33800601959228516,0.012072494253516197,-0.6378489825874567,Negative
10680,2023-10-06 12:29:00,2023-10-06,12,Friday,user_679,General,Canada,Something is wrong with those people born at the end of march including myself and Lady Gaga,something wrong people born end march including lady gaga,0,0,0.821691632270813,0.16708596050739288,0.01122240163385868,-0.8104692306369543,Negative
10681,2023-10-06 12:40:00,2023-10-06,12,Friday,user_680,General,UK,"""WWERollins,u may have 2 defend ur title against Brock Lesnar anew due 2 the Undertaker attacking him just as he was about 2 b WWE Champion.""",wwerollins u may NUMBER defend ur title brock lesnar anew due NUMBER undertaker attacking NUMBER b wwe champion,49,18,0.025722211226820946,0.8912779092788696,0.08299987018108368,0.05727765895426273,Neutral
10682,2023-10-06 12:51:00,2023-10-06,12,Friday,user_681,General,Canada,That awk moment Baylor offers a ridiculous amount of money that could be a full ride at Tech\u002c but doesn\u2019t even cover the 1st year. Eff ya.,awk moment baylor offer ridiculous amount money could full ride even cover year eff ya,0,0,0.8904419541358948,0.10121797770261765,0.008340067230165005,-0.8821018869057298,Negative
10683,2023-10-06 13:02:00,2023-10-06,13,Friday,user_682,Gaming,Global,What time does the British Open start Monday? Can Paul Dunne win?,time british open start monday paul dunne win,16,6,0.0034161030780524015,0.9063403606414795,0.09024351835250854,0.08682741527445614,Neutral
10684,2023-10-06 13:13:00,2023-10-06,13,Friday,user_683,Gaming,Canada,Today is Thirsty Thursday! Get a beer + cold shot combo for only $5 all day long. Join us for the Green Bay...,today thirsty thursday get beer cold shot combo NUMBER day long join u green bay,21,7,0.003742858301848173,0.30023589730262756,0.6960212588310242,0.692278400529176,Positive
10685,2023-10-06 13:24:00,2023-10-06,13,Friday,user_684,News,Canada,"""Great Price on Salmon! Copper River Salmon is just $9.99 a pound, fillet only, Thursday 5/24 thru Monday 5/28 while supplies last.""",great price salmon copper river salmon NUMBER pound fillet thursday NUMBER NUMBER thru monday NUMBER NUMBER supply last,1,1,0.0027181252371519804,0.07945512980222702,0.917826771736145,0.915108646498993,Positive
10686,2023-10-06 13:35:00,2023-10-06,13,Friday,user_685,Tech,Global,Sir Alex pays tribute to Becks - See what Sir Alex and others had to say about David Beckham as he receives Legend ..,sir alex pay tribute beck see sir alex others say david beckham receives legend,7,5,0.0048360819928348064,0.5234522223472595,0.4717116951942444,0.4668756132014096,Neutral
10687,2023-10-06 13:46:00,2023-10-06,13,Friday,user_686,General,Canada,Uploading my iPod for tht drive back to the O tomorrow,uploading ipod tht drive back tomorrow,0,0,0.00937210489064455,0.8155845999717712,0.17504329979419708,0.16567119490355253,Neutral
10688,2023-10-06 13:57:00,2023-10-06,13,Friday,user_687,Tech,US,@user I made a time-lapse video of the San Diego County Fair you may enjoy!,USER made video san diego county fair may enjoy,2,1,0.0016284739831462502,0.08082342892885208,0.9175480604171753,0.915919586434029,Positive
10689,2023-10-06 14:08:00,2023-10-06,14,Friday,user_688,Tech,UK,@user are y\u2019all going to come jam with the Contraband tomorrow? #loudguitar,USER going come jam contraband tomorrow loudguitar,15,7,0.0057825082913041115,0.8892043232917786,0.10501312464475632,0.0992306163534522,Neutral
10690,2023-10-06 14:19:00,2023-10-06,14,Friday,user_689,News,Canada,I think the #NDP may have made an error being to focussed on Harper and forgetting about Trudeau who is now leading in the polls.,think ndp may made error focussed harper forgetting trudeau leading poll,30,10,0.44132399559020996,0.5321623682975769,0.026513708755373955,-0.414810286834836,Neutral
10691,2023-10-06 14:30:00,2023-10-06,14,Friday,user_690,General,Global,Paul Dunne might get Ireland out of this economic crisis if he wins tomorrow! #TheOpen2015,paul dunne might get ireland economic crisis win tomorrow,15,4,0.011187301017343998,0.20260903239250183,0.7862036824226379,0.7750163814052939,Positive
10692,2023-10-06 14:41:00,2023-10-06,14,Friday,user_691,General,UK,"""In #StraightOuttaCompton Ice Cube was writing the Scripts for """"Boyz in the Hood"""" and """"Friday""""""",straightouttacompton ice cube writing script boyz hood friday,7,3,0.006227910052984953,0.9295529127120972,0.06421913951635361,0.057991229463368654,Neutral
10693,2023-10-06 14:52:00,2023-10-06,14,Friday,user_692,Sports,Global,Won king of the ring 2nd place and I got Randy Orton card.,king ring place got randy orton card,0,0,0.0041587017476558685,0.37858638167381287,0.617254912853241,0.6130962111055851,Positive
10694,2023-10-06 15:03:00,2023-10-06,15,Friday,user_693,Tech,UK,@user I think good QB's are good QB's. What's the argument for why Tom Brady was a 6th round pick? Belichick made him great? I'm asking.,USER think good qb good qb argument tom brady round pick belichick made great asking,0,0,0.047216642647981644,0.4410497546195984,0.5117336511611938,0.4645170085132122,Positive
10695,2023-10-06 15:14:00,2023-10-06,15,Friday,user_694,Tech,UK,Gonna watch Grey\u2019s Anatomy all day today and tomorrow(:,gon na watch anatomy day today tomorrow,0,0,0.01036725752055645,0.6166061162948608,0.37302666902542114,0.3626594115048647,Neutral
10696,2023-10-06 15:25:00,2023-10-06,15,Friday,user_695,Gaming,Canada,"@user Well, choices wise may be it makes sense recognizing his form. But I'm just saying Atleti's system has a lot of say in it.""",USER well choice wise may make sense recognizing form saying atleti system lot say,3,1,0.050565145909786224,0.8283326625823975,0.12110217660665512,0.0705370306968689,Neutral
10697,2023-10-06 15:36:00,2023-10-06,15,Friday,user_696,Sports,US,@user you wanna drink some beers and chat about Seinfeld in Bristol on Tuesday? Yeh. Sweet.,USER wan na drink beer chat seinfeld bristol tuesday yeh sweet,7,2,0.002922183135524392,0.06279221177101135,0.9342856407165527,0.9313634575810283,Positive
10698,2023-10-06 15:47:00,2023-10-06,15,Friday,user_697,Gaming,Canada,"""http://t.co/Q7Q8bJrT who knows? may be one day, Eastern Province become an independent state !!""",URL know may one day eastern province become independent state,7,2,0.01750812493264675,0.769396960735321,0.21309494972229004,0.1955868247896433,Neutral
10699,2023-10-06 15:58:00,2023-10-06,15,Friday,user_698,Gaming,Global,I wish the universe could see a David Bowie film/musical scripted by @user and directed by Danny Boyle.,wish universe could see david bowie scripted USER directed danny boyle,3,2,0.02343815006315708,0.41729846596717834,0.5592634081840515,0.5358252581208944,Positive
10700,2023-10-06 16:09:00,2023-10-06,16,Friday,user_699,Gaming,Global,Carly Fiorina is right and CNN and the RNC are wrong:,carly fiorina right cnn rnc wrong,3,1,0.2723604738712311,0.6474968791007996,0.08014267683029175,-0.19221779704093933,Neutral
10701,2023-10-06 16:20:00,2023-10-06,16,Friday,user_700,News,UK,Holy shit was it Social Justice Sunday on tumblr or something because wow #stayingthefuckawayfromtumblrSJ,holy shit social justice sunday tumblr something wow stayingthefuckawayfromtumblrsj,10,3,0.5882135629653931,0.24632899463176727,0.16545747220516205,-0.422756090760231,Negative
10702,2023-10-06 16:31:00,2023-10-06,16,Friday,user_701,News,UK,"""Hate crimes against Muslims in London have risen by 70 percent in the past year, a media report said on Monday.",hate crime muslim london risen NUMBER percent past year medium report said monday,16,8,0.8816159963607788,0.11333494633436203,0.005049013067036867,-0.8765669832937419,Negative
10703,2023-10-06 16:42:00,2023-10-06,16,Friday,user_702,Gaming,US,"""Accidental Google searches lead to the funniest finds! Happy Friday, folks! @user @user",accidental google search lead funniest find happy friday folk USER USER,3,1,0.004388552159070969,0.021527711302042007,0.974083662033081,0.9696951098740101,Positive
10704,2023-10-06 16:53:00,2023-10-06,16,Friday,user_703,Sports,Canada,"""Carly Fiorina is telling people in NH they should be """"incenting"""" teachers. It may be a word, but she still sounds like an idiot""",carly fiorina telling people nh incenting teacher may word still sound like idiot,26,14,0.8953794836997986,0.0974007174372673,0.00721983565017581,-0.8881596480496228,Negative
10705,2023-10-06 17:04:00,2023-10-06,17,Friday,user_704,Tech,Global,@user Hello Flora. This is Patti on behalf of Ira. May I confirm if you already received an e-mail from Globe?,USER hello flora patti behalf ira may confirm already received globe,31,10,0.010137493722140789,0.9261168241500854,0.06374560296535492,0.05360810924321413,Neutral
10706,2023-10-06 17:15:00,2023-10-06,17,Friday,user_705,Sports,UK,"""BREAKING!! Eagles storm Port Harcourt for Niger friendly: On Tuesday, the Super Eagles tackle the Mena of Nige...",breaking eagle storm port harcourt niger friendly tuesday super eagle tackle mena nige,0,0,0.008114447817206383,0.8279314637184143,0.16395407915115356,0.15583963133394718,Neutral
10707,2023-10-06 17:26:00,2023-10-06,17,Friday,user_706,General,US,Trayce Thompson blazing his own trail with a triple. Trayce Thompson catching White Sox fever by getting thrown out betwen 3rd and home.,trayce thompson blazing trail triple trayce thompson catching white sox fever getting thrown betwen home,18,7,0.009263992309570312,0.7539758682250977,0.23676013946533203,0.22749614715576172,Neutral
10708,2023-10-06 17:37:00,2023-10-06,17,Friday,user_707,News,Global,@user You\u2019ll find out Sunday! He\u2019s in a match! Then an Elimination Chamber match for the IC title the week after!,USER find sunday match elimination chamber match ic title week,13,4,0.002967687090858817,0.8285514712333679,0.16848084330558777,0.16551315621472895,Neutral
10709,2023-10-06 17:48:00,2023-10-06,17,Friday,user_708,Tech,UK,"@user minecraft saved me from depression, thank you. I still have college debt and need to support my family, may I ask for a donation? Ty",USER minecraft saved depression thank still college debt need support family may ask donation ty,11,4,0.01868193969130516,0.07431668788194656,0.9070013761520386,0.8883194364607334,Positive
10710,2023-10-06 17:59:00,2023-10-06,17,Friday,user_709,Tech,Global,"@user @user @user Silent majority: Donald Trump may be an S.O.B., but he's our S.O.B. #Make America Great Again!",USER USER USER silent majority donald trump may make america great,5,2,0.016942383721470833,0.0863809734582901,0.8966765999794006,0.8797342162579298,Positive
10711,2023-10-06 18:10:00,2023-10-06,18,Friday,user_710,General,US,"""\""""""""South Korea is the 7th country that have the most beautiful womans\"""""""" AGREED.""",south korea country beautiful agreed,6,3,0.0031642240937799215,0.029021741822361946,0.9678140878677368,0.9646498637739569,Positive
10712,2023-10-06 18:21:00,2023-10-06,18,Friday,user_711,General,US,I want Skye to be the love of May and Thor,want skye love may thor,7,2,0.012205826118588448,0.22204901278018951,0.7657451629638672,0.7535393368452787,Positive
10713,2023-10-06 18:32:00,2023-10-06,18,Friday,user_712,Gaming,Global,Todd Bertuzzi made the best of the NHL lockout Wednesday\u002c but while having his son join an,todd bertuzzi made best nhl lockout son join,5,3,0.0111150573939085,0.22273509204387665,0.7661498188972473,0.7550347615033388,Positive
10714,2023-10-06 18:43:00,2023-10-06,18,Friday,user_713,News,Canada,We Milanisti rather read some news how things are finally going to change within Milan.,milanisti rather read news thing finally going change within milan,10,4,0.01852959580719471,0.6164060235023499,0.3650643825531006,0.3465347867459059,Neutral
10715,2023-10-06 18:54:00,2023-10-06,18,Friday,user_714,News,Global,Sunday\u2019s golf roundup: Nick Watney flirts with 59\u002c rallies to victory: By Associated Press Comments Nick Watney ...,golf roundup nick watney flirt NUMBER rally victory associated press comment nick watney,18,5,0.006198565009981394,0.9090557098388672,0.08474571257829666,0.07854714756831527,Neutral
10716,2023-10-06 19:05:00,2023-10-06,19,Friday,user_715,Sports,UK,"Protested the protest of Planned Parenthood this past Saturday in Austin, Texas.: Little did I know, being in ...",protested protest planned parenthood past saturday austin texas little know,10,3,0.21695448458194733,0.7358958721160889,0.047149643301963806,-0.16980484127998352,Neutral
10717,2023-10-06 19:16:00,2023-10-06,19,Friday,user_716,Gaming,Canada,Bookmark to follow our full coverage of the Galaxy Note 5 and Galaxy S6 Edge Plus unveiling this August 13th in NYC!,bookmark follow full coverage galaxy note NUMBER galaxy edge plus unveiling august nyc,15,6,0.0017282088520005345,0.33511850237846375,0.6631532907485962,0.6614250818965957,Positive
10718,2023-10-06 19:27:00,2023-10-06,19,Friday,user_717,Gaming,UK,Tomorrow it is definitely necessary for watching films after attending the Remembrance Service with the staff and pupils #givemetissues,tomorrow definitely necessary watching film attending remembrance service staff pupil givemetissues,0,0,0.012676349841058254,0.5720705389976501,0.41525307297706604,0.4025767231360078,Neutral
10719,2023-10-06 19:38:00,2023-10-06,19,Friday,user_718,Gaming,Global,@user if Kim Davis converts to Islam she's free by sundown &amp; @ work Tuesday. Gay Mafia won't have guts to persecute her anymore,USER kim davis convert islam free sundown amp work tuesday gay mafia wo gut persecute anymore,3,1,0.4655836224555969,0.49560874700546265,0.03880764916539192,-0.426775973290205,Neutral
10720,2023-10-06 19:49:00,2023-10-06,19,Friday,user_719,Gaming,Canada,"""Marca | Real Madrid's tactic is to wait it out and hope the GK does not renew, which would then mean he becomes a free agent on 30th June.""",marca real madrid tactic wait hope gk renew would mean becomes free agent june,29,8,0.05055072531104088,0.9167781472206116,0.03267109766602516,-0.017879627645015717,Neutral
10721,2023-10-06 20:00:00,2023-10-06,20,Friday,user_720,News,UK,"Mariah Carey: ""I really haven't paid attention to Madonna since about like 7th or 8th grade, when she used to be popular."" MELHOR SHADE",mariah carey really paid attention madonna since like grade used popular melhor shade,2,1,0.20355938374996185,0.6676311492919922,0.12880940735340118,-0.07474997639656067,Neutral
10722,2023-10-06 20:11:00,2023-10-06,20,Friday,user_721,News,Global,New Show | Starkville: Big KRIT and guests. October 10. Ricks Cafe. Tickets on sale Friday at 10am. Spread it!,new show starkville big krit guest october NUMBER rick cafe ticket sale friday spread,0,0,0.002140693599358201,0.31750616431236267,0.6803532242774963,0.6782125306781381,Positive
10723,2023-10-06 20:22:00,2023-10-06,20,Friday,user_722,Gaming,Global,Watched The Wiggles for the 1st time. Was embarrassed for those men & then I remembered that they are probably FILTHY RICH. #parenting,watched wiggle time embarrassed men remembered probably filthy rich parenting,0,0,0.8821018934249878,0.1064656600356102,0.011432448402047157,-0.8706694450229406,Negative
10724,2023-10-06 20:33:00,2023-10-06,20,Friday,user_723,Sports,Canada,Tickets for the France\u002c Belgium\u002c Netherlands\u002c Germany\u002c Denmark\u002c Norway\u002c and Sweden TMH tour go on sale tomorrow! Good luck! :),ticket sweden tmh tour go sale tomorrow good luck,2,1,0.001352895749732852,0.05166301876306534,0.946984052658081,0.9456311569083482,Positive
10725,2023-10-06 20:44:00,2023-10-06,20,Friday,user_724,Tech,Global,Kinda considering getting tickets to see Sam Smith again in December to make it six concerts over four months?,kinda considering getting ticket see sam smith december make six concert four month,44,15,0.009954996407032013,0.7906808257102966,0.19936415553092957,0.18940915912389755,Neutral
10726,2023-10-06 20:55:00,2023-10-06,20,Friday,user_725,Tech,US,We did or not I'm Happy that place and anyway congrats to all who support to Lady Gaga she got 2nd place #MTVStars Lady Gaga,happy place anyway congrats support lady gaga got place mtvstars lady gaga,6,4,0.0026836390607059,0.022016046568751335,0.9753003716468811,0.9726167325861752,Positive
10727,2023-10-06 21:06:00,2023-10-06,21,Friday,user_726,Sports,UK,FCA is tomorrow morning at 7:30 in the PAC! We\u2019re doing small groups! I hope to see you all there!,fca tomorrow morning NUMBER NUMBER pac small group hope see,40,13,0.00171944429166615,0.10425084084272385,0.8940297961235046,0.8923103518318385,Positive
10728,2023-10-06 21:17:00,2023-10-06,21,Friday,user_727,Gaming,UK,Congratulations to my brother @user Now you can drive yourself to work Saturday mornings!!!! Yahoo!,congratulation brother USER drive work saturday morning yahoo,9,4,0.0018727568676695228,0.012665316462516785,0.985461950302124,0.9835891934344545,Positive
10729,2023-10-06 21:28:00,2023-10-06,21,Friday,user_728,News,Global,Floyd Mayweather may be good at dodging punches but Ronda Rousey would beat the shit out of him.,floyd mayweather may good dodging punch ronda rousey would beat shit,6,3,0.3248443007469177,0.5233815312385559,0.15177418291568756,-0.17307011783123016,Neutral
10730,2023-10-06 21:39:00,2023-10-06,21,Friday,user_729,Tech,Global,3D playing tonight on our back deck 6-9pm. Off Duty Angels tomorrow night 7:30-11. Sam Adams Promo and Red Sox...,playing tonight back deck NUMBER duty angel tomorrow night NUMBER NUMBER NUMBER sam adam promo red sox,3,1,0.0027537685818970203,0.8915802240371704,0.10566608607769012,0.1029123174957931,Neutral
10731,2023-10-06 21:50:00,2023-10-06,21,Friday,user_730,General,US,"@user got me Dark Souls, boys and girls. Looks like we have tomorrow's game picked out for the stream. You da best, Ginna!""",USER got dark soul boy girl look like tomorrow game picked stream da best ginna,10,4,0.002084271749481559,0.016138508915901184,0.9817772507667542,0.9796929790172726,Positive
10732,2023-10-06 22:01:00,2023-10-06,22,Friday,user_731,General,Canada,Seriously waiting for tomorrows ep of True Blood tomorrow. Shits about to get real.,seriously waiting tomorrow ep true blood tomorrow shit get real,0,0,0.018039025366306305,0.13183657824993134,0.8501243591308594,0.8320853337645531,Positive
10733,2023-10-06 22:12:00,2023-10-06,22,Friday,user_732,Sports,Global,Thanksgiving leftovers is the 2nd BEST part of thanksgiving .. Why wouldn't i be mad,thanksgiving leftover best part thanksgiving would mad,39,11,0.013662795536220074,0.05279302969574928,0.9335442185401917,0.9198814230039716,Positive
10734,2023-10-06 22:23:00,2023-10-06,22,Friday,user_733,Gaming,Global,"""Thats the way to live, Else Hindus may ask for #meatban during Navratri and other festivals, Muslims for liquor ban",thats way live else hindu may ask meatban navratri festival muslim liquor ban,12,8,0.1945100873708725,0.7581451535224915,0.047344766557216644,-0.14716532081365585,Neutral
10735,2023-10-06 22:34:00,2023-10-06,22,Friday,user_734,Tech,Global,"""I remember the days of strong women in politics, Judy LaMarsh, Flora MacDonald, today's Maude Barlow, Eliizabeth May. not liars Hebert!""",remember day strong woman politics judy lamarsh flora macdonald today maude barlow eliizabeth may liar hebert,3,1,0.04046647250652313,0.29509127140045166,0.6644423007965088,0.6239758282899857,Positive
10736,2023-10-06 22:45:00,2023-10-06,22,Friday,user_735,Gaming,Global,David Miliband is coming tomorrow! He is meeting NULC exclusively at 14:30 in Martin Luther King Room\u002c Students\u2019 Union. Make sure you RSVP!,david miliband coming tomorrow meeting nulc exclusively NUMBER NUMBER martin luther king union make sure rsvp,51,15,0.0025562476366758347,0.5443221926689148,0.45312151312828064,0.4505652654916048,Neutral
10737,2023-10-06 22:56:00,2023-10-06,22,Friday,user_736,Tech,UK,[Chicago Sun-Times] Kris Bryant and Justin Grimm went to the Bears game at Soldier Field on their day off #Cubs,chicago kris bryant justin grimm went bear game soldier field day cub,19,8,0.0030540511943399906,0.948739767074585,0.04820619523525238,0.04515214404091239,Neutral
10738,2023-10-06 23:07:00,2023-10-06,23,Friday,user_737,Sports,Global,@user @user @user awesome Monday..... no blues :) is it safe to request iron maiden's speed of light?,USER USER USER awesome monday blue safe request iron maiden speed light,17,5,0.0017367936670780182,0.021640364080667496,0.9766228199005127,0.9748860262334347,Positive
10739,2023-10-06 23:18:00,2023-10-06,23,Friday,user_738,Sports,UK,Our 1st XI went through against Liverpool 4th X1 with a 2-1 victory AET thanks to an extra time winner from Man of the Match @user,xi went liverpool NUMBER NUMBER victory aet thanks extra time winner man match USER,0,0,0.0014291135594248772,0.16844357550144196,0.8301273584365845,0.8286982448771596,Positive
10740,2023-10-06 23:29:00,2023-10-06,23,Friday,user_739,General,Global,"""For everyone freaked out about the Iran &amp; NY dam story, @user will be on the tube shortly to contextualize.",everyone freaked iran amp ny dam story USER tube shortly contextualize,7,3,0.044037189334630966,0.8966716527938843,0.05929114669561386,0.015253957360982895,Neutral
10741,2023-10-06 23:40:00,2023-10-06,23,Friday,user_740,Gaming,Canada,@user @user And goodbye to any man who thinks he can take on John Cena this Sunday night!!!,USER USER goodbye man think take john cena sunday night,4,3,0.27614790201187134,0.5496700406074524,0.17418207228183746,-0.10196582973003387,Neutral
10742,2023-10-06 23:51:00,2023-10-06,23,Friday,user_741,General,US,"""Marguerite the Photographer: Irish Heather, Gastown, Vancouver. Happy St. Patrick's Day everybody!!!! (17 Mar 2012)",marguerite photographer irish heather gastown vancouver happy patrick day everybody NUMBER mar NUMBER,2,1,0.0016941955545917153,0.03073287382721901,0.9675729870796204,0.9658787915250286,Positive
10743,2023-10-07 00:02:00,2023-10-07,0,Saturday,user_742,Gaming,Canada,Next big day of the year is Presidents Day. The revised date is now the 6th October. Details of the competion...,next big day year president day revised date october detail competion,0,0,0.0047363233752548695,0.7651722431182861,0.23009145259857178,0.2253551292233169,Neutral
10744,2023-10-07 00:13:00,2023-10-07,0,Saturday,user_743,General,Global,College Night is tomorrow at ICC! Come to the ICC CougarPlex to meet with reps from over 80 colleges IN ONE...,college night tomorrow icc come icc cougarplex meet rep NUMBER college one,17,7,0.0031490009278059006,0.7423526048660278,0.25449836254119873,0.25134936161339283,Neutral
10745,2023-10-07 00:24:00,2023-10-07,0,Saturday,user_744,News,Global,"@user \""""wicked\"""" welcome to new england! Are you still in boston? Im going to mass tomorrow to my friends house""",USER welcome new england still boston im going mass tomorrow friend house,0,0,0.0048792096786201,0.21357525885105133,0.7815455198287964,0.7766663101501763,Positive
10746,2023-10-07 00:35:00,2023-10-07,0,Saturday,user_745,News,Global,"@user no like I saw Ant-Man last week, watched WHAS on Thursday, the show yesterday, AND HIS FACE DID NOT CHANGE""",USER like saw last week watched whas thursday show yesterday face change,11,4,0.14791573584079742,0.6474536061286926,0.20463058352470398,0.056714847683906555,Neutral
10747,2023-10-07 00:46:00,2023-10-07,0,Saturday,user_746,News,Canada,#Logansport school board members got a preview of the district\u2019s ISTEP scores Monday night:,logansport school board member got preview istep score monday night,38,13,0.006785272620618343,0.9479190707206726,0.045295730233192444,0.0385104576125741,Neutral
10748,2023-10-07 00:57:00,2023-10-07,0,Saturday,user_747,News,Global,"Tomorrow: Capturing Covent Garden with iPhone and iPad 9 September, 10:30am, Apple Store, Covent Garden. #Free",tomorrow capturing covent garden iphone ipad NUMBER september NUMBER apple store covent garden free,16,10,0.0028336758259683847,0.3996434509754181,0.5975228548049927,0.5946891789790243,Positive
10749,2023-10-07 01:08:00,2023-10-07,1,Saturday,user_748,Tech,Canada,Qatar should receive the same help from Hezbollah that Israel got from Qatar in last Gaza war.,qatar receive help hezbollah israel got qatar last gaza war,2,1,0.6425322890281677,0.33944860100746155,0.01801910251379013,-0.6245131865143776,Negative
10750,2023-10-07 01:19:00,2023-10-07,1,Saturday,user_749,News,UK,"""Carly Fiorina may very well be the smartest woman in the world. Next to Angela Merkel, that is.",carly fiorina may well smartest woman world next angela merkel,29,9,0.00884588435292244,0.07538315653800964,0.9157708883285522,0.9069250039756298,Positive
10751,2023-10-07 01:30:00,2023-10-07,1,Saturday,user_750,Sports,US,Hulk Hogan fired from WWE - was it because of Racist recordings!?,hulk hogan fired wwe racist recording,0,0,0.7264804840087891,0.2661052644252777,0.0074142287485301495,-0.7190662552602589,Negative
10752,2023-10-07 01:41:00,2023-10-07,1,Saturday,user_751,Sports,US,"Who Belong In the 3rd spot for top 3 of all time. Jay-Z, Nas or Eminem?",belong spot top NUMBER time na eminem,0,0,0.006906575057655573,0.7364976406097412,0.25659579038619995,0.24968921532854438,Neutral
10753,2023-10-07 01:52:00,2023-10-07,1,Saturday,user_752,Tech,Canada,Wow. Marcos had no VP during Martial Law\u002c but Enrile is the 2nd most powerful man in the Philippines then.,wow marcos vp martial enrile powerful man philippine,6,4,0.05204007029533386,0.4326522946357727,0.5153076648712158,0.46326759457588196,Positive
10754,2023-10-07 02:03:00,2023-10-07,2,Saturday,user_753,News,UK,keen for the eagles game today. #goeagles,keen eagle game today goeagles,5,2,0.0051728785037994385,0.6079726815223694,0.386854350566864,0.3816814720630646,Neutral
10755,2023-10-07 02:14:00,2023-10-07,2,Saturday,user_754,News,Canada,"""Tonight's YouGov: Lab 35, Con 30, UKIP 15, LibDem 9, Green 5. &gt;not one for the Sun's front page or a Nick Robinson analysis I think""",tonight yougov lab NUMBER con NUMBER ukip NUMBER libdem NUMBER green NUMBER gt one sun front page nick robinson analysis think,7,2,0.32176247239112854,0.653177797794342,0.025059694424271584,-0.29670277796685696,Neutral
10756,2023-10-07 02:25:00,2023-10-07,2,Saturday,user_755,News,UK,"""The 4 colors most widely associated with HULK Hogan? Red&amp;Yellow, Black&amp;White The famous lines from the anti-racism Sunday School song #Irony""",NUMBER color widely associated hulk hogan red amp yellow black amp white famous line sunday school song irony,6,4,0.0466502346098423,0.8570349216461182,0.09631487727165222,0.04966464266180992,Neutral
10757,2023-10-07 02:36:00,2023-10-07,2,Saturday,user_756,General,Global,I can't wait for tomorrow nd all th fun I'm gonna have with my bf at queen Mary :) nd I can't wait til Wednesday my birthday :) Halloween,ca wait tomorrow nd th fun gon na bf queen mary nd ca wait til wednesday birthday halloween,1,1,0.0016113307792693377,0.005808546207845211,0.9925801157951355,0.9909687850158662,Positive
10758,2023-10-07 02:47:00,2023-10-07,2,Saturday,user_757,Gaming,UK,I wonder how many of the purchases fell into the impulse bracket? #PrimeDay Amazon Prime Day beats Black Friday sales,wonder many purchase fell impulse bracket primeday amazon prime day beat black friday sale,2,1,0.01032610796391964,0.28301170468330383,0.7066621780395508,0.6963360700756311,Positive
10759,2023-10-07 02:58:00,2023-10-07,2,Saturday,user_758,General,UK,@user will the Dana White interview be up Tuesday?,USER dana white interview tuesday,9,3,0.004310443066060543,0.9688227772712708,0.02686687745153904,0.022556434385478497,Neutral
10760,2023-10-07 03:09:00,2023-10-07,3,Saturday,user_759,Gaming,UK,going back to Houston tomorrow(: excited!!!!,going back houston tomorrow excited,21,7,0.0017545962473377585,0.008594431914389133,0.9896509647369385,0.9878963684896007,Positive
10761,2023-10-07 03:20:00,2023-10-07,3,Saturday,user_760,News,US,What's new in @user 1. AJ Styles returns and may fued with Seth Rollins for the Title. 2. The return of Asteroid on JMWE NXT,new USER NUMBER aj style return may fued seth rollins title NUMBER return asteroid jmwe nxt,10,4,0.0028071149718016386,0.7863092422485352,0.21088361740112305,0.2080765024293214,Neutral
10762,2023-10-07 03:31:00,2023-10-07,3,Saturday,user_761,News,UK,Bad Blood is nominated for practically every VMA under the sun and I'm surprised it's not in the 'video with a social message' category,bad blood nominated practically every vma sun surprised video social message category,3,1,0.2508668005466461,0.4465400278568268,0.3025931119918823,0.051726311445236206,Neutral
10763,2023-10-07 03:42:00,2023-10-07,3,Saturday,user_762,General,Global,@user no it's a Redskins game dec 20th. But I wanna go to the redskin and cowboys game too,USER redskin game dec wan na go redskin cowboy game,6,2,0.022217480465769768,0.7244883179664612,0.2532942295074463,0.23107674904167652,Neutral
10764,2023-10-07 03:53:00,2023-10-07,3,Saturday,user_763,General,Global,"@user @user That's right, ladies. I'm blaming everything on Kerry. Cleo this show may well eclipse the numbers of @user",USER USER right lady blaming everything kerry cleo show may well eclipse number USER,0,0,0.5720459818840027,0.3515250086784363,0.07642901688814163,-0.49561696499586105,Negative
10765,2023-10-07 04:04:00,2023-10-07,4,Saturday,user_764,Gaming,Global,TODAY - is the annual Marijuana March in Toronto! Happy Weed March everyone in Toronto and of course all...,today annual marijuana march toronto happy weed march everyone toronto course,0,0,0.001157768303528428,0.028534892946481705,0.9703073501586914,0.969149581855163,Positive
10766,2023-10-07 04:15:00,2023-10-07,4,Saturday,user_765,Sports,UK,@user EXPERIENCE the magic of Xmas simply by popping into The Range any time after late August Bank Holiday.,USER experience magic xmas simply popping range time late august bank holiday,14,7,0.002492236904799938,0.11293900012969971,0.8845687508583069,0.882076513953507,Positive
10767,2023-10-07 04:26:00,2023-10-07,4,Saturday,user_766,Gaming,Canada,@user it's a lot bigger than you may think just take a look at Hannibal,USER lot bigger may think take look hannibal,2,1,0.02269100584089756,0.6074693202972412,0.36983975768089294,0.3471487518399954,Neutral
10768,2023-10-07 04:37:00,2023-10-07,4,Saturday,user_767,General,Canada,This match marked the 13th year of Undertaker's WWE career. #SurvivorSeries2003,match marked year undertaker wwe career,0,0,0.0035378977190703154,0.7064545750617981,0.2900075614452362,0.2864696637261659,Neutral
10769,2023-10-07 04:48:00,2023-10-07,4,Saturday,user_768,General,Global,Blue Jays 3.5 games out with David Price on the mound tomorrow...,blue jay NUMBER game david price mound tomorrow,11,5,0.01028401218354702,0.9406518340110779,0.04906415939331055,0.03878014720976353,Neutral
10770,2023-10-07 04:59:00,2023-10-07,4,Saturday,user_769,Tech,US,I just set my alarm ringtone with Nandito Ako. Okay. See you tomorrow :),set alarm ringtone nandito ako okay see tomorrow,15,4,0.0032624888699501753,0.23509259521961212,0.7616449594497681,0.7583824705798179,Positive
10771,2023-10-07 05:10:00,2023-10-07,5,Saturday,user_770,General,Canada,@user @user and i didn't like the way the john cena and seth march ended too that pissed me off so bad,USER USER like way john cena seth march ended pissed bad,12,5,0.935177743434906,0.05979524925351143,0.005027053412050009,-0.930150690022856,Negative
10772,2023-10-07 05:21:00,2023-10-07,5,Saturday,user_771,Tech,UK,"""Dustin Johnson (-6) leads the #PGAChamp after Rd 1, looking for his first major. Jason Day (-4) is in a tie for 3rd.",dustin johnson NUMBER lead pgachamp rd NUMBER looking first major jason day NUMBER tie,2,1,0.0029100968968123198,0.8924407958984375,0.10464905947446823,0.10173896257765591,Neutral
10773,2023-10-07 05:32:00,2023-10-07,5,Saturday,user_772,Sports,Canada,"""you may call me a bad fan but I sobbed so hard tonight because Zayn wasn't there. Everytime they sang his part, my heart broke""",may call bad fan sobbed hard tonight zayn everytime sang part heart broke,3,1,0.8763335943222046,0.10701988637447357,0.0166464913636446,-0.85968710295856,Negative
10774,2023-10-07 05:43:00,2023-10-07,5,Saturday,user_773,Gaming,Global,"""Looks like ANT-MAN is gonna hit #1 for the 2nd straight weekend. Not to mention, also pass the $100 million mark. Not too shabby........""",look like gon na hit NUMBER straight weekend mention also pas NUMBER million mark shabby,2,1,0.0025305941235274076,0.05450029298663139,0.9429691433906555,0.9404385492671281,Positive
10775,2023-10-07 05:54:00,2023-10-07,5,Saturday,user_774,Gaming,US,I'm just trying to get to Sept 20 fam. Janet Jackson coming to town,trying get sept NUMBER fam janet jackson coming town,0,0,0.011627051047980785,0.2906949520111084,0.6976779699325562,0.6860509188845754,Positive
10776,2023-10-07 06:05:00,2023-10-07,6,Saturday,user_775,Tech,Canada,Happy 2nd Birthday to little Prince George! Churchill hopes you have a paw-fect day. #OhYes,happy birthday little prince george churchill hope day ohyes,12,5,0.002678487217053771,0.009050686843693256,0.9882708191871643,0.9855923319701105,Positive
10777,2023-10-07 06:16:00,2023-10-07,6,Saturday,user_776,Gaming,Canada,"@user nah,it just moved to youtube!Rolling Stone may be the one dying!""",USER nah moved youtube rolling stone may one dying,22,9,0.5367359519004822,0.3986271619796753,0.06463688611984253,-0.47209906578063965,Negative
10778,2023-10-07 06:27:00,2023-10-07,6,Saturday,user_777,General,Global,@user bury girls day out to the brook!! Every Thursday! Standard!,USER bury girl day brook every thursday standard,20,6,0.005960787646472454,0.4990285336971283,0.495010644197464,0.48904985655099154,Neutral
10779,2023-10-07 06:38:00,2023-10-07,6,Saturday,user_778,News,US,"""Practicing for my show tomorrow night. You should come, it's FREE! @ The Lair",practicing show tomorrow night come free lair,10,7,0.0018506038468331099,0.3156958818435669,0.6824535131454468,0.6806029092986137,Positive
10780,2023-10-07 06:49:00,2023-10-07,6,Saturday,user_779,Tech,US,"""Angie- """"let's do something on Thursday"""" It's like this bitch forgot that that's Star Wars day.....""",let something thursday like bitch forgot star war day,4,2,0.6735734939575195,0.27435722947120667,0.05206931009888649,-0.621504183858633,Negative
10781,2023-10-07 07:00:00,2023-10-07,7,Saturday,user_780,Gaming,Global,I didn't tweet about this anywhere but on Friday i opened my calculator and it said John cena but I didn't have my phone to take a pic it,tweet anywhere friday opened calculator said john cena phone take pic,13,5,0.15338663756847382,0.77198725938797,0.07462609559297562,-0.0787605419754982,Neutral
10782,2023-10-07 07:11:00,2023-10-07,7,Saturday,user_781,Tech,UK,it was Dean Ambrose vs Luke Harper in April &amp; I have to sit through Ryback vs Big show yawn,dean ambrose v luke harper april amp sit ryback v big show yawn,4,2,0.29123374819755554,0.6611068844795227,0.04765937849879265,-0.2435743696987629,Neutral
10783,2023-10-07 07:22:00,2023-10-07,7,Saturday,user_782,Tech,Canada,You may spend more time in the washroom than a Rousey fight after eating this,may spend time washroom rousey fight eating,9,3,0.5781702399253845,0.37439417839050293,0.04743558168411255,-0.530734658241272,Negative
10784,2023-10-07 07:33:00,2023-10-07,7,Saturday,user_783,News,UK,Labor day had me thinking it was Monday all today smh....,labor day thinking monday today smh,8,3,0.7134703993797302,0.25425243377685547,0.0322771891951561,-0.6811932101845741,Negative
10785,2023-10-07 07:44:00,2023-10-07,7,Saturday,user_784,General,Canada,"@user good point, I'd do that but I already wasted a dang RB spot with Asiata on Thursday lol.""",USER good point already wasted dang rb spot asiata thursday lol,0,0,0.5231627225875854,0.36543482542037964,0.11140245944261551,-0.41176026314496994,Negative
10786,2023-10-07 07:55:00,2023-10-07,7,Saturday,user_785,Tech,Canada,Real Madrid coach Jose Mourinho faces further selection dilemmas ahead of Sunday\u2019s La Liga trip to Real Mallorca\u002c with Sami Khedira\u002c ...,real madrid coach jose mourinho face selection dilemma ahead la liga trip real sami,7,2,0.25474193692207336,0.7327025532722473,0.0125555619597435,-0.24218637496232986,Neutral
10787,2023-10-07 08:06:00,2023-10-07,8,Saturday,user_786,Gaming,UK,"""Ashlyn's mom just surprised us with Ed Sheeran tickets for Saturday, and I am currently crying.""",ashlyn mom surprised u ed sheeran ticket saturday currently cry,49,16,0.015503627248108387,0.12803325057029724,0.8564631938934326,0.8409595666453242,Positive
10788,2023-10-07 08:17:00,2023-10-07,8,Saturday,user_787,Sports,Global,"""Albums you may have missed: X Factor, Iron Maiden",album may missed x factor iron maiden,1,1,0.024184076115489006,0.8670363426208496,0.10877950489521027,0.08459542877972126,Neutral
10789,2023-10-07 08:28:00,2023-10-07,8,Saturday,user_788,Tech,Global,@user @user Bloody Sunday was terrible. And yes the IRA killed 11 innocent musicians. I forgive. But I want justice.,USER USER bloody sunday terrible yes ira killed NUMBER innocent musician forgive want justice,0,0,0.9492880702018738,0.04607357829809189,0.004638317972421646,-0.9446497522294521,Negative
10790,2023-10-07 08:39:00,2023-10-07,8,Saturday,user_789,Tech,Canada,"""On the blog: Tues Meme \""""Like This\u002c Try This\"""" via featuring Pretty Little Liars\u002c Unearthly & Sabrina the Teenage Witch""",blog tues meme like try via featuring pretty little unearthly sabrina teenage witch,6,2,0.01934160850942135,0.8862170577049255,0.09444132447242737,0.07509971596300602,Neutral
10791,2023-10-07 08:50:00,2023-10-07,8,Saturday,user_790,News,Global,@user @user listen to the lyrics. SOReal Jan Hooks Tribute: Love Is A Dream,USER USER listen lyric soreal jan hook tribute love dream,22,7,0.013826989568769932,0.8690577149391174,0.11711536347866058,0.10328837390989065,Neutral
10792,2023-10-07 09:01:00,2023-10-07,9,Saturday,user_791,General,Canada,"""Hulk Hogan Uses N-Word In Sex Tape, Gets Fired From WWE: Well the WWE gave Hulk Hogan the boot on Friday after...",hulk hogan us sex tape get fired wwe well wwe gave hulk hogan boot friday,7,4,0.34611183404922485,0.6316139101982117,0.022274237126111984,-0.32383759692311287,Neutral
10793,2023-10-07 09:12:00,2023-10-07,9,Saturday,user_792,Sports,Global,Tottenham are without several big names for tonight\u2019s [Thursday] match at Stadion Ljudski vrt. Emmanuel Adebayor (cont),tottenham without several big name thursday match stadion ljudski vrt emmanuel adebayor cont,19,5,0.317050963640213,0.6708284616470337,0.012120610103011131,-0.3049303535372019,Neutral
10794,2023-10-07 09:23:00,2023-10-07,9,Saturday,user_793,Gaming,Canada,"""It's simple, we want to be like Israel, a white Israel. If that's a bad thing, so is current Israel.",simple want like israel white israel bad thing current israel,2,1,0.6862224340438843,0.29036861658096313,0.023408999666571617,-0.6628134343773127,Negative
10795,2023-10-07 09:34:00,2023-10-07,9,Saturday,user_794,Sports,Global,Judging by the interviews and way Bellusci talks - think we may have found a true legend in the making,judging interview way bellusci talk think may found true legend making,7,4,0.005010718014091253,0.18491056561470032,0.8100786805152893,0.805067962501198,Positive
10796,2023-10-07 09:45:00,2023-10-07,9,Saturday,user_795,Gaming,US,Michael Clarke and James Pattinson ruled out of tomorrow's third final. Big blow for the hosts. #CBSeries,michael clarke james pattinson ruled tomorrow third final big blow host cbseries,1,1,0.6896663904190063,0.2990768551826477,0.011256711557507515,-0.6784096788614988,Negative
10797,2023-10-07 09:56:00,2023-10-07,9,Saturday,user_796,General,UK,Argus: Are you undecided about who you will vote for in the 17th Congressional District...: Are you undecided ab...,argus undecided vote congressional district undecided ab,13,8,0.051370855420827866,0.9277371764183044,0.020891955122351646,-0.03047890029847622,Neutral
10798,2023-10-07 10:07:00,2023-10-07,10,Saturday,user_797,Gaming,US,"man I have an 8 am tomorrow but Rosie &amp; jay are having a Harry Potter marathon, looks like I'll be going 2 school in what I'm sleeping in :(",man NUMBER tomorrow rosie amp jay harry potter marathon look like going NUMBER school sleeping,14,4,0.5123231410980225,0.3730221390724182,0.11465471982955933,-0.39766842126846313,Negative
10799,2023-10-07 10:18:00,2023-10-07,10,Saturday,user_798,News,UK,Who\u2019s going the homecoming game Friday ? Brookwood vs central ^_^,going homecoming game friday brookwood v central,1,1,0.003578723641112447,0.9068071246147156,0.08961407840251923,0.08603535476140678,Neutral
10800,2023-10-07 10:29:00,2023-10-07,10,Saturday,user_799,News,UK,Haven't been to my Friday class yet but I seen that shit and pretty girls are in it so it's Gucci,friday class yet seen shit pretty girl gucci,0,0,0.25379663705825806,0.6137776374816895,0.13242566585540771,-0.12137097120285034,Neutral
10801,2023-10-07 10:40:00,2023-10-07,10,Saturday,user_800,News,Canada,"""MT @user #Syria, Deir Ezzor: Ali Bashar al-theeb was martyred. He was a soldier of the Free Syrian Army. Wednesday, 3 October 2012.""",mt USER syria deir ezzor ali bashar martyred soldier free syrian army wednesday NUMBER october NUMBER,0,0,0.6545009613037109,0.33711007237434387,0.008388984017074108,-0.6461119772866368,Negative
10802,2023-10-07 10:51:00,2023-10-07,10,Saturday,user_801,News,UK,Practicing with Marana tomorrow\u002c should be interesting\u002c black pack all the way!,practicing marana black pack way,4,2,0.0015681100776419044,0.030807828530669212,0.9676240682601929,0.966055958182551,Positive
10803,2023-10-07 11:02:00,2023-10-07,11,Saturday,user_802,Sports,US,This is the 2nd worst thing Hulk Hogan has ever done,worst thing hulk hogan ever done,1,1,0.9428301453590393,0.05031268298625946,0.006857132073491812,-0.9359730132855475,Negative
10804,2023-10-07 11:13:00,2023-10-07,11,Saturday,user_803,General,US,Free $50 Visa Card give away at Villa Sneakers in Genesee Valley Mall at 10am with Club's 937 Ricky Burns and LV Sat 20th |...,free NUMBER visa card give away villa sneaker genesee valley mall club NUMBER ricky burn lv sat,8,5,0.003200631821528077,0.7305329442024231,0.26626646518707275,0.2630658333655447,Neutral
10805,2023-10-07 11:24:00,2023-10-07,11,Saturday,user_804,Gaming,Global,#Indians just never got chance for a #Rays style rebuild where they could take a Longria 3rd or a David Price 1st overall.,indian never got chance ray style rebuild could take longria david price overall,5,3,0.4705301523208618,0.503052830696106,0.026417002081871033,-0.4441131502389908,Neutral
10806,2023-10-07 11:35:00,2023-10-07,11,Saturday,user_805,Gaming,US,Gonna watch Goon for the 27th time now,gon na watch goon time,2,1,0.01937023736536503,0.5673971176147461,0.41323262453079224,0.3938623871654272,Neutral
10807,2023-10-07 11:46:00,2023-10-07,11,Saturday,user_806,News,Global,I just crammed 310 photos and saved 404 mb with Android (iOS coming June) Try free today:,crammed NUMBER photo saved NUMBER mb android io coming june try free today,0,0,0.011840634047985077,0.5963983535766602,0.3917609453201294,0.3799203112721443,Neutral
10808,2023-10-07 11:57:00,2023-10-07,11,Saturday,user_807,News,UK,The driver of a motor vehicle that crashed on Petrolia Line in the evening of July 11 remains in serious condition.,driver motor vehicle crashed petrolia line evening july NUMBER remains serious condition,0,0,0.571193516254425,0.41661491990089417,0.01219161506742239,-0.5590019011870027,Negative
10809,2023-10-07 12:08:00,2023-10-07,12,Saturday,user_808,Tech,US,R.I.P. to Frank Gifford. Revolutionized multi-position athletes and was great on the call of Monday Night Football.,frank gifford revolutionized athlete great call monday night football,16,9,0.0051177372224628925,0.05833914130926132,0.9365431070327759,0.931425369810313,Positive
10810,2023-10-07 12:19:00,2023-10-07,12,Saturday,user_809,General,UK,Tomorrow we play Roskilde Festival @ the apollo countdown stage @user,tomorrow play roskilde festival apollo countdown stage USER,3,1,0.0021625577937811613,0.7220463752746582,0.2757910192012787,0.2736284614074975,Neutral
10811,2023-10-07 12:30:00,2023-10-07,12,Saturday,user_810,Sports,US,"@user Hi, Zayn! Tomorrow is @user 15th &amp; she absolutely loves you. If you could please tweet her, it would make her day!""",USER hi zayn tomorrow USER amp absolutely love could please tweet would make day,15,5,0.0024697850458323956,0.009195822291076183,0.9883344173431396,0.9858646322973073,Positive
10812,2023-10-07 12:41:00,2023-10-07,12,Saturday,user_811,Gaming,US,Final Destination 5 is coming out soon. I never thought they'd make a 5th one! #youcantcheatdeath,final destination NUMBER coming soon never thought make one youcantcheatdeath,20,8,0.20847344398498535,0.28100958466529846,0.5105170011520386,0.3020435571670532,Positive
10813,2023-10-07 12:52:00,2023-10-07,12,Saturday,user_812,Tech,Global,Tony Romo better be on point tonight! don't have time to deal with his foolishness!,tony romo better point tonight time deal foolishness,11,4,0.4117443561553955,0.277505099773407,0.3107505142688751,-0.10099384188652039,Negative
10814,2023-10-07 13:03:00,2023-10-07,13,Saturday,user_813,Tech,UK,'Paul McCartney' appeared on Saturday 1 at the 19th place in the Top20 of Chicago's Trends: #trndnl,paul mccartney appeared saturday NUMBER place chicago trend trndnl,20,9,0.0037105055525898933,0.8706074953079224,0.1256820261478424,0.12197152059525251,Neutral
10815,2023-10-07 13:14:00,2023-10-07,13,Saturday,user_814,Gaming,US,@user @user ...what are your thoughts about Apple's iPod touch 6th gen?,USER USER thought apple ipod touch gen,5,2,0.006235524546355009,0.8896560668945312,0.10410843044519424,0.09787290589883924,Neutral
10816,2023-10-07 13:25:00,2023-10-07,13,Saturday,user_815,Sports,Canada,"""Wale don't do this man. I fux wit you but you 2nd or 3rd tier in this rap game bro. Kendrick is miles in front, he'll answer in time #TDE""",wale man fux wit tier rap game bro kendrick mile front answer time tde,41,15,0.4466404318809509,0.49094992876052856,0.06240962818264961,-0.3842308036983013,Neutral
10817,2023-10-07 13:36:00,2023-10-07,13,Saturday,user_816,Tech,UK,@user 2nd visit to David Bowie Is last night and I already feel like I should be going again! Absolutely amazing exhibition! Thank you! &lt;3,USER visit david bowie last night already feel like going absolutely amazing exhibition thank lt NUMBER,0,0,0.0026564912404865026,0.008586801588535309,0.9887567162513733,0.9861002250108868,Positive
10818,2023-10-07 13:47:00,2023-10-07,13,Saturday,user_817,Tech,UK,"""Rock Calendar 12-15-77: """"Saturday Night Fever"""" soundtrack, w/pulsing disco songs from Bee Gees and others, released a day ahead of the movie""",rock calendar NUMBER NUMBER NUMBER saturday night fever soundtrack disco song bee gee others released day ahead movie,0,0,0.004572248086333275,0.8684707880020142,0.12695688009262085,0.12238463200628757,Neutral
10819,2023-10-07 13:58:00,2023-10-07,13,Saturday,user_818,General,UK,Today the Pope announced making it easy to get an annulment. Coincidence that today is my 25th wedding anniversary? #omen #wtf #SignFromGod,today pope announced making easy get annulment coincidence today wedding anniversary omen wtf signfromgod,7,5,0.012092976830899715,0.2512929141521454,0.7366141080856323,0.7245211312547326,Positive
10820,2023-10-07 14:09:00,2023-10-07,14,Saturday,user_819,Sports,Global,"""VDN on Lamar Odom practicing today: \""""It was good to see him out there\u002c so we\u2019ll see how he feels tomorrow.\"""" Odom said\u002c \""""It felt good.\""""""",vdn lamar odom practicing today good see see feel odom felt,48,14,0.003909317776560783,0.03931235149502754,0.956778347492218,0.9528690297156572,Positive
10821,2023-10-07 14:20:00,2023-10-07,14,Saturday,user_820,Tech,Canada,@user How much is Retro City Rampage? on the Playstation Network\u002c I need to know since Im purchasing a PSN Card tomorrow and need to know,USER much retro city rampage playstation need know since im purchasing psn card tomorrow need know,14,8,0.01713152416050434,0.837404191493988,0.145464226603508,0.12833270244300365,Neutral
10822,2023-10-07 14:31:00,2023-10-07,14,Saturday,user_821,Sports,UK,My bet for tomorrow is going to be Eden Hazard to score first and Chelsea win 2-1 #CFC,bet tomorrow going eden hazard score first chelsea win NUMBER NUMBER cfc,0,0,0.0037060503382235765,0.3021942675113678,0.6940996646881104,0.6903936143498868,Positive
10823,2023-10-07 14:42:00,2023-10-07,14,Saturday,user_822,Gaming,US,"""Saudi, Turkey, US nervous as two sponsored """"moderate"""" rebels against Asad were eliminated? By the US&amp;Israel method?",saudi turkey u nervous two sponsored moderate rebel asad eliminated u amp israel method,3,1,0.5695065259933472,0.42030930519104004,0.010184086859226227,-0.5593224391341209,Negative
10824,2023-10-07 14:53:00,2023-10-07,14,Saturday,user_823,News,US,@user we loved the show at MetLife last Wednesday - great work! Hope you guys are having a nice time. Enjoy your night.,USER loved show metlife last wednesday great work hope guy nice time enjoy night,46,13,0.00202254019677639,0.0065668183378875256,0.9914106130599976,0.9893880728632212,Positive
10825,2023-10-07 15:04:00,2023-10-07,15,Saturday,user_824,Tech,Global,@user Did you not even see one for GCSE!? Next one is on Thursday. You should!,USER even see one gcse next one thursday,1,1,0.08192364871501923,0.3902893662452698,0.5277869701385498,0.4458633214235306,Positive
10826,2023-10-07 15:15:00,2023-10-07,15,Saturday,user_825,General,US,Red delays new price anouncement till tomorrow 6PM. Sounds like they want to dig for Sony prices some more.,red delay new price anouncement till tomorrow sound like want dig sony price,20,7,0.5185555815696716,0.4562038481235504,0.025240609422326088,-0.49331497214734554,Negative
10827,2023-10-07 15:26:00,2023-10-07,15,Saturday,user_826,Gaming,UK,"""Kicking off Monday morning with Iron Maiden's """"Piece of Mind""""""",kicking monday morning iron maiden piece mind,22,8,0.0024292755406349897,0.6976558566093445,0.29991477727890015,0.29748550173826516,Neutral
10828,2023-10-07 15:37:00,2023-10-07,15,Saturday,user_827,Sports,US,@user David the UK bookies have got you penciled in with Vitali for 30th December : Do they know something we don\u2019t ??,USER david uk bookie got penciled vitali december know something,9,3,0.08527002483606339,0.8739093542098999,0.040820617228746414,-0.04444940760731697,Neutral
10829,2023-10-07 15:48:00,2023-10-07,15,Saturday,user_828,Gaming,UK,Wait - Go Set A Watchman is really the 1st draft of Mockingbird? Then why is it being published as a separate novel?,wait go set watchman really draft mockingbird published separate novel,5,2,0.13628751039505005,0.842709481716156,0.021002978086471558,-0.11528453230857849,Neutral
10830,2023-10-07 15:59:00,2023-10-07,15,Saturday,user_829,Tech,US,UK members: You may be interested in this evening's BBC documentary on the history of @user #Surveyors,uk member may interested evening bbc documentary history USER surveyor,5,2,0.0032103306148201227,0.5504110455513,0.4463786780834198,0.4431683474685997,Neutral
10831,2023-10-07 16:10:00,2023-10-07,16,Saturday,user_830,Sports,Canada,President Muhammadu Buhari on Thursday charged the new heads of the Nigerian military to defeat the Boko Haram...,president muhammadu buhari thursday charged new head nigerian military defeat boko haram,2,1,0.045348964631557465,0.8437296152114868,0.11092134565114975,0.06557238101959229,Neutral
10832,2023-10-07 16:21:00,2023-10-07,16,Saturday,user_831,News,Global,Just found a piece of candy that may have been injected with something. #Why,found piece candy may injected something,24,11,0.6757399439811707,0.305759996175766,0.01850004680454731,-0.6572398971766233,Negative
10833,2023-10-07 16:32:00,2023-10-07,16,Saturday,user_832,Gaming,Global,How\u2019s Channel 4 celebrating its 30th anniversary? Is it pretending the first 20 years when it was any fucking good never happened?,channel NUMBER celebrating anniversary pretending first NUMBER year fucking good never happened,5,2,0.9107189178466797,0.07833254337310791,0.010948549956083298,-0.8997703678905964,Negative
10834,2023-10-07 16:43:00,2023-10-07,16,Saturday,user_833,Tech,Canada,Kris Bryant is the 5th rookie 3B to hit 20 HR in a season in the Expansion Era. The previous 4 to do it all won Rookie of the Year.,kris bryant rookie hit NUMBER hr season expansion era previous NUMBER rookie year,17,10,0.0035252105444669724,0.4783599376678467,0.5181148648262024,0.5145896542817354,Positive
10835,2023-10-07 16:54:00,2023-10-07,16,Saturday,user_834,General,Canada,Can we get Frank Ocean in charge of this asteroid so he can keep pushing the date back?,get frank ocean charge asteroid keep pushing date back,0,0,0.29306933283805847,0.6601141095161438,0.04681653156876564,-0.24625280126929283,Neutral
10836,2023-10-07 17:05:00,2023-10-07,17,Saturday,user_835,Sports,Global,@user in London for Boro match Saturday... let me know what night you\u2019re out... Friday may suit me better like if optional,USER london boro match saturday let know night friday may suit better like optional,72,22,0.011888573877513409,0.49621260166168213,0.4918988049030304,0.480010231025517,Neutral
10837,2023-10-07 17:16:00,2023-10-07,17,Saturday,user_836,Gaming,Canada,I am going to meet Dean Ambrose on Oct 2nd wooo!!!! via @user,going meet dean ambrose oct wooo via USER,7,2,0.00103973806835711,0.06206449866294861,0.9368957877159119,0.9358560496475548,Positive
10838,2023-10-07 17:27:00,2023-10-07,17,Saturday,user_837,Gaming,UK,I hope they announce something different and exciting for the iPad tomorrow. It's just about time for me to get a new one #AppleEvent,hope announce something different exciting ipad tomorrow time get new one appleevent,0,0,0.002667065942659974,0.022370805963873863,0.9749621152877808,0.9722950493451208,Positive
10839,2023-10-07 17:38:00,2023-10-07,17,Saturday,user_838,News,US,@user wanna go see legally blonde at north at 2 on saturday? i told your mom already but i need to make sure they have tickets if ya want,USER wan na go see legally blonde north NUMBER saturday told mom already need make sure ticket ya want,0,0,0.006170772481709719,0.7778080105781555,0.21602128446102142,0.2098505119793117,Neutral
10840,2023-10-07 17:49:00,2023-10-07,17,Saturday,user_839,News,Global,Come out to the @user Rising Stars game being held here at 5:10pm THIS Saturday! See prospects from all 30 @user teams! #AFL12,come USER rising star game held NUMBER saturday see prospect NUMBER USER team,21,6,0.002485434990376234,0.5347865223884583,0.46272802352905273,0.4602425885386765,Neutral
10841,2023-10-07 18:00:00,2023-10-07,18,Saturday,user_840,General,Canada,"""Martin Atkinson is referee tomorrow. If you don\u2019t remember\u002c he\u2019s the one who \""""""""missed\"""""""" Balotelli\u2019s shocking tackle on Song.""",martin atkinson referee tomorrow one shocking tackle song,15,5,0.7445313334465027,0.23937082290649414,0.016097858548164368,-0.7284334748983383,Negative
10842,2023-10-07 18:11:00,2023-10-07,18,Saturday,user_841,General,UK,"""Your claims are based on hawaa. No knowledge of Deen, no adab about how to talk with Muslims. May Allaah disgrace u.",claim based hawaa knowledge deen adab talk muslim may allaah disgrace u,24,8,0.891470193862915,0.10223853588104248,0.006291290745139122,-0.8851789031177759,Negative
10843,2023-10-07 18:22:00,2023-10-07,18,Saturday,user_842,Tech,Global,Interested in a fieldtrip this Sat. to check out the annual snow goose migration? Text or call Becky at 403-715-7844,interested fieldtrip sat check annual snow goose migration text call becky NUMBER NUMBER NUMBER,0,0,0.0038154060021042824,0.7007567882537842,0.2954278886318207,0.2916124826297164,Neutral
10844,2023-10-07 18:33:00,2023-10-07,18,Saturday,user_843,Tech,Canada,"""If you wonder why we keep on this sustainable path, run the trails around Cardigan. Closed loop at its best, nature. #doworkshop tomorrow""",wonder keep sustainable path run trail around cardigan closed loop best nature doworkshop tomorrow,0,0,0.04057981073856354,0.557367742061615,0.40205246210098267,0.36147265136241913,Neutral
10845,2023-10-07 18:44:00,2023-10-07,18,Saturday,user_844,General,Global,Friday's going to be my break-up letter to Kanye West. I have been writing it for several months.,friday going letter kanye west writing several month,8,3,0.04028650373220444,0.8271743059158325,0.13253921270370483,0.0922527089715004,Neutral
10846,2023-10-07 18:55:00,2023-10-07,18,Saturday,user_845,General,Canada,"Get the popcorn (or coffee in my case) ready, folks. 1 hour till the new iPhone event! Tuning in from #Asheville, NC.",get popcorn coffee case ready folk NUMBER hour till new iphone event tuning asheville nc,3,2,0.0017206446500495076,0.17885255813598633,0.8194267749786377,0.8177061303285882,Positive
10847,2023-10-07 19:06:00,2023-10-07,19,Saturday,user_846,Sports,Global,the Packers game will be broadcast for the 5th time in our market and that makes me happy just so i can hear Ha Ha Clinton-Dix more,packer game broadcast time market make happy hear ha ha,6,3,0.0026731963735073805,0.023158933967351913,0.9741678237915039,0.9714946274179965,Positive
10848,2023-10-07 19:17:00,2023-10-07,19,Saturday,user_847,News,UK,@user There is filming going on tomorrow. Can you confirm you can be in Oldham by 10?,USER filming going tomorrow confirm oldham NUMBER,88,23,0.004121715668588877,0.9055240154266357,0.09035427123308182,0.08623255556449294,Neutral
10849,2023-10-07 19:28:00,2023-10-07,19,Saturday,user_848,Tech,UK,@user no because asia told me it was the 14th and now its to late .,USER asia told late,61,17,0.7601988315582275,0.23297549784183502,0.006825616583228111,-0.7533732149749994,Negative
10850,2023-10-07 19:39:00,2023-10-07,19,Saturday,user_849,News,US,@user Jason will prove himself again tomorrow when he sells out stadiums in more record times.,USER jason prove tomorrow sell stadium record time,55,14,0.005817533005028963,0.21383295953273773,0.7803495526313782,0.7745320196263492,Positive
10851,2023-10-07 19:50:00,2023-10-07,19,Saturday,user_850,News,Global,Biden: Not Sure I Have 'Emotional Energy' for 2016 Run Vice President Joe Biden said on Thursday he is trying to...,biden sure emotional energy NUMBER run vice president joe biden said thursday trying,21,7,0.18393577635288239,0.7834864854812622,0.032577671110630035,-0.15135810524225235,Neutral
10852,2023-10-07 20:01:00,2023-10-07,20,Saturday,user_851,General,US,(Reuters) - The season opener between the New York Knicks and Brooklyn Nets set for Thursday at the Barclays Cen ...,reuters season opener new york knicks brooklyn net set thursday barclays cen,4,2,0.004550411831587553,0.9510483741760254,0.04440126568078995,0.039850853849202394,Neutral
10853,2023-10-07 20:12:00,2023-10-07,20,Saturday,user_852,Sports,Global,"""Slider to center by Mark Trumbo and that will do for the top 3rd. Mariners lead White Sox, 4-0.""",slider center mark trumbo top mariner lead white sox NUMBER NUMBER,3,2,0.0031359249260276556,0.7811866402626038,0.2156774401664734,0.21254151524044573,Neutral
10854,2023-10-07 20:23:00,2023-10-07,20,Saturday,user_853,Gaming,Canada,spot price on 14KT gold is $49.08 dwt in Tampa Bay today - crazy that gold is over $1800/ounce - remember when the real price was $300.00..,spot price gold NUMBER dwt tampa bay today crazy gold NUMBER remember real price NUMBER,5,3,0.3681301176548004,0.4992211163043976,0.13264881074428558,-0.23548130691051483,Neutral
10855,2023-10-07 20:34:00,2023-10-07,20,Saturday,user_854,Sports,Canada,Angela Merkel and Francois Hollande consider the conduct of the elections in DNR and LNR threat Minsk agreements,angela merkel francois hollande consider conduct election dnr lnr threat minsk agreement,12,8,0.03170958533883095,0.9297953248023987,0.03849499300122261,0.006785407662391663,Neutral
10856,2023-10-07 20:45:00,2023-10-07,20,Saturday,user_855,Sports,US,#SkateNight Tonight 8pm Stardust Skate Center FREE b4 9:30pm Hosted by #SAAB its always fun when you rolling!!! haha x5,skatenight tonight stardust skate center free NUMBER hosted saab always fun rolling haha,0,0,0.0012001865543425083,0.01875436119735241,0.9800454378128052,0.9788452512584627,Positive
10857,2023-10-07 20:56:00,2023-10-07,20,Saturday,user_856,News,Global,"""I'm in the mood to get a Gangsta Grillz today, you think it will go over well at the work place on Monday morning - Is this the new normal?""",mood get gangsta grillz today think go well work place monday morning new normal,3,2,0.019817756488919258,0.5514929890632629,0.42868930101394653,0.4088715445250273,Neutral
10858,2023-10-07 21:07:00,2023-10-07,21,Saturday,user_857,Sports,US,Chance to win Zac Brown Band tix today. We're singing &amp; you may have to manage some light Spanish to win. Keep listening.,chance win zac brown band tix today singing amp may manage light spanish win keep listening,0,0,0.003910817671567202,0.12542667984962463,0.87066251039505,0.8667516927234828,Positive
10859,2023-10-07 21:18:00,2023-10-07,21,Saturday,user_858,Tech,UK,Big 4 with Kevin\u002c Deniesse\u002c Devine\u002c and Ryan sa kick off ng PBB Teen Edition 4 on Sunday\u002c April 8 at 9pm.#excitedmuch!!!#BiggelonTV,big NUMBER ryan sa kick ng pbb teen edition NUMBER april NUMBER excitedmuch biggelontv,11,3,0.001107477000914514,0.04639974609017372,0.9524928331375122,0.9513853561365977,Positive
10860,2023-10-07 21:29:00,2023-10-07,21,Saturday,user_859,News,US,@user lol! Gonna make up for day off tomorrow! Also bought vertical iPad stand so I can browser test w/the lot of 'em. #geekgirl,USER lol gon na make day tomorrow also bought vertical ipad stand browser test lot em geekgirl,28,11,0.003337601898238063,0.07968050241470337,0.9169818758964539,0.9136442739982158,Positive
10861,2023-10-07 21:40:00,2023-10-07,21,Saturday,user_860,Tech,US,The 1st Amendment is being ignored while the new federal right to marriage equality made up by SCOTUS (marriage...,amendment ignored new federal right marriage equality made scotus marriage,25,7,0.6940141320228577,0.28394532203674316,0.022040562704205513,-0.6719735693186522,Negative
10862,2023-10-07 21:51:00,2023-10-07,21,Saturday,user_861,Gaming,Canada,This Friday we are mixing Tumblr with Twitter\u002c ah well.,friday mixing tumblr ah well,3,1,0.04437989369034767,0.7976560592651367,0.15796412527561188,0.1135842315852642,Neutral
10863,2023-10-07 22:02:00,2023-10-07,22,Saturday,user_862,News,US,Can't wait until the DLC for ME3 comes out tomorrow. :-),ca wait dlc come tomorrow,38,18,0.0012681556399911642,0.008263769559562206,0.9904680848121643,0.9891999291721731,Positive
10864,2023-10-07 22:13:00,2023-10-07,22,Saturday,user_863,Gaming,Global,"""best documentary feature goes to Saving Face, hahahaa only one opsi from this nomination, this's it! #Oscars""",best documentary feature go saving face hahahaa one opsi nomination oscar,11,5,0.005403949413448572,0.0420408733189106,0.952555239200592,0.9471512897871435,Positive
10865,2023-10-07 22:24:00,2023-10-07,22,Saturday,user_864,News,Canada,I hate to succumb to the thought but Rousey just may be The Juggernaut.,hate succumb thought rousey may juggernaut,0,0,0.22223062813282013,0.562553346157074,0.2152160108089447,-0.007014617323875427,Neutral
10866,2023-10-07 22:35:00,2023-10-07,22,Saturday,user_865,General,US,Fleetwood Mac Lot of 4 45s Don't Stop you make lovin fun Rhiannon Monday Morning,fleetwood mac lot NUMBER stop make lovin fun rhiannon monday morning,2,1,0.00562723632901907,0.05662836506962776,0.9377444386482239,0.9321172023192048,Positive
10867,2023-10-07 22:46:00,2023-10-07,22,Saturday,user_866,Sports,UK,I\u2019m pretty sure Bill O\u2019Brien has gone for it on 4th down more in one season than Paterno did his entire career.,pretty sure bill gone one season paterno entire career,3,1,0.2624032497406006,0.6316338181495667,0.10596299171447754,-0.15644025802612305,Neutral
10868,2023-10-07 22:57:00,2023-10-07,22,Saturday,user_867,General,US,"""Racists NeoNazis march the streets, Muslims protest 'behead those who insult Islam' but can't preach the gospel!?",racist neonazis march street muslim protest behead insult islam ca preach gospel,0,0,0.8841097950935364,0.1106109619140625,0.005279209930449724,-0.8788305851630867,Negative
10869,2023-10-07 23:08:00,2023-10-07,23,Saturday,user_868,Gaming,US,Even as Congress Vice-President Rahul Gandhi on Monday alleged that he was prevented from entering the Barpeta...,even congress rahul gandhi monday alleged prevented entering barpeta,32,16,0.24986806511878967,0.7344160676002502,0.01571589894592762,-0.23415216617286205,Neutral
10870,2023-10-07 23:19:00,2023-10-07,23,Saturday,user_869,Sports,US,Did you know that 'Labor Day' was Trending Topic on Tuesday 8 for 11 hours in Greensboro? #trndnl,know labor day trending topic tuesday NUMBER NUMBER hour greensboro trndnl,7,3,0.0033073495142161846,0.8260162472724915,0.17067642509937286,0.16736907558515668,Neutral
10871,2023-10-07 23:30:00,2023-10-07,23,Saturday,user_870,News,Canada,(Motorola Moto G 2015 review) Buy now from Amazon Motorola calls it the Moto G (3rd...,motorola moto g NUMBER review buy amazon motorola call moto g,43,11,0.005991336889564991,0.7349064946174622,0.2591021955013275,0.2531108586117625,Neutral
10872,2023-10-07 23:41:00,2023-10-07,23,Saturday,user_871,Sports,Global,Fenway Park staff reportedly confiscating Don Orsillo signs: Monday night is the first Red Sox game at Fenway ...,fenway park staff reportedly confiscating orsillo sign monday night first red sox game fenway,3,1,0.04734434187412262,0.9304792284965515,0.02217642404139042,-0.0251679178327322,Neutral
10873,2023-10-07 23:52:00,2023-10-07,23,Saturday,user_872,Tech,UK,@user 194days till i see you at #BELIEVEtour at london o2 arena on march 7th<3,USER till see believetour london arena march NUMBER,0,0,0.0018527283100411296,0.25326085090637207,0.7448864579200745,0.7430337296100333,Positive
10874,2023-10-08 00:03:00,2023-10-08,0,Sunday,user_873,Sports,US,It was Prince George's 2nd birthday today! Isn't he a cutie? Is your little one's birthday soon? Not sure what to...,prince george birthday today cutie little one birthday soon sure,5,3,0.002821178874000907,0.027095548808574677,0.9700832962989807,0.9672621174249798,Positive
10875,2023-10-08 00:14:00,2023-10-08,0,Sunday,user_874,Tech,Global,"It may be true that Monsanto is terrible at PR, but believe it or not, it's not an evil company. #FeedThe9",may true monsanto terrible pr believe evil company,0,0,0.6579631567001343,0.29459816217422485,0.047438718378543854,-0.6105244383215904,Negative
10876,2023-10-08 00:25:00,2023-10-08,0,Sunday,user_875,Sports,Global,"""Hulk Hogan may have made those racist comments, but when he was in wrestlemania, that was my shit! WHAT YOU GONNA DO BROTHER!?!?""""""",hulk hogan may made racist comment wrestlemania shit gon na brother,10,3,0.814984142780304,0.16247045993804932,0.022545402869582176,-0.7924387399107218,Negative
10877,2023-10-08 00:36:00,2023-10-08,0,Sunday,user_876,Tech,Canada,@user I should drive up to Orono tonight or tomorrow night,USER drive orono tonight tomorrow night,36,12,0.010138755664229393,0.9008201956748962,0.08904106169939041,0.07890230603516102,Neutral
10878,2023-10-08 00:47:00,2023-10-08,0,Sunday,user_877,Gaming,UK,@user can Son and N'Jie give us what we need to supplement Kane until the January window?,USER son give u need supplement kane january window,11,3,0.010780896060168743,0.8990525603294373,0.09016651660203934,0.0793856205418706,Neutral
10879,2023-10-08 00:58:00,2023-10-08,0,Sunday,user_878,General,Canada,Tripple H was never Ric Flair's Bitch..But this Sunday Ima make you mine... John Cena to Seth Rollins,tripple h never ric flair bitch sunday ima make mine john cena seth rollins,9,4,0.09872167557477951,0.6519114971160889,0.24936680495738983,0.15064512938261032,Neutral
10880,2023-10-08 01:09:00,2023-10-08,1,Sunday,user_879,News,Global,i need to figure out what shoes im going to buy tomorrow NIKE OR ADIDAS SUPERSTAR BC MY BROTHER HAS ONE AND I WANT TO HAVE IT TOO,need figure shoe im going buy tomorrow nike adidas superstar bc brother one want,0,0,0.020223096013069153,0.5142464637756348,0.4655304551124573,0.4453073590993881,Neutral
10881,2023-10-08 01:20:00,2023-10-08,1,Sunday,user_880,Sports,Global,"""August 21st is such an emotional day forme, drive was put onSpotify, dmd videoreleased, Christians cover and I might be going to url tonight""",august emotional day forme drive put onspotify dmd videoreleased christian cover might going url tonight,0,0,0.3445882797241211,0.4591440260410309,0.1962677240371704,-0.14832055568695068,Neutral
10882,2023-10-08 01:31:00,2023-10-08,1,Sunday,user_881,General,Global,Sarah Palin is set to return with an uproarious new stand-up special premiering this Saturday night on HBO,sarah palin set return uproarious new special premiering saturday night hbo,0,0,0.09259457886219025,0.7094686031341553,0.1979368031024933,0.10534222424030304,Neutral
10883,2023-10-08 01:42:00,2023-10-08,1,Sunday,user_882,News,Canada,The only feminist manifesto (if I may call it) that am exposed to is the one in Beyonce's flawless,feminist manifesto may call exposed one beyonce flawless,10,4,0.058657463639974594,0.5952010750770569,0.3461414575576782,0.28748399391770363,Neutral
10884,2023-10-08 01:53:00,2023-10-08,1,Sunday,user_883,News,UK,Rolling Stone and The Zone are the best songs on Thursday,rolling stone zone best song thursday,0,0,0.004840374458581209,0.03884800896048546,0.9563116431236267,0.9514712686650455,Positive
10885,2023-10-08 02:04:00,2023-10-08,2,Sunday,user_884,Tech,US,@user I've been watching Naruto most of my life.This is the last movie.Of course I'll wait that long besides Oct 10 is Naruto's B-day.,USER watching naruto last course wait long besides oct NUMBER naruto,3,2,0.007770145777612925,0.24068237841129303,0.7515475153923035,0.7437773696146905,Positive
10886,2023-10-08 02:15:00,2023-10-08,2,Sunday,user_885,Gaming,Canada,"""Chiara Atik's The Secret Catcher in 3G's Sips&amp;Scripts, tom @user @ The Gin Mill. New play, cold draft &amp; hot tots. C'mon, you know you wanna.""",chiara atik secret catcher sip amp script tom USER gin mill new play cold draft amp hot tot know wan na,8,3,0.010104848071932793,0.6301509141921997,0.35974428057670593,0.34963943250477314,Neutral
10887,2023-10-08 02:26:00,2023-10-08,2,Sunday,user_886,Gaming,Global,Whoa. Is Taylor Kitsch seriously going to be at the charity game tomorrow?,whoa taylor kitsch seriously going charity game tomorrow,7,2,0.18299485743045807,0.7793279886245728,0.037677180022001266,-0.1453176774084568,Neutral
10888,2023-10-08 02:37:00,2023-10-08,2,Sunday,user_887,General,Canada,Zayn left the band on Wednesday The last Canadian show is on a wednesday My first day of school is wednesday I OFFICIALLY HATE WEDNESDAYS,zayn left band wednesday last canadian show wednesday first day school wednesday officially hate wednesday,0,0,0.9012904167175293,0.08922600001096725,0.009483622387051582,-0.8918067943304777,Negative
10889,2023-10-08 02:48:00,2023-10-08,2,Sunday,user_888,Gaming,Global,"""Thank god for having a sub in 2nd, watched the PLL Halloween special I missed the other night""",thank god sub watched pll halloween special missed night,1,1,0.014044392853975296,0.14990940690040588,0.8360461592674255,0.8220017664134502,Positive
10890,2023-10-08 02:59:00,2023-10-08,2,Sunday,user_889,Sports,US,U2's Bono reveals he may NEVER play guitar again following horrific bike accident,bono reveals may never play guitar following horrific bike accident,38,13,0.7996606230735779,0.18944525718688965,0.01089417189359665,-0.7887664511799812,Negative
10891,2023-10-08 03:10:00,2023-10-08,3,Sunday,user_890,Gaming,US,Democrats defeat Republicans 8-2 in Congressional baseball game tonight.,democrat defeat republican NUMBER NUMBER congressional baseball game tonight,10,5,0.008146822452545166,0.7483834624290466,0.24346975982189178,0.23532293736934662,Neutral
10892,2023-10-08 03:21:00,2023-10-08,3,Sunday,user_891,General,UK,After Wednesday's twilight market check out the lovely local lights like these in Gladesville Drive. Invite friends!,wednesday twilight market check lovely local light like gladesville drive invite friend,8,3,0.0015875597018748522,0.06039513647556305,0.9380173087120056,0.9364297490101308,Positive
10893,2023-10-08 03:32:00,2023-10-08,3,Sunday,user_892,Gaming,Global,Well said @user If anyone watching this Yakub episode they may think this is the only case whole Indian Judiciary has at the moment.Shame,well said USER anyone watching yakub episode may think case whole indian judiciary,0,0,0.7810638546943665,0.19559523463249207,0.023340895771980286,-0.7577229589223862,Negative
10894,2023-10-08 03:43:00,2023-10-08,3,Sunday,user_893,Sports,UK,I hope all the fans stayed into the 9th to watch Harper go 0-5. #nats,hope fan stayed watch harper go NUMBER NUMBER nats,72,24,0.24646034836769104,0.6009544730186462,0.15258514881134033,-0.09387519955635071,Neutral
10895,2023-10-08 03:54:00,2023-10-08,3,Sunday,user_894,Tech,UK,Murray has this. He may not have it at the moment but I'm not worried #USOpen #murray,murray may moment worried usopen murray,13,5,0.04524615406990051,0.5265554189682007,0.4281983971595764,0.3829522430896759,Neutral
10896,2023-10-08 04:05:00,2023-10-08,4,Sunday,user_895,General,US,"@user @user technically we have school tomorrow, yes no yes, it's not a goodbye it's a cough, Justin Bieber, Pasquina""",USER USER technically school tomorrow yes yes goodbye cough justin bieber pasquina,3,1,0.0808967798948288,0.7177621722221375,0.20134103298187256,0.12044425308704376,Neutral
10897,2023-10-08 04:16:00,2023-10-08,4,Sunday,user_896,Tech,Canada,"Depending on what you thought of Jurassic World, you may or may not like this Kong: Skull Island news",depending thought jurassic world may may like kong skull island news,30,10,0.2610397934913635,0.6403433680534363,0.0986168310046196,-0.16242296248674393,Neutral
10898,2023-10-08 04:27:00,2023-10-08,4,Sunday,user_897,Tech,Canada,"""#KissMyAssGreenDayTheBest metallica,iron maiden,ac/dc,avenged sevenfold,killswitch engage,miss may I, the best.""",kissmyassgreendaythebest metallica iron maiden avenged sevenfold killswitch engage miss may best,2,1,0.003670274978503585,0.026286905631422997,0.9700427651405334,0.9663724901620299,Positive
10899,2023-10-08 04:38:00,2023-10-08,4,Sunday,user_898,Tech,UK,Special Notice for lefties who try to watch the best show on TV\u002c Justified. (2nd try melts tv),special notice lefty try watch best show justified try melt tv,9,3,0.5978779196739197,0.3435364067554474,0.0585857518017292,-0.5392921678721905,Negative
10900,2023-10-08 04:49:00,2023-10-08,4,Sunday,user_899,News,US,@user Enter our competition to win a London Children\u2019s Map Puzzle just follow and RT.Closes tomorrow @user,USER enter competition win london map puzzle follow tomorrow USER,9,5,0.0040523274801671505,0.628983199596405,0.3669644296169281,0.36291210213676095,Neutral
10901,2023-10-08 05:00:00,2023-10-08,5,Sunday,user_900,News,Global,Not going to be able to watch Federer's match vs Darcis but expect to wake up tomorrow to read of a comprehensive victory for the Swiss.,going able watch federer match v darcis expect wake tomorrow read comprehensive victory swiss,2,1,0.04218292981386185,0.4717426002025604,0.4860744774341583,0.4438915476202965,Positive
10902,2023-10-08 05:11:00,2023-10-08,5,Sunday,user_901,Tech,Canada,blow by kesha is the only song acceptable to listen to at school tomorrow,blow kesha song acceptable listen school tomorrow,36,19,0.010602544993162155,0.15978644788265228,0.8296109437942505,0.8190083988010883,Positive
10903,2023-10-08 05:22:00,2023-10-08,5,Sunday,user_902,General,UK,Headed to the Honda Classic in Florida (@ Airport Fast Park - Red Lot),headed honda classic florida airport fast park red lot,22,6,0.003794710384681821,0.8872374296188354,0.10896782577037811,0.10517311538569629,Neutral
10904,2023-10-08 05:33:00,2023-10-08,5,Sunday,user_903,Sports,Canada,Thor and April love the laundry basket. #catsofinstagram,thor april love laundry basket catsofinstagram,6,4,0.007080014795064926,0.096153624355793,0.8967663645744324,0.8896863497793674,Positive
10905,2023-10-08 05:44:00,2023-10-08,5,Sunday,user_904,Sports,Canada,it\u2019s a sunday\u002c i think in the spirit of douglas adams and feeling like shit i will have a second bath,think spirit douglas adam feeling like shit second bath,0,0,0.7735656499862671,0.20347143709659576,0.022962912917137146,-0.7506027370691299,Negative
10906,2023-10-08 05:55:00,2023-10-08,5,Sunday,user_905,Gaming,Global,"""Supreme Court. """"Gay Marriage."""" Kentucky Clerk Jailed. The Rule of Lawlessness. Today, a clerk in Kentucky. Tomorrow, the rest of us.""",supreme court gay marriage kentucky clerk jailed rule lawlessness today clerk kentucky tomorrow rest u,0,0,0.8338287472724915,0.15777698159217834,0.008394253440201283,-0.8254344938322902,Negative
10907,2023-10-08 06:06:00,2023-10-08,6,Sunday,user_906,General,US,"""They're unveiling me Wednesday at the Yerba Buena Center in SF. Don't know why, but I like the way @user looks at me.""",unveiling wednesday yerba buena center sf know like way USER look,2,1,0.0074486806988716125,0.08994099497795105,0.9026103615760803,0.8951616808772087,Positive
10908,2023-10-08 06:17:00,2023-10-08,6,Sunday,user_907,News,Global,Panthers WR Benjamin may sit vs. Packers. Will that news effect the spread? Current line is Green Bay -7,panther wr benjamin may sit packer news effect spread current line green bay NUMBER,10,6,0.06526938080787659,0.9196215271949768,0.015109028667211533,-0.050160352140665054,Neutral
10909,2023-10-08 06:28:00,2023-10-08,6,Sunday,user_908,Tech,US,Gucci bags yourself secret december come the dyad thine particular ultra-ultra ampliation on route to pleading...,gucci bag secret december come dyad thine particular ampliation route pleading,2,1,0.022657087072730064,0.908361554145813,0.06898140907287598,0.04632432200014591,Neutral
10910,2023-10-08 06:39:00,2023-10-08,6,Sunday,user_909,Gaming,Canada,"""It's been a hell of a week, Chuck Norris released a video that claims Obama's 2nd term will bring about armageddon.""",hell week chuck norris released video claim obama term bring armageddon,9,3,0.6923166513442993,0.25976356863975525,0.04791971296072006,-0.6443969383835793,Negative
10911,2023-10-08 06:50:00,2023-10-08,6,Sunday,user_910,Sports,UK,"""Day #12 - Monday, 11/12 - Thank a Veteran Day. Brave men and women who have served their country with honor surround us. Find a veteran t...""",day NUMBER monday NUMBER NUMBER thank veteran day brave men woman served country honor surround u find veteran,19,6,0.006523407530039549,0.0733303427696228,0.9201462268829346,0.913622819352895,Positive
10912,2023-10-08 07:01:00,2023-10-08,7,Sunday,user_911,News,Global,I\u2019ve watched the Benji 30 for 30 before and this 2nd time hurt. Kinda hits home. Thinkin bout the homie Darrell. #RIPDT,watched benji NUMBER NUMBER time hurt kinda hit home thinkin bout homie darrell ripdt,0,0,0.6184077858924866,0.3288949131965637,0.05269729346036911,-0.5657104924321175,Negative
10913,2023-10-08 07:12:00,2023-10-08,7,Sunday,user_912,News,US,Harry backstage with Niall last night in Cleveland -- Aug 27 (via @user,harry backstage niall last night cleveland aug NUMBER via USER,14,5,0.0029288576915860176,0.9369940757751465,0.06007704511284828,0.057148187421262264,Neutral
10914,2023-10-08 07:23:00,2023-10-08,7,Sunday,user_913,Tech,Canada,WWE Announcer: HE'S SLITHERING IN... RANDY ORTON IS IN A PLACE WE'VE NEVER SEEN HIM BEFORE! *Randy Orton floating in the 13th dimension*,wwe announcer slithering randy orton place never seen randy orton floating dimension,0,0,0.010373544879257679,0.6742258667945862,0.31540051102638245,0.30502696614712477,Neutral
10915,2023-10-08 07:34:00,2023-10-08,7,Sunday,user_914,Sports,US,"Gon get smashed! The Nintendo kind though, not the drunk kind. Right?..right?",gon get smashed nintendo kind though drunk kind right right,50,16,0.3995058238506317,0.40571731328964233,0.1947767734527588,-0.20472905039787292,Neutral
10916,2023-10-08 07:45:00,2023-10-08,7,Sunday,user_915,General,US,@user - Yep. Believe the Indians are in the 10th slot (lost today) and the White Sox are 11th (losing). Tigers 12th.,USER yep believe indian slot lost today white sox losing tiger,8,3,0.05177812650799751,0.8976885676383972,0.05053330585360527,-0.0012448206543922424,Neutral
10917,2023-10-08 07:56:00,2023-10-08,7,Sunday,user_916,News,US,The best CGI in Ant-Man isn't the ant scenes. It's that 1st scene with Michael Douglas' face. #smhowzow,best cgi ant scene scene michael douglas face smhowzow,0,0,0.00985791441053152,0.04545775428414345,0.9446843266487122,0.9348264122381806,Positive
10918,2023-10-08 08:07:00,2023-10-08,8,Sunday,user_917,Tech,Canada,"""How's everyone's Saturday night? Don't lie. Ur laying in your bed with your smartphone up in the air, with Sharknado 3 in the background.""",everyone saturday night lie ur laying bed smartphone air sharknado NUMBER background,4,2,0.04248698055744171,0.6996803879737854,0.2578326463699341,0.21534566581249237,Neutral
10919,2023-10-08 08:18:00,2023-10-08,8,Sunday,user_918,General,UK,"""Ima walk into class tomorrow like Ice Cube did to his auntie house in """"Straight Outta Compton"""" with a binder and all kinds of notebooks.""",ima walk class tomorrow like ice cube auntie house straight outta compton binder kind notebook,3,2,0.05263816565275192,0.8311052322387695,0.11625650525093079,0.06361833959817886,Neutral
10920,2023-10-08 08:29:00,2023-10-08,8,Sunday,user_919,Sports,UK,Gay couples will try to wed as defiant clerk sits in jail: Several deputy clerks say they will comply with a c...,gay couple try wed defiant clerk sits jail several deputy clerk say comply c,13,7,0.14472077786922455,0.8356226086616516,0.019656645134091377,-0.12506413273513317,Neutral
10921,2023-10-08 08:40:00,2023-10-08,8,Sunday,user_920,News,UK,Porto are the only team letting me down! C\u2019mon boys turn this around,porto team letting boy turn around,10,6,0.9184696078300476,0.07135024666786194,0.010180192068219185,-0.9082894157618284,Negative
10922,2023-10-08 08:51:00,2023-10-08,8,Sunday,user_921,General,US,Samsung Galaxy Note 5 - Best Buy and Amazon slashed price of the Samsung Galaxy Note 4. The reduced price may temp...,samsung galaxy note NUMBER best buy amazon slashed price samsung galaxy note NUMBER reduced price may temp,10,4,0.028958307579159737,0.6578722596168518,0.3131694197654724,0.2842111121863127,Neutral
10923,2023-10-08 09:02:00,2023-10-08,9,Sunday,user_922,General,Canada,Hey everyone! If you are competing in districts at Lake Braddock on Monday you need to make sure to do the DECA test by 5pm tomorrow!!,hey everyone competing district lake braddock monday need make sure deca test tomorrow,0,0,0.005698614288121462,0.7276325821876526,0.2666688561439514,0.26097024185582995,Neutral
10924,2023-10-08 09:13:00,2023-10-08,9,Sunday,user_923,General,US,"""Enjoy a sundae on this Sunday, it's National Ice Cream Day! Make your own all-natural w/ fresh fruits! #icecreamday",enjoy sundae sunday national ice cream day make fresh fruit icecreamday,0,0,0.0013411383843049407,0.02311108633875847,0.9755478501319885,0.9742067117476836,Positive
10925,2023-10-08 09:24:00,2023-10-08,9,Sunday,user_924,News,UK,"""As the world marks International Human Rights Day on Thursday, Iran is continuing its execution spree&amp;#160;with the announcement that a""",world mark international human right day thursday iran continuing execution spree amp NUMBER announcement,0,0,0.7627261877059937,0.2277839630842209,0.009489850141108036,-0.7532363375648856,Negative
10926,2023-10-08 09:35:00,2023-10-08,9,Sunday,user_925,News,UK,David Price's 1st win as a Jay! Incredible day at the ballpark!!,david price win jay incredible day ballpark,6,4,0.001996692968532443,0.015570457093417645,0.9824328422546387,0.9804361492861062,Positive
10927,2023-10-08 09:46:00,2023-10-08,9,Sunday,user_926,Gaming,Canada,I may haven't been close to Louis at MetLife but he didn't seem unhappy at all,may close louis metlife seem unhappy,34,10,0.12969760596752167,0.503861665725708,0.3664407432079315,0.23674313724040985,Neutral
10928,2023-10-08 09:57:00,2023-10-08,9,Sunday,user_927,Sports,US,"""Not sure how to feel about Kendrick's sons coming up. Inspiration is beautiful, but c'mon fammm.""",sure feel kendrick son coming inspiration beautiful fammm,6,2,0.2959206700325012,0.4566551446914673,0.2474241852760315,-0.04849648475646973,Neutral
10929,2023-10-08 10:08:00,2023-10-08,10,Sunday,user_928,Tech,Global,Ice Cube is like 7th on my Greatest MC list and he is #2 in my diss records list.,ice cube like greatest mc list NUMBER dis record list,0,0,0.007723046001046896,0.22397927939891815,0.7682977318763733,0.7605746858753264,Positive
10930,2023-10-08 10:19:00,2023-10-08,10,Sunday,user_929,General,Global,"""\""""""""@MashUpStanleyT: \""""""""Don\u2019t cry because it\u2019s over. Smile because it happened.\"""""""" - Dr. Seuss\"""""""" Good quote for a Friday!""",USER cry smile good quote friday,6,4,0.005602109711617231,0.03056955710053444,0.9638283848762512,0.958226275164634,Positive
10931,2023-10-08 10:30:00,2023-10-08,10,Sunday,user_930,Gaming,UK,"Nope. Still half-asleep. More dancing. Seems like a Madonna sort of Monday, so on with a Bonus Song of the Day:",nope still dancing seems like madonna sort monday bonus song day,24,8,0.11050574481487274,0.5459555983543396,0.3435386121273041,0.23303286731243134,Neutral
10932,2023-10-08 10:41:00,2023-10-08,10,Sunday,user_931,Tech,Canada,@user That\u2019s what I figured. We suspect you may be experiencing some issues related to the storm\u002c Maria. We\u2019re working on it! ^DGM,USER figured suspect may experiencing issue related maria working,14,6,0.6075147986412048,0.37488478422164917,0.017600443214178085,-0.5899143554270267,Negative
10933,2023-10-08 10:52:00,2023-10-08,10,Sunday,user_932,Gaming,US,"@user Moto G 3rd Gen with android 5.1, 2GB RAM, upgraded 5MP front &amp; 13MP rear camera, 720P display,4G LTE &amp; water resistant""",USER moto g gen android NUMBER ram upgraded front amp rear camera lte amp water resistant,38,10,0.005789092741906643,0.410784512758255,0.5834264159202576,0.5776373231783509,Positive
10934,2023-10-08 11:03:00,2023-10-08,11,Sunday,user_933,News,US,@user @user All Mountain naming decisions are delegated to Chuck Norris by the 2nd Amendment,USER USER mountain naming decision delegated chuck norris amendment,2,1,0.036937516182661057,0.892057478427887,0.0710049420595169,0.03406742587685585,Neutral
10935,2023-10-08 11:14:00,2023-10-08,11,Sunday,user_934,General,UK,"""Black Friday week is going to be crazy. Iggy, Nicki, 1D, Selena, Eminem and I know I'm forgetting someone ???""",black friday week going crazy iggy nicki selena eminem know forgetting someone,3,1,0.1440669298171997,0.4580269157886505,0.3979061543941498,0.2538392245769501,Neutral
10936,2023-10-08 11:25:00,2023-10-08,11,Sunday,user_935,Tech,UK,David Wright with yet ANOTHER tough play. That short hop wasn't easy to grab. #Mets and Phillies head to the 13th.,david wright yet another tough play short hop easy grab mets phillies head,20,10,0.516110897064209,0.447829008102417,0.03606009855866432,-0.48005079850554466,Negative
10937,2023-10-08 11:36:00,2023-10-08,11,Sunday,user_936,Tech,US,so happy tomorrow is Star Wars day!!,happy tomorrow star war day,16,5,0.0028584867250174284,0.00602249801158905,0.9911189675331116,0.9882604808080941,Positive
10938,2023-10-08 11:47:00,2023-10-08,11,Sunday,user_937,Tech,US,It's been pouring for 3 days I'm starting to look like one of those twilight characters. Where's that doggon sun yo Damn you Florida.,pouring NUMBER day starting look like one twilight character doggon sun yo damn florida,3,1,0.9384512901306152,0.052680615335702896,0.008868121542036533,-0.9295831685885787,Negative
10939,2023-10-08 11:58:00,2023-10-08,11,Sunday,user_938,Tech,UK,Paul Dunne tees off in the final group tomorrow at 2:30 pm while Padraig Harrington is off at 2:10 pm...,paul dunne tee final group tomorrow NUMBER NUMBER pm padraig harrington NUMBER NUMBER pm,20,6,0.004000148270279169,0.955242395401001,0.040757469832897186,0.03675732156261802,Neutral
10940,2023-10-08 12:09:00,2023-10-08,12,Sunday,user_939,Tech,US,I may exit off twitter and fb and thug with instagram btw its blonde_lifestyle:insta,may exit twitter fb thug instagram btw insta,16,8,0.06465617567300797,0.8793673515319824,0.05597648769617081,-0.008679687976837158,Neutral
10941,2023-10-08 12:20:00,2023-10-08,12,Sunday,user_940,Gaming,Global,Last time the #STLCards swept a team was a two game series against the White Sox starting July 21st,last time stlcards swept team two game series white sox starting july,12,4,0.0352608785033226,0.9102534055709839,0.05448571592569351,0.01922483742237091,Neutral
10942,2023-10-08 12:31:00,2023-10-08,12,Sunday,user_941,General,UK,Taken 2 comes out Friday and the Afghans will have it Saturday guaranteed,taken NUMBER come friday afghan saturday guaranteed,13,5,0.005788690876215696,0.7644618153572083,0.2297493815422058,0.22396069066599011,Neutral
10943,2023-10-08 12:42:00,2023-10-08,12,Sunday,user_942,News,US,@user fashion tip for everyone at the Derby tomorrow,USER fashion tip everyone derby tomorrow,6,2,0.012206667102873325,0.7934119701385498,0.19438143074512482,0.1821747636422515,Neutral
10944,2023-10-08 12:53:00,2023-10-08,12,Sunday,user_943,News,UK,I JUST CAN'T STOP LOVING YOU by MICHAEL JACKSON AND SIEDAH GARRETT was no.3 in the UK charts on 2 September 1987,ca stop loving michael jackson siedah garrett NUMBER uk chart NUMBER september NUMBER,6,3,0.007489506620913744,0.2473699301481247,0.7451406121253967,0.737651105504483,Positive
10945,2023-10-08 13:04:00,2023-10-08,13,Sunday,user_944,News,Canada,"from September 2nd in Japan: Netflix, Amazon Prime Video + Hulu and all the other streaming services already operating. Which one to choose?",september japan netflix amazon prime video hulu streaming service already operating one choose,11,3,0.006302950903773308,0.8876988887786865,0.10599812120199203,0.09969517029821873,Neutral
10946,2023-10-08 13:15:00,2023-10-08,13,Sunday,user_945,News,UK,"@user hey, reckon you'll be free for this tomorrow still? Google+ around 9pm (or earlier if you're back from the game and free).",USER hey reckon free tomorrow still around earlier back game free,15,9,0.0033380677923560143,0.6670118570327759,0.32965004444122314,0.32631197664886713,Neutral
10947,2023-10-08 13:26:00,2023-10-08,13,Sunday,user_946,Gaming,UK,"""Jumping off the Brooklyn Bridge with my hang glider on Sunday. Find a bookie, now taking bets on which state I land in""",jumping brooklyn bridge hang glider sunday find bookie taking bet state land,31,9,0.020060619339346886,0.8380978107452393,0.1418415606021881,0.12178094126284122,Neutral
10948,2023-10-08 13:37:00,2023-10-08,13,Sunday,user_947,Sports,Canada,Project X on a monday night? Fuck it,project x monday night fuck,29,8,0.9295617938041687,0.062017738819122314,0.008420553989708424,-0.9211412398144603,Negative
10949,2023-10-08 13:48:00,2023-10-08,13,Sunday,user_948,General,Global,Just reading this review proves that the Foo Fighters simply rocked Milton Keynes!,reading review prof foo fighter simply rocked milton keynes,0,0,0.004949635826051235,0.053064581006765366,0.9419858455657959,0.9370362097397447,Positive
10950,2023-10-08 13:59:00,2023-10-08,13,Sunday,user_949,Tech,US,"@user So, I take it you will be dressing up like DRose and trying to sneak onto the court tomorrow night?""",USER take dressing like drose trying sneak onto court tomorrow night,16,6,0.056395843625068665,0.895270049571991,0.04833409562706947,-0.008061747997999191,Neutral
10951,2023-10-08 14:10:00,2023-10-08,14,Sunday,user_950,Sports,Canada,May God's love be stronger and longer than the bruises we've collected from (well)meaning Christians.,may god love stronger longer bruise collected well meaning christian,18,7,0.015949422493577003,0.107908695936203,0.8761418461799622,0.8601924236863852,Positive
10952,2023-10-08 14:21:00,2023-10-08,14,Sunday,user_951,News,UK,"""We make a million of beats, cause our stories is deep. And fuck tomorrow, as long as the night before was sweet."" - Jay-Z",make million beat cause story deep fuck tomorrow long night sweet,19,5,0.07711103558540344,0.25066977739334106,0.6722191572189331,0.5951081216335297,Positive
10953,2023-10-08 14:32:00,2023-10-08,14,Sunday,user_952,Sports,US,"Goodnight!!!! Aral2 din pag may time! LOGIC is my fave subject!""",goodnight din pag may time logic fave subject,14,7,0.002041163621470332,0.010533763095736504,0.9874250292778015,0.9853838656563312,Positive
10954,2023-10-08 14:43:00,2023-10-08,14,Sunday,user_953,General,Canada,"Amazon Prime is a lie. It said my stuff would be delivered by Monday. Its Wednesday, and still hasn't arrived. Tracking doesn't make sense.",amazon prime lie said stuff would delivered monday wednesday still arrived tracking make sense,25,9,0.9145084023475647,0.07715553790330887,0.008336009457707405,-0.9061723928898573,Negative
10955,2023-10-08 14:54:00,2023-10-08,14,Sunday,user_954,Tech,US,LF Hanley Ramirez's season may be over after the Red Sox placed him on the 15-day disabled list Saturday with right shoulder inflammation,lf hanley ramirez season may red sox placed NUMBER disabled list saturday right shoulder inflammation,9,3,0.5104498863220215,0.4800226092338562,0.009527495130896568,-0.5009223911911249,Negative
10956,2023-10-08 15:05:00,2023-10-08,15,Sunday,user_955,Tech,US,@user February 2\u002c aka Groundhog Day\u002c we can pull it off\u002c right?,USER february NUMBER aka groundhog pull right,9,3,0.006827650126069784,0.4644670784473419,0.5287052392959595,0.5218775891698897,Positive
10957,2023-10-08 15:16:00,2023-10-08,15,Sunday,user_956,General,Canada,@user Okay thanks Shawn and I figured it may be a stretch to do it all but never heard mention of it so thought i'd ask you.,USER okay thanks shawn figured may stretch never heard mention thought ask,0,0,0.06730210781097412,0.6757557392120361,0.25694215297698975,0.18964004516601562,Neutral
10958,2023-10-08 15:27:00,2023-10-08,15,Sunday,user_957,General,US,"""Hi all, if you are anywhere Los Angeles, and are free on Friday, we need U2 fans for on-camera interviews. See prev tweet""",hi anywhere los angeles free friday need fan interview see prev tweet,6,2,0.005411881022155285,0.7758448719978333,0.21874326467514038,0.2133313836529851,Neutral
10959,2023-10-08 15:38:00,2023-10-08,15,Sunday,user_958,News,Global,C'mon Art... you /know/ you want to go watch a Conor McGregor or Rhonda Rousey fight... #DMTalk,art want go watch conor mcgregor rhonda rousey fight dmtalk,17,5,0.06763257831335068,0.8251050710678101,0.10726233571767807,0.03962975740432739,Neutral
10960,2023-10-08 15:49:00,2023-10-08,15,Sunday,user_959,Tech,Canada,every friday evening that starts with watching @user live at Rock Im Park (online stream) is a good friday evening!,every friday evening start watching USER live rock im park online stream good friday evening,11,7,0.0011746999807655811,0.026775004342198372,0.9720502495765686,0.970875549595803,Positive
10961,2023-10-08 16:00:00,2023-10-08,16,Sunday,user_960,Sports,Global,FIFA is weird sometimes: You may remember the FIFA 12 video where Andy Carroll starting trying to hump Iker Casi...,fifa weird sometimes may remember fifa NUMBER video andy carroll starting trying hump iker casi,3,1,0.6222986578941345,0.3608667850494385,0.01683451049029827,-0.6054641474038363,Negative
10962,2023-10-08 16:11:00,2023-10-08,16,Sunday,user_961,Gaming,UK,"23 Aug 00;30 #771NAS Rescue193 returned from Tresco, IoS lifted a casualty with minor injuries to RCH Treliske",NUMBER aug NUMBER NUMBER returned tresco io lifted casualty minor injury rch treliske,0,0,0.09402737766504288,0.8715348243713379,0.03443783149123192,-0.05958954617381096,Neutral
10963,2023-10-08 16:22:00,2023-10-08,16,Sunday,user_962,Gaming,US,only 7 net hits at Fenway as the Blue Jays and Red Sox are in the top of teh 9th deadlocked 1-1,NUMBER net hit fenway blue jay red sox top teh deadlocked NUMBER NUMBER,11,5,0.015371320769190788,0.9580665826797485,0.026562072336673737,0.011190751567482948,Neutral
10964,2023-10-08 16:33:00,2023-10-08,16,Sunday,user_963,General,UK,@user fans freaked out 'cause Shawn just tweet that and starts to think that our fandom may change into Homies,USER fan freaked cause shawn tweet start think fandom may change homies,0,0,0.5084537863731384,0.4728575348854065,0.01868869736790657,-0.48976508900523186,Negative
10965,2023-10-08 16:44:00,2023-10-08,16,Sunday,user_964,News,UK,"JS News 2 September 2015 - Paul Southwell, Head of Junior School From bears to Batman, the JS's Book Week Parade..",j news NUMBER september NUMBER paul southwell head junior school bear batman j book week parade,0,0,0.005205617751926184,0.8864230513572693,0.10837128758430481,0.10316566983237863,Neutral
10966,2023-10-08 16:55:00,2023-10-08,16,Sunday,user_965,Gaming,US,"@user @user Evidently Kpop fans noticed it awhile ago-it may be too controversial to win now, Uptown Funk is a good choice for VOTY :)""",USER USER evidently kpop fan noticed awhile may controversial win uptown funk good choice voty,0,0,0.035537004470825195,0.3267064392566681,0.6377565264701843,0.6022195219993591,Positive
10967,2023-10-08 17:06:00,2023-10-08,17,Sunday,user_966,Tech,Canada,"""NASA to lift the warning over the Georgia Dome on the Oct 25th because they expect """"""""an atmosphere to be present for the first time ever""""""""""",nasa lift warning georgia dome oct expect atmosphere present first time ever,0,0,0.01883871667087078,0.8518081307411194,0.1293530911207199,0.11051437444984913,Neutral
10968,2023-10-08 17:17:00,2023-10-08,17,Sunday,user_967,General,US,Next Friday the best one Ice Cube made,next friday best one ice cube made,2,1,0.0037259904202073812,0.051571205258369446,0.9447028636932373,0.9409768732730299,Positive
10969,2023-10-08 17:28:00,2023-10-08,17,Sunday,user_968,Sports,UK,George Harrison - Here comes the Sun (live).avi,george harrison come sun live,4,2,0.004644753411412239,0.7310366630554199,0.2643186151981354,0.25967386178672314,Neutral
10970,2023-10-08 17:39:00,2023-10-08,17,Sunday,user_969,General,UK,Cant tell from up in the upper deck\u002c but looks like TOB may be wearing skechers to a fb game...,cant tell upper look like tob may wearing skechers fb game,5,2,0.11881518363952637,0.8510847687721252,0.030100062489509583,-0.08871512115001678,Neutral
10971,2023-10-08 17:50:00,2023-10-08,17,Sunday,user_970,Sports,Canada,Got some great shots of the March Fourth Marching Band tonight at Americaplatz @user they were fantastic!!!!,got great shot march fourth marching band tonight americaplatz USER fantastic,29,10,0.0019874211866408587,0.00819678045809269,0.9898158311843872,0.9878284099977463,Positive
10972,2023-10-08 18:01:00,2023-10-08,18,Sunday,user_971,General,US,"""Why are people still talking about Eid, that was so last Friday""",people still talking eid last friday,7,3,0.4260138273239136,0.5482931733131409,0.025693021714687347,-0.4003208056092262,Neutral
10973,2023-10-08 18:12:00,2023-10-08,18,Sunday,user_972,General,UK,I'm in love with Efteling! Like a quirky crazy non-PC version of Disneyland. Can't wait to go back tomorrow!,love efteling like quirky crazy version disneyland ca wait go back tomorrow,13,6,0.0038463089149445295,0.00955013558268547,0.9866036176681519,0.9827573087532073,Positive
10974,2023-10-08 18:23:00,2023-10-08,18,Sunday,user_973,General,Global,Anyone who Talks shit about the Lakers tomorrow at school and i will make sure i hit u as hard as i possibly can,anyone talk shit lakers tomorrow school make sure hit u hard possibly,0,0,0.8520945310592651,0.13305126130580902,0.014854159206151962,-0.8372403718531132,Negative
10975,2023-10-08 18:34:00,2023-10-08,18,Sunday,user_974,Sports,UK,"@user I think it may have been subbed by Bates. """"""""Conor Heffernan discusses the bizzare world of Leeds United owner Massimo Cellini""""""""""",USER think may subbed bates conor heffernan discusses bizzare world leeds united owner massimo cellini,2,1,0.06325481832027435,0.9072805643081665,0.029464660212397575,-0.03379015810787678,Neutral
10976,2023-10-08 18:45:00,2023-10-08,18,Sunday,user_975,Sports,UK,@user I want Mark\u2019s thots comparing/contrasting Romney from last nite 2 what may have been Santorum; this from Santorum supporter,USER want thots romney last nite NUMBER may santorum santorum supporter,16,6,0.18808305263519287,0.7683961987495422,0.04352079704403877,-0.1445622555911541,Neutral
10977,2023-10-08 18:56:00,2023-10-08,18,Sunday,user_976,General,Canada,Omg did yall see that video with kris Jenner dancing to tuesday... Dfl too cute and funny,omg yall see video kris jenner dancing tuesday dfl cute funny,0,0,0.0055124168284237385,0.046052634716033936,0.9484348893165588,0.9429224724881351,Positive
10978,2023-10-08 19:07:00,2023-10-08,19,Sunday,user_977,Gaming,Global,I'm pleased to confirm @user as a special guest on the bill at the Foo Fighters gig in MK tomorrow.,pleased confirm USER special guest bill foo fighter gig mk tomorrow,10,3,0.0010174628114327788,0.0161295123398304,0.9828529953956604,0.9818355325842276,Positive
10979,2023-10-08 19:18:00,2023-10-08,19,Sunday,user_978,News,UK,Yakub should be hanged to death tomorrow the Mumbai's culprid else will oppose it by following a black day,yakub hanged death tomorrow mumbai culprid else oppose following black day,9,4,0.8400677442550659,0.1496277153491974,0.010304509662091732,-0.8297632345929742,Negative
10980,2023-10-08 19:29:00,2023-10-08,19,Sunday,user_979,News,UK,The moon rising (Last Quarter) last Friday from the top of the Malahat. - Murray Sharratt Photography,moon rising last quarter last friday top malahat murray sharratt photography,11,4,0.002709124004468322,0.7756258249282837,0.22166508436203003,0.2189559603575617,Neutral
10981,2023-10-08 19:40:00,2023-10-08,19,Sunday,user_980,News,Global,I will be out of town and will miss this but you should go! Nuit Blanche #DC event Sept 24 @user,town miss go nuit blanche dc event sept NUMBER USER,0,0,0.06111201271414757,0.41924387216567993,0.5196440815925598,0.45853206887841225,Positive
10982,2023-10-08 19:51:00,2023-10-08,19,Sunday,user_981,Sports,US,.@richardgasquet1 honing his game on P3 Court for his match with Federer tomorrow. #USOpen,USER honing game court match federer tomorrow usopen,3,1,0.002196407411247492,0.42177075147628784,0.5760328769683838,0.5738364695571363,Positive
10983,2023-10-08 20:02:00,2023-10-08,20,Sunday,user_982,Sports,US,"@user Hi, may i ask you for your Help. Can you hook me up with used (second hand) console PS4 or XboxOne ?? Thanks in advance""",USER hi may ask help hook used second hand console xboxone thanks advance,11,5,0.006881348323076963,0.6161919236183167,0.3769267499446869,0.3700454016216099,Neutral
10984,2023-10-08 20:13:00,2023-10-08,20,Sunday,user_983,Gaming,UK,"""Not Black Enough: Miss Teen USA Talks Being Bullied: On Saturday, 18-year-old Logan West made history when she b...",black enough miss teen usa talk bullied saturday NUMBER logan west made history b,0,0,0.7557199597358704,0.2350025326013565,0.00927756167948246,-0.7464423980563879,Negative
10985,2023-10-08 20:24:00,2023-10-08,20,Sunday,user_984,News,UK,Looks like I'm going to another White Sox game Wednesday night! @user,look like going another white sox game wednesday night USER,12,5,0.002833129372447729,0.4237430691719055,0.5734237432479858,0.5705906138755381,Positive
10986,2023-10-08 20:35:00,2023-10-08,20,Sunday,user_985,News,US,Looks like my return flight is scheduled for November 9\u002c of course it\u2019s subject to change. At least I\u2019m stranded in Jerusalem\u002c what a city!,look like return flight scheduled november NUMBER course subject change least stranded city,12,6,0.035109344869852066,0.18373408913612366,0.7811565399169922,0.7460471950471401,Positive
10987,2023-10-08 20:46:00,2023-10-08,20,Sunday,user_986,General,Canada,"""I don't normally share personal stuff, BUT, It's after 11:00pm, it's the top of the 9th inning, at the White Sox...",normally share personal stuff NUMBER top inning white sox,69,20,0.014899205416440964,0.9369800090789795,0.048120733350515366,0.0332215279340744,Neutral
10988,2023-10-08 20:57:00,2023-10-08,20,Sunday,user_987,Sports,Global,"""Okay, I forgive the makers of Ant-Man for omitting Jan Pym. It's a funny, exciting, heist film with a lot of honor to dads. Go see it.""",okay forgive maker omitting jan pym funny exciting heist film lot honor dad go see,2,1,0.012881394475698471,0.07086054980754852,0.9162580370903015,0.903376642614603,Positive
10989,2023-10-08 21:08:00,2023-10-08,21,Sunday,user_988,News,Global,.@Microsoft's patch Tuesday incorporated 56 fixes for #security #vulnerabilities - some with active #exploits insane!,USER patch tuesday incorporated NUMBER fix security vulnerability active exploit insane,29,8,0.008211838081479073,0.16449981927871704,0.8272883892059326,0.8190765511244535,Positive
10990,2023-10-08 21:19:00,2023-10-08,21,Sunday,user_989,Gaming,Canada,Conor McGregor (@TheNotoriousMMA) may just be the @user of Ireland. I wonder if crime rates drop down to 0% there too.,conor mcgregor USER may USER ireland wonder crime rate drop NUMBER,11,3,0.10670174658298492,0.7096291184425354,0.1836690753698349,0.07696732878684998,Neutral
10991,2023-10-08 21:30:00,2023-10-08,21,Sunday,user_990,Gaming,Canada,Thor the dog loves Tuesday night D&amp;D.,thor dog love tuesday night amp,7,2,0.0019339090213179588,0.01904968172311783,0.9790164232254028,0.9770825142040849,Positive
10992,2023-10-08 21:41:00,2023-10-08,21,Sunday,user_991,News,Canada,How great would it be if they played Stew\u2019s Fiesta Bowl speech before the game tomorrow night?,great would played fiesta bowl speech game tomorrow night,0,0,0.0045025949366390705,0.07440924644470215,0.9210881590843201,0.916585564147681,Positive
10993,2023-10-08 21:52:00,2023-10-08,21,Sunday,user_992,Sports,Canada,Going to see Amy schumer in Nashville tonight. But don't worry I got your epl plays over on @user,going see amy schumer nashville tonight worry got epl play USER,20,6,0.012086838483810425,0.5299881100654602,0.45792514085769653,0.4458383023738861,Neutral
10994,2023-10-08 22:03:00,2023-10-08,22,Sunday,user_993,Gaming,Canada,Conor McGregor backed up the talk and won interim gold with 2nd Round TKO.,conor mcgregor backed talk interim gold round tko,2,1,0.004909753333777189,0.5188085436820984,0.4762817323207855,0.47137197898700833,Neutral
10995,2023-10-08 22:14:00,2023-10-08,22,Sunday,user_994,General,Canada,Today In Photos: Courtney Love Shares Sweet Throwback with Kurt Cobain via @user,today photo courtney love share sweet throwback kurt cobain via USER,7,2,0.002253244398161769,0.3837873041629791,0.6139594912528992,0.6117062468547374,Positive
10996,2023-10-08 22:25:00,2023-10-08,22,Sunday,user_995,Gaming,Global,"""Watching the Bad Blood premiere at #TheStanGRAMMYs, but planning to release Feeling Myself vid tomorrow.",watching bad blood premiere thestangrammys planning release feeling vid tomorrow,0,0,0.01120984647423029,0.8920422196388245,0.09674792736768723,0.08553808089345694,Neutral
10997,2023-10-08 22:36:00,2023-10-08,22,Sunday,user_996,Tech,Canada,"""Estimated 5% of Muslims in Britain r Islamists, Not many u may think,But there r about 6,000,000 Muslims in Britain.That's 300,000 Islamists""",estimated NUMBER muslim britain r islamist many u may think r NUMBER NUMBER NUMBER muslim NUMBER NUMBER islamist,28,8,0.30888813734054565,0.6339005827903748,0.05721123889088631,-0.25167689844965935,Neutral
10998,2023-10-08 22:47:00,2023-10-08,22,Sunday,user_997,Tech,US,"@user Sue and I the last 4 Tuesday's have seen The Judge, Gone Girl, Equalizer, and Walk through the Tombstones.""",USER sue last NUMBER tuesday seen judge gone girl equalizer walk tombstone,19,7,0.0063744839280843735,0.6679201722145081,0.325705349445343,0.31933086551725864,Neutral
10999,2023-10-08 22:58:00,2023-10-08,22,Sunday,user_998,Sports,Canada,Michael Babatunde: Super Eagles midfielder expecting 1st child with wife,michael babatunde super eagle midfielder expecting child wife,17,6,0.014505617320537567,0.9282160997390747,0.05727831646800041,0.042772699147462845,Neutral
11000,2023-10-08 23:09:00,2023-10-08,23,Sunday,user_999,News,Canada,"""Miss last Friday's Soundboard, our partnership with @user and @user",miss last friday soundboard partnership USER USER,1,1,0.3416297733783722,0.6148017048835754,0.0435684435069561,-0.2980613298714161,Neutral
11001,2023-10-08 23:20:00,2023-10-08,23,Sunday,user_1000,Sports,Global,In honor of Star Wars Day! Who else is going to the movies this fine Thursday?,honor star war day else going movie fine thursday,0,0,0.0010967326816171408,0.03950473293662071,0.9593985676765442,0.958301834994927,Positive
11002,2023-10-08 23:31:00,2023-10-08,23,Sunday,user_1001,Sports,Global,"""Texans Injury Report: Linebackers Jadeveon Clowney, Brian Cushing Both Sit Out Thursday: By the l... #NFL #Texans""",texan injury report linebacker jadeveon clowney brian cushing sit thursday l nfl texan,12,5,0.42452412843704224,0.5676111578941345,0.007864763028919697,-0.41665936540812254,Neutral
11003,2023-10-08 23:42:00,2023-10-08,23,Sunday,user_1002,Sports,Canada,This is the Link to the Twilight run this coming Thursday @user,link twilight run coming thursday USER,8,3,0.00511974049732089,0.9110766649246216,0.08380361646413803,0.07868387596681714,Neutral
11004,2023-10-08 23:53:00,2023-10-08,23,Sunday,user_1003,Sports,Global,Hope you\u2019ve got your tickets/tables for Plies tomorrow night 10/6 at Belo Nightclub with Z90.3 | San Diego!! If...,hope got ply tomorrow night NUMBER NUMBER belo nightclub NUMBER san diego,0,0,0.0027093004900962114,0.2810499370098114,0.7162407636642456,0.7135314631741494,Positive
11005,2023-10-09 00:04:00,2023-10-09,0,Monday,user_1004,General,UK,"""It all began as an ordinary day in September... an ordinary day in Raccoon City, a city controlled by Umbrella.""",began ordinary day september ordinary day raccoon city city controlled umbrella,14,5,0.009842406027019024,0.8690077066421509,0.12114979326725006,0.11130738724023104,Neutral
11006,2023-10-09 00:15:00,2023-10-09,0,Monday,user_1005,General,Global,A very good maxim - one that Boko Haram had the privilege to enjoy during the Jonathan Administration &amp; may still!,good maxim one boko haram privilege enjoy jonathan administration amp may still,46,23,0.015302739106118679,0.09591880440711975,0.8887785077095032,0.8734757686033845,Positive
11007,2023-10-09 00:26:00,2023-10-09,0,Monday,user_1006,Gaming,Global,Murray seals the 2nd set 6-2 #USOpen2015 #USOpen #easy,murray seal set NUMBER NUMBER usopen easy,17,6,0.004417368210852146,0.6007388234138489,0.39484384655952454,0.3904264783486724,Neutral
11008,2023-10-09 00:37:00,2023-10-09,0,Monday,user_1007,Tech,Global,Wade be playing like Tracy Mcgrady in the 1st half Lol just losing the ball an shit,wade playing like tracy mcgrady half lol losing ball shit,15,6,0.6709341406822205,0.30799874663352966,0.021067049354314804,-0.6498670913279057,Negative
11009,2023-10-09 00:48:00,2023-10-09,0,Monday,user_1008,Sports,Global,"""Dustin Johnson to local course: """"any tee times Saturday?"""" Course: """"no, but can we book something for you on Sunday?"""" DJ: """"No thanks.""""""",dustin johnson local course tee time saturday course book something sunday dj thanks,40,15,0.23713625967502594,0.7294146418571472,0.03344912454485893,-0.203687135130167,Neutral
11010,2023-10-09 00:59:00,2023-10-09,0,Monday,user_1009,Gaming,US,Good weekend ahead shit shirt party tomorrow then United vs arsenal at old Trafford including an all day piss up #ByeByeWage,good weekend ahead shit shirt party tomorrow united v arsenal old trafford including day piss byebyewage,1,1,0.384770929813385,0.2700687050819397,0.3451603353023529,-0.039610594511032104,Negative
11011,2023-10-09 01:10:00,2023-10-09,1,Monday,user_1010,Tech,US,Awesome amounts of support with our special bonus cast with @user and @user . Go show them some love. Back Tuesday for Dark Souls,awesome amount support special bonus cast USER USER go show love back tuesday dark soul,8,4,0.0017656839918345213,0.011217886582016945,0.9870163798332214,0.9852506958413869,Positive
11012,2023-10-09 01:21:00,2023-10-09,1,Monday,user_1011,News,US,"@user @user Tiger is in the terrorist haven under the protective arm of Pak! So u may tweet """"Hang him!""""!Is Yakub innocent?""",USER USER tiger terrorist protective arm pak u may tweet hang yakub innocent,41,19,0.7001281976699829,0.2878376841545105,0.01203407347202301,-0.6880941241979599,Negative
11013,2023-10-09 01:32:00,2023-10-09,1,Monday,user_1012,General,Canada,@user I know u may not have time but any chance me and the mrs can grab a photo at Newcastle arena tomorrow? #bestintheworld,USER know u may time chance mr grab photo newcastle arena tomorrow bestintheworld,0,0,0.004024528432637453,0.115090511739254,0.8808850049972534,0.876860476564616,Positive
11014,2023-10-09 01:43:00,2023-10-09,1,Monday,user_1013,Tech,Canada,Gucci bags foreconscious classified information april send to school the dyadic thy undivided on accompaniment...,gucci bag foreconscious classified information april send school dyadic thy undivided accompaniment,9,6,0.13723142445087433,0.8107612729072571,0.052007321268320084,-0.08522410318255424,Neutral
11015,2023-10-09 01:54:00,2023-10-09,1,Monday,user_1014,News,UK,Arsenal linked with January move for Milan star after failed summer bid... #football,arsenal linked january move milan star failed summer bid football,10,4,0.2388276308774948,0.7379578948020935,0.02321443520486355,-0.21561319567263126,Neutral
11016,2023-10-09 02:05:00,2023-10-09,2,Monday,user_1015,Tech,US,Mizzou beats Kentucky 2-1! Tigers advance to face top-seed Florida in the semis on Friday at 6:30 p.m.,mizzou beat kentucky NUMBER NUMBER tiger advance face florida semi friday NUMBER NUMBER,15,4,0.0025393017567694187,0.30533483624458313,0.6921259164810181,0.6895866147242486,Positive
11017,2023-10-09 02:16:00,2023-10-09,2,Monday,user_1016,General,Canada,Missed @user on #bbcqt last night blaming Tony Blair for July 7 attacks? Watch it again here:,missed USER bbcqt last night blaming tony blair july NUMBER attack watch,8,5,0.46614009141921997,0.5152576565742493,0.01860220916569233,-0.44753788225352764,Neutral
11018,2023-10-09 02:27:00,2023-10-09,2,Monday,user_1017,General,Global,this Kurt Cobain documentary broke my heart. May he rest in peace and i hope Justice honors his death. #KurtCobain #Justice #Nirvana,kurt cobain documentary broke heart may rest peace hope justice honor death kurtcobain justice nirvana,36,13,0.5867506265640259,0.3311784565448761,0.08207095414400101,-0.5046796724200249,Negative
11019,2023-10-09 02:38:00,2023-10-09,2,Monday,user_1018,Gaming,Global,Steve Jobs and Dr. King on the same level?!?! Nah... C\u2019mon Kanye..,steve job king level nah kanye,24,7,0.7463805675506592,0.22886846959590912,0.024750931188464165,-0.721629636362195,Negative
11020,2023-10-09 02:49:00,2023-10-09,2,Monday,user_1019,Sports,US,Pakistan approves liberalised visa accord with India - Islamabad\u002c Nov 1 (IANS) Pakistan has approved a liberalised v...,pakistan approves liberalised visa accord india nov NUMBER ians pakistan approved liberalised v,0,0,0.006831800565123558,0.7166726589202881,0.2764955759048462,0.26966377533972263,Neutral
11021,2023-10-09 03:00:00,2023-10-09,3,Monday,user_1020,Tech,UK,@user you guys were amazing in Belfast on Monday night! My pup Thor loves your music!!!,USER guy amazing belfast monday night pup thor love music,30,9,0.0019957206677645445,0.0069608851335942745,0.9910434484481812,0.9890477277804166,Positive
11022,2023-10-09 03:11:00,2023-10-09,3,Monday,user_1021,Tech,UK,"""I think making Caitlyn Jenner into a Halloween costume may be the definition of """"too soon.""""",think making caitlyn jenner halloween costume may definition soon,3,1,0.6537269949913025,0.3313904106616974,0.014882602728903294,-0.6388443922623992,Negative
11023,2023-10-09 03:22:00,2023-10-09,3,Monday,user_1022,News,Global,MAGICAL MARCH - With 48 goals in 42 official matches the month March is now Messi's BEST MONTH in his Barcelona career,magical march NUMBER goal NUMBER official match month march messi best month barcelona career,7,2,0.0017557921819388866,0.01502035092562437,0.9832237958908081,0.9814680037088692,Positive
11024,2023-10-09 03:33:00,2023-10-09,3,Monday,user_1023,General,UK,by @user Southwest 737-8H4 getting ready to fire up its CFM56's. I'm so excited about going to LAX saturday...,USER southwest NUMBER getting ready fire excited going lax saturday,7,3,0.0013725572498515248,0.015977470204234123,0.9826499819755554,0.9812774247257039,Positive
11025,2023-10-09 03:44:00,2023-10-09,3,Monday,user_1024,Tech,US,"""JohnCena,u have ur rematch 4 the US Title Match at NOC,but Seth Rollins may make sure u don't win that title back anew. He's desperate.""",johncena u ur rematch NUMBER u title match noc seth rollins may make sure u win title back anew desperate,10,3,0.4278055429458618,0.5324996709823608,0.039694834500551224,-0.3881107084453106,Neutral
11026,2023-10-09 03:55:00,2023-10-09,3,Monday,user_1025,General,Global,IEBC may hold the most modern & credible elections\u002c but that wont stop Kenya from Burning again IF the intolerance we r witnessing continues,iebc may hold modern credible wont stop kenya burning intolerance r witnessing continues,3,2,0.7055819630622864,0.2758246064186096,0.01859341561794281,-0.6869885474443436,Negative
11027,2023-10-09 04:06:00,2023-10-09,4,Monday,user_1026,Tech,Canada,"""If the Lakers still had Jordan Farmar,Trevor Ariza,&Shannon Brown I'd be watching them ..I dont like the Lakers but they were entertaining.""",lakers still jordan farmar trevor ariza shannon brown watching dont like lakers entertaining,49,13,0.05739498883485794,0.377116858959198,0.5654881596565247,0.5080931708216667,Positive
11028,2023-10-09 04:17:00,2023-10-09,4,Monday,user_1027,Gaming,Canada,@user @user you never know. It may be a song lyric from one of their songs on Calibraska,USER USER never know may song lyric one song calibraska,15,6,0.014453849755227566,0.9303183555603027,0.05522783473134041,0.04077398497611284,Neutral
11029,2023-10-09 04:28:00,2023-10-09,4,Monday,user_1028,Sports,UK,"""Capcom said they may not make sequels to games that dont sell 2 mil. So that means they only making SF, Monster Hunter and Resident Evil lol""",capcom said may make sequel game dont sell NUMBER mil mean making sf monster hunter resident evil lol,11,4,0.3939564526081085,0.5328311324119568,0.07321244478225708,-0.32074400782585144,Neutral
11030,2023-10-09 04:39:00,2023-10-09,4,Monday,user_1029,Tech,Global,I'm in a GroupMe where we're having an intelligent conversation about Kanye West's ankles. Happy Monday.,groupme intelligent conversation kanye west ankle happy monday,0,0,0.0038277308922261,0.041925594210624695,0.9542466998100281,0.950418968917802,Positive
11031,2023-10-09 04:50:00,2023-10-09,4,Monday,user_1030,General,Global,"@user What did you say to Tony Blair to make him tell you to sit down and stop being bad, may I ask? Found it funny, is all.""",USER say tony blair make tell sit stop bad may ask found funny,36,11,0.24342291057109833,0.5348514914512634,0.22172553837299347,-0.02169737219810486,Neutral
11032,2023-10-09 05:01:00,2023-10-09,5,Monday,user_1031,Gaming,Canada,In my 2nd season in MyCareer\u002c and the Jazz have Maggette and JR Smith starting... NO NO NO\u002c WTF IS THIS?!?,season jazz maggette jr smith starting wtf,20,12,0.8626755475997925,0.12867534160614014,0.008649029769003391,-0.8540265178307891,Negative
11033,2023-10-09 05:12:00,2023-10-09,5,Monday,user_1032,Tech,Global,"@user You can always meet them on the Friday shakedown as Nicki said that'd be better, so it probably will be for the others! ;)""",USER always meet friday shakedown nicki said better probably others,25,7,0.0035559942480176687,0.09991691261529922,0.896527111530304,0.8929711172822863,Positive
11034,2023-10-09 05:23:00,2023-10-09,5,Monday,user_1033,News,Global,"""Russian lawmakers slam Charlie Hebdo, call it """"accomplice of ISIL"""": On Thursday, the satirical magazine again ...",russian lawmaker slam charlie hebdo call accomplice isil thursday satirical magazine,0,0,0.7282220721244812,0.26488932967185974,0.006888585165143013,-0.7213334869593382,Negative
11035,2023-10-09 05:34:00,2023-10-09,5,Monday,user_1034,Sports,Global,@user Do you watch all of those John Cena videos because I have developed a 6th sense because of them.,USER watch john cena video developed sense,0,0,0.04529030621051788,0.6265477538108826,0.32816189527511597,0.2828715890645981,Neutral
11036,2023-10-09 05:45:00,2023-10-09,5,Monday,user_1035,Tech,UK,"Guess that just makes the lifting Local rags do from BBC anyways sanctioned and official, no real change...",guess make lifting local rag bbc anyways sanctioned official real change,3,1,0.40249305963516235,0.5673254728317261,0.030181430280208588,-0.37231162935495377,Neutral
11037,2023-10-09 05:56:00,2023-10-09,5,Monday,user_1036,Gaming,Global,I\u2019m SO excited I\u2019m gonna meet Buddy from Cake Boss at Ruth Eckerd Hall with Grammy on Jan 12. Can\u2019t wait !!!!,excited gon na meet buddy cake bos ruth eckerd hall grammy jan NUMBER wait,0,0,0.001574523514136672,0.00789658259600401,0.9905288815498352,0.9889543580356985,Positive
11038,2023-10-09 06:07:00,2023-10-09,6,Monday,user_1037,News,US,@user Kane may well get so disillusioned with lack of signings that he slaps in a transfer request. That would be interesting!,USER kane may well get disillusioned lack signing slap transfer request would interesting,6,2,0.32508552074432373,0.5419490933418274,0.1329653263092041,-0.19212019443511963,Neutral
11039,2023-10-09 06:18:00,2023-10-09,6,Monday,user_1038,Gaming,UK,"""The music is just so good. u_u Yoko Kanno is an amazing composer and May'n's vocals, ahhhh.""",music good yoko kanno amazing composer vocal ahhhh,29,12,0.0036655853036791086,0.008193661458790302,0.9881407022476196,0.9844751169439405,Positive
11040,2023-10-09 06:29:00,2023-10-09,6,Monday,user_1039,Gaming,Global,"""In June of '93, """"That's the Way Love Goes"""" by Janet Jackson was the #1 song on the billboard. That same month, Aaron Nola was born #Phillies""",june NUMBER way love go janet jackson NUMBER song billboard month aaron nola born phillies,6,3,0.0037839508149772882,0.4367765784263611,0.559439480304718,0.5556555294897407,Positive
11041,2023-10-09 06:40:00,2023-10-09,6,Monday,user_1040,News,Global,"""If Bee comes in with cash in Oct,I'd imagine Milan are gonna splurge in the winter&amp;definitely next summer,let's hope they are smart about it""",bee come cash oct imagine milan gon na splurge winter amp definitely next summer let hope smart,0,0,0.03209860250353813,0.6627057194709778,0.305195689201355,0.27309708669781685,Neutral
11042,2023-10-09 06:51:00,2023-10-09,6,Monday,user_1041,Gaming,US,@user hi Eleanor! My birthday is next Wednesday and can you please say happy birthday to me. It would be a perfect gift! :) xx,USER hi eleanor birthday next wednesday please say happy birthday would perfect gift xx,2,1,0.0019934670999646187,0.006151057314127684,0.9918555021286011,0.9898620350286365,Positive
11043,2023-10-09 07:02:00,2023-10-09,7,Monday,user_1042,News,UK,@user No idea sorry! Just kno pundits say Trump will prob. lose popularity later as he has little policy. Poss Jeb Bush may get Rep Nom?,USER idea sorry kno pundit say trump prob lose popularity later little policy poss jeb bush may get rep nom,0,0,0.645974338054657,0.3385142683982849,0.015511451289057732,-0.6304628867655993,Negative
11044,2023-10-09 07:13:00,2023-10-09,7,Monday,user_1043,Tech,Canada,"""Just sat through twilight, what's going on with my life?""",sat twilight going life,0,0,0.2224319875240326,0.6822296977043152,0.095338374376297,-0.1270936131477356,Neutral
11045,2023-10-09 07:24:00,2023-10-09,7,Monday,user_1044,News,Canada,"""My previous tweet just reminded me that my 5th grade choir class sang \""""""""All-Star\"""""""" by Smash Mouth. Can\u2019t decide if that was a win or a fail.""",previous tweet reminded grade choir class sang smash mouth decide win fail,3,1,0.36906564235687256,0.44886407256126404,0.18207022547721863,-0.18699541687965393,Neutral
11046,2023-10-09 07:35:00,2023-10-09,7,Monday,user_1045,News,UK,@user Think your right .. was the last Friday prayer call of the past EID.,USER think right last friday prayer call past eid,2,1,0.013866543769836426,0.7647550702095032,0.22137844562530518,0.20751190185546875,Neutral
11047,2023-10-09 07:46:00,2023-10-09,7,Monday,user_1046,Sports,Global,@user you need to go in February during Mardis Gras week. No crowds\u002c beautiful weather!,USER need go february mardis gras week beautiful weather,19,7,0.002746857237070799,0.025079702958464622,0.9721733927726746,0.9694265355356038,Positive
11048,2023-10-09 07:57:00,2023-10-09,7,Monday,user_1047,News,Global,"""Part of me hopes undertakers gonna win but compared to Brock lesnar, I just don't know what's gonna happen.",part hope undertaker gon na win compared brock lesnar know gon na happen,62,18,0.4557196795940399,0.49377283453941345,0.05050748959183693,-0.405212190002203,Neutral
11049,2023-10-09 08:08:00,2023-10-09,8,Monday,user_1048,News,Canada,"@user @user Johnny Cueto, Scoot Kazmir,David Price, Cole Hamels. If they had a top pitcher in the A`s 3 games may be they would have won""",USER USER johnny cueto scoot kazmir david price cole hamels top pitcher NUMBER game may would,7,2,0.01380595751106739,0.5441523790359497,0.44204169511795044,0.42823573760688305,Neutral
11050,2023-10-09 08:19:00,2023-10-09,8,Monday,user_1049,Tech,Canada,'Charlie Hebdo' cartoonist Riad Sattouf discusses his memoir 'The Arab of the time of course,charlie hebdo cartoonist riad sattouf discusses memoir arab time course,4,2,0.08504815399646759,0.8878016471862793,0.02715013362467289,-0.0578980203717947,Neutral
11051,2023-10-09 08:30:00,2023-10-09,8,Monday,user_1050,Sports,Canada,"""LOOK: Move over Blood Moon, here's the Pumpkin Sun",look move blood moon pumpkin sun,23,9,0.012824732810258865,0.791916012763977,0.1952591836452484,0.18243445083498955,Neutral
11052,2023-10-09 08:41:00,2023-10-09,8,Monday,user_1051,General,US,@user Thats what happens when you go to Spurs. & btw to answer your prev Q basically there was a shooting by the police last Thurs,USER thats happens go spur btw answer prev q basically shooting police last thurs,2,1,0.45518478751182556,0.5267670750617981,0.018048131838440895,-0.43713665567338467,Neutral
11053,2023-10-09 08:52:00,2023-10-09,8,Monday,user_1052,Tech,Canada,I didn't know Dean Ambrose can act but #12rounds3lockdown looks amazing can't wait to see it in September,know dean ambrose act look amazing ca wait see september,0,0,0.003323155688121915,0.020546263083815575,0.9761306643486023,0.9728075086604804,Positive
11054,2023-10-09 09:03:00,2023-10-09,9,Monday,user_1053,Tech,US,my mum is going to london in a couple of days. just glad she wasn't there tonight!,mum going london couple day glad tonight,20,9,0.16446009278297424,0.3793986439704895,0.45614129304885864,0.2916812002658844,Positive
11055,2023-10-09 09:14:00,2023-10-09,9,Monday,user_1054,General,UK,@user dead ass this like the 3rd time I'm still Gucci gang,USER dead as like time still gucci gang,0,0,0.18918181955814362,0.5776108503341675,0.2332073599100113,0.044025540351867676,Neutral
11056,2023-10-09 09:25:00,2023-10-09,9,Monday,user_1055,News,Global,That moment when you figure out Tia Long who played with Ice Cube in Are we there yet? Also played in Friday with Ice Cube #funfact,moment figure tia long played ice cube yet also played friday ice cube funfact,10,4,0.004249964840710163,0.7628605365753174,0.23288947343826294,0.22863950859755278,Neutral
11057,2023-10-09 09:36:00,2023-10-09,9,Monday,user_1056,Gaming,Canada,I just found Quest for Camelot on Amazon Prime. My Sunday afternoon is complete,found quest camelot amazon prime sunday afternoon complete,13,4,0.0019911781419068575,0.025635529309511185,0.9723733067512512,0.9703821286093444,Positive
11058,2023-10-09 09:47:00,2023-10-09,9,Monday,user_1057,Sports,Global,"Ihop is gonna be choice tomorrow morning, then, off to the mini road trip",ihop gon na choice tomorrow morning mini road trip,4,2,0.005146919284015894,0.5552394986152649,0.43961361050605774,0.43446669122204185,Neutral
11059,2023-10-09 09:58:00,2023-10-09,9,Monday,user_1058,Gaming,Global,Lance McCullers strikes out Josh Hamilton - his first out of the inning. Now on pace to throw 96 pitches in the 1st. #onpaceguy,lance mccullers strike josh hamilton first inning pace throw NUMBER pitch onpaceguy,2,1,0.003134173108264804,0.8649851679801941,0.13188064098358154,0.12874646787531674,Neutral
11060,2023-10-09 10:09:00,2023-10-09,10,Monday,user_1059,General,Canada,"@user little, it goes on Netflix on October 5th I think!!!",USER little go netflix october think,18,7,0.002052637282758951,0.3717392683029175,0.6262080669403076,0.6241554296575487,Positive
11061,2023-10-09 10:20:00,2023-10-09,10,Monday,user_1060,Tech,Canada,@user Feel like more would\u2019ve stayed if they just ran today\u2019s all-access first. Sort of late to wait around for the 2nd one at Rupp,USER feel like stayed ran first sort late wait around one rupp,0,0,0.2786411643028259,0.670383870601654,0.05097498744726181,-0.22766617685556412,Neutral
11062,2023-10-09 10:31:00,2023-10-09,10,Monday,user_1061,Tech,UK,"@user haha, the 25th! just tell me when &amp; I'll make a trip to Summersville for the day!""",USER haha tell amp make trip summersville day,3,1,0.0028221362736076117,0.15900488197803497,0.838172972202301,0.8353508359286934,Positive
11063,2023-10-09 10:42:00,2023-10-09,10,Monday,user_1062,Sports,US,Can't wait for Ed Sheeran tomorrow with all my bb's,ca wait ed sheeran tomorrow bb,16,6,0.0015087827341631055,0.009897217154502869,0.9885940551757812,0.9870852724416181,Positive
11064,2023-10-09 10:53:00,2023-10-09,10,Monday,user_1063,Tech,US,About India: Auto production may end FY13 with 6% growth: CMIE - Mumbai: Automobile production\u002c which took a...,india auto production may end NUMBER growth cmie mumbai automobile took,10,3,0.01456055510789156,0.7304497361183167,0.25498974323272705,0.2404291881248355,Neutral
11065,2023-10-09 11:04:00,2023-10-09,11,Monday,user_1064,Tech,Global,"""Tony Blair to speak to Jerusalem FPA tomorrow (Friday). Now that he is no longer Quartet rep, will he speak his mind on the Conflict?""",tony blair speak jerusalem fpa tomorrow friday longer quartet rep speak mind conflict,0,0,0.08425536751747131,0.8961007595062256,0.019643867388367653,-0.06461150012910366,Neutral
11066,2023-10-09 11:15:00,2023-10-09,11,Monday,user_1065,Sports,Canada,"@user Hey Shawn, nice seeing you this week bud! Have a great tomorrow!""",USER hey shawn nice seeing week bud great tomorrow,28,10,0.002523319097235799,0.009132666513323784,0.9883439540863037,0.9858206349890679,Positive
11067,2023-10-09 11:26:00,2023-10-09,11,Monday,user_1066,Sports,UK,@user my birthday is Sunday August 23 I can't wait I hope I get ps4 with Minecraft and bo2 and advanced warfare and gta 5,USER birthday sunday august NUMBER ca wait hope get minecraft advanced warfare gta NUMBER,4,2,0.0016097069019451737,0.013548771850764751,0.9848414659500122,0.983231759048067,Positive
11068,2023-10-09 11:37:00,2023-10-09,11,Monday,user_1067,General,UK,Nationally Jeb Bush slips back to single digits in the RCP average of polls. Carson clear 2nd to Trump:,nationally jeb bush slip back single digit rcp average poll carson clear trump,20,8,0.069395512342453,0.8943421840667725,0.03626224771142006,-0.033133264631032944,Neutral
11069,2023-10-09 11:48:00,2023-10-09,11,Monday,user_1068,Tech,UK,Buzzing for Eagles of Death Metal tonight. Tuesday is the new Friday.,buzzing eagle death metal tonight tuesday new friday,23,7,0.0018738183425739408,0.011788173578679562,0.9863379597663879,0.984464141423814,Positive
11070,2023-10-09 11:59:00,2023-10-09,11,Monday,user_1069,Tech,UK,A player appearance will be taking place tomorrow at Westfield Parramatta. All the details are here: #GoWanderers,player appearance taking place tomorrow westfield parramatta detail gowanderers,14,4,0.00430490355938673,0.9091579914093018,0.0865371823310852,0.08223227877169847,Neutral
11071,2023-10-09 12:10:00,2023-10-09,12,Monday,user_1070,General,UK,@user @user maybe it\u2019s just to short a time to have 1..there\u2019s Booker T Friday &now Vicki lol for Monday ..maybe AJ will get it,USER USER maybe short time NUMBER booker friday vicki lol monday maybe aj get,5,3,0.05661699175834656,0.8211005330085754,0.12228244543075562,0.06566545367240906,Neutral
11072,2023-10-09 12:21:00,2023-10-09,12,Monday,user_1071,News,US,Going to see Rise of the Planet of the Apes tonight:) Perfection #check,going see rise planet ape tonight perfection check,58,19,0.0020687079522758722,0.038614287972450256,0.9593170881271362,0.9572483801748604,Positive
11073,2023-10-09 12:32:00,2023-10-09,12,Monday,user_1072,News,US,"""Just had an email from my boss: are you free Fri 25th to go Milan? Er, let me see.... YES!!""",email bos free fri go milan er let see yes,0,0,0.002591499360278249,0.11209229379892349,0.8853161931037903,0.882724693743512,Positive
11074,2023-10-09 12:43:00,2023-10-09,12,Monday,user_1073,News,US,@user @user If look at Nates numbers\u002c it\u2019s due to increased chance in OH. Good O poll in FL may have helped too.,USER USER look nates due increased chance oh good poll fl may helped,10,6,0.019344493746757507,0.5002906322479248,0.48036491870880127,0.46102042496204376,Neutral
11075,2023-10-09 12:54:00,2023-10-09,12,Monday,user_1074,General,Canada,This ensemble will make its debut this Sunday in the Georgia Dome! #beardown. #ooohkillem,ensemble make debut sunday georgia dome beardown ooohkillem,2,1,0.002732971915975213,0.4838595688343048,0.5134074091911316,0.5106744372751564,Positive
11076,2023-10-09 13:05:00,2023-10-09,13,Monday,user_1075,Tech,Global,"""John Kasich, you may know him? Anyone? #GOPDebate""",john kasich may know anyone gopdebate,4,2,0.016519993543624878,0.9445567727088928,0.03892316669225693,0.02240317314863205,Neutral
11077,2023-10-09 13:16:00,2023-10-09,13,Monday,user_1076,General,UK,"""Every Sunday the same man drinking a beer on a stoop asks me HEY, how was Pilates? How do I tell him that it was yoga? Yoga!""",every sunday man drinking beer stoop asks hey pilate tell yoga yoga,1,1,0.1084994301199913,0.6924180388450623,0.19908252358436584,0.09058309346437454,Neutral
11078,2023-10-09 13:27:00,2023-10-09,13,Monday,user_1077,General,Canada,"Galaxy Note 5 Commercial Showcases The New S-Pen: Samsung finally announced the Galaxy Note 5 on Thursday, we ...",galaxy note NUMBER commercial showcase new samsung finally announced galaxy note NUMBER thursday,29,14,0.001703246496617794,0.20536580681800842,0.7929309010505676,0.7912276545539498,Positive
11079,2023-10-09 13:38:00,2023-10-09,13,Monday,user_1078,News,UK,@user Trudat! The case is now State of Florida vs George Zimmerman! I may need to seek some educating about that.,USER trudat case state florida v george zimmerman may need seek educating,36,17,0.5276853442192078,0.44649171829223633,0.02582288533449173,-0.501862458884716,Negative
11080,2023-10-09 13:49:00,2023-10-09,13,Monday,user_1079,Gaming,US,@user congrats!!!!!!! So happy for you :) may all your dreams come true <3 xoxoxox my Frankie,USER congrats happy may dream come true NUMBER xoxoxox frankie,2,1,0.0030302582308650017,0.006512982305139303,0.990456759929657,0.987426501698792,Positive
11081,2023-10-09 14:00:00,2023-10-09,14,Monday,user_1080,Tech,Canada,"""4:52 4th | Final media timeout of the game and St. Bonaventure leads Colgate, 51-30. Curtis has tied career high with 12 points.""",NUMBER NUMBER final medium timeout game bonaventure lead colgate NUMBER NUMBER curtis tied career high NUMBER point,0,0,0.004626494832336903,0.890876293182373,0.10449720919132233,0.09987071435898542,Neutral
11082,2023-10-09 14:11:00,2023-10-09,14,Monday,user_1081,News,US,Just found out Kendrick Lamar is having a concert Friday and I have no idea where to get the tickets,found kendrick lamar concert friday idea get ticket,17,6,0.22093656659126282,0.6912470459938049,0.08781635761260986,-0.13312020897865295,Neutral
11083,2023-10-09 14:22:00,2023-10-09,14,Monday,user_1082,Gaming,UK,By-Elections in #NA120 and #NA154 will b on 11th October Just after Eid. Battle has Just begun for the Lahore throne.Keep the PTI Flag high.,b october eid battle begun lahore pti flag high,7,2,0.01671857014298439,0.7429540753364563,0.2403274029493332,0.2236088328063488,Neutral
11084,2023-10-09 14:33:00,2023-10-09,14,Monday,user_1083,Gaming,UK,"""Long weekend!! Yoga outside under the sun, Tai Chi set and Chai tea for quiet time with the Dao Te Ching. Namaste",long weekend yoga outside sun tai chi set chai tea quiet time dao te ching namaste,0,0,0.0019171307794749737,0.11981255561113358,0.8782703876495361,0.8763532568700612,Positive
11085,2023-10-09 14:44:00,2023-10-09,14,Monday,user_1084,Sports,Global,It's Friday and National Ice Cream Day and Food Truck Friday @user so make sure you enjoy! #btowneats,friday national ice cream day food truck friday USER make sure enjoy btowneats,16,5,0.0011500343680381775,0.01362698245793581,0.9852229356765747,0.9840729013085365,Positive
11086,2023-10-09 14:55:00,2023-10-09,14,Monday,user_1085,Tech,UK,@user whatever you know red Sox are going to win tomorrow,USER whatever know red sox going win tomorrow,11,3,0.011871295049786568,0.4605506956577301,0.5275779962539673,0.5157067012041807,Positive
11087,2023-10-09 15:06:00,2023-10-09,15,Monday,user_1086,Gaming,US,"@user boy don't be talking yo shit on Kendrick, everyone know that album is the best album of the year, Fetty Wap is 2nd.""",USER boy talking yo shit kendrick everyone know album best album year fetty wap,60,19,0.08615932613611221,0.22341972589492798,0.6904209852218628,0.6042616590857506,Positive
11088,2023-10-09 15:17:00,2023-10-09,15,Monday,user_1087,News,UK,"@user Good analysis, will watch the vid tomorrow. I hope so. I definitely think it's the right move, Alonso or not.""",USER good analysis watch vid tomorrow hope definitely think right move alonso,2,1,0.004785165190696716,0.04715544357895851,0.9480594396591187,0.9432742744684219,Positive
11089,2023-10-09 15:28:00,2023-10-09,15,Monday,user_1088,Sports,Global,"""Paul Dunne w/ Jacket: 2 bogeys on 1st 2 holes, without jacket: 1 birdie. Keep the jacket off kid! #Amateur #finalround #TheOpen @user",paul dunne jacket NUMBER bogey NUMBER hole without jacket NUMBER birdie keep jacket kid amateur finalround theopen USER,6,2,0.029387736693024635,0.7501305341720581,0.22048169374465942,0.1910939570516348,Neutral
11090,2023-10-09 15:39:00,2023-10-09,15,Monday,user_1089,Tech,Global,I like how Thor is bragging about making Esky uncomfortable as if he didn't give up 6 hits and 3 runs in 1st 2 innings.,like thor bragging making esky uncomfortable give NUMBER hit NUMBER run NUMBER inning,6,3,0.13723133504390717,0.5696714520454407,0.29309719800949097,0.1558658629655838,Neutral
11091,2023-10-09 15:50:00,2023-10-09,15,Monday,user_1090,General,US,@user @user She won impressively with Bobby Jindal 2nd.,USER USER impressively bobby jindal,16,7,0.004032370634377003,0.09661699086427689,0.8993507027626038,0.8953183321282268,Positive
11092,2023-10-09 16:01:00,2023-10-09,16,Monday,user_1091,News,Canada,@user can't watch for the 1st time ever I am at IHOP,USER ca watch time ever ihop,8,3,0.13864390552043915,0.5325590968132019,0.32879704236984253,0.19015313684940338,Neutral
11093,2023-10-09 16:12:00,2023-10-09,16,Monday,user_1092,Gaming,UK,@user You know Go Set a Watchman is not being released until tomorrow? Really did not appreciate the spoiler on your website.,USER know go set watchman released tomorrow really appreciate spoiler website,11,4,0.9133344292640686,0.07955150306224823,0.007114032283425331,-0.9062203969806433,Negative
11094,2023-10-09 16:23:00,2023-10-09,16,Monday,user_1093,Gaming,Global,Your Sunday read. MT @user @user on why Bill Maher isn't the only one who misunderstands religion.,sunday read mt USER USER bill maher one misunderstands religion,1,1,0.2724565863609314,0.6929734349250793,0.034569982439279556,-0.23788660392165184,Neutral
11095,2023-10-09 16:34:00,2023-10-09,16,Monday,user_1094,News,UK,"Michelle Obama set the bar exceptionally high 4 @user What kind of 1st lady would @user be WI wouldn't know, we've never met her",michelle obama set bar exceptionally high NUMBER USER kind lady would USER wi would know never met,34,9,0.07436993718147278,0.38029423356056213,0.5453357696533203,0.47096583247184753,Positive
11096,2023-10-09 16:45:00,2023-10-09,16,Monday,user_1095,Gaming,UK,David Wright hit a homer tonight but that's irrelevant because I will be fulfilling my David Wright taco bet at #DoLoThroDo15 THIS SATURDAY,david wright hit homer tonight irrelevant fulfilling david wright taco bet saturday,6,2,0.049883171916007996,0.668272078037262,0.28184473514556885,0.23196156322956085,Neutral
11097,2023-10-09 16:56:00,2023-10-09,16,Monday,user_1096,Sports,Canada,Registration open for 2013 Land Expo with exclusive access to Jim Rogers. Jan 17-18 in West Des Moines. #LandExpo,registration open NUMBER land expo exclusive access jim rogers jan NUMBER NUMBER west de moines landexpo,0,0,0.0036519374698400497,0.855082631111145,0.1412653774023056,0.13761343993246555,Neutral
11098,2023-10-09 17:07:00,2023-10-09,17,Monday,user_1097,Tech,Global,Everything under the sun is a weapon against Muslims!,everything sun weapon muslim,19,5,0.8443091511726379,0.14378540217876434,0.011905383318662643,-0.8324037678539753,Negative
11099,2023-10-09 17:18:00,2023-10-09,17,Monday,user_1098,Sports,UK,Buhari took the right decision by telling the military to end the Boko Haram insurgency by November-OBJ @user @user @user,buhari took right decision telling military end boko haram insurgency USER USER USER,2,1,0.03106093220412731,0.5757299065589905,0.3932091295719147,0.36214819736778736,Neutral
11100,2023-10-09 17:29:00,2023-10-09,17,Monday,user_1099,Gaming,Global,"""I think I saw my soul mate on the metro this morning. But I didn't get to talk to her and I have left Milan, this may be a tough one""",think saw soul mate metro morning get talk left milan may tough one,0,0,0.7309027314186096,0.2468269020318985,0.022270364686846733,-0.7086323667317629,Negative
11101,2023-10-09 17:40:00,2023-10-09,17,Monday,user_1100,General,US,I'll just go Naked tomorrow,go naked tomorrow,25,9,0.17158934473991394,0.7322755455970764,0.09613506495952606,-0.07545427978038788,Neutral
11102,2023-10-09 17:51:00,2023-10-09,17,Monday,user_1101,Tech,US,Ajax caretaker coach Jan Pruijn jokes he needs to sideline top talent Billiat and Manyama played best after...,ajax caretaker coach jan pruijn joke need sideline top talent billiat manyama played best,5,3,0.2475399672985077,0.7033706307411194,0.049089301377534866,-0.19845066592097282,Neutral
11103,2023-10-09 18:02:00,2023-10-09,18,Monday,user_1102,Tech,UK,Yo I forgot to mention that I saw @user in Saturday and I think he's super rad. And s/o to vessels cause their new stuff is Gucci,yo forgot mention saw USER saturday think super rad vessel cause new stuff gucci,20,6,0.0037682901602238417,0.019435465335845947,0.9767962694168091,0.9730279792565852,Positive
11104,2023-10-09 18:13:00,2023-10-09,18,Monday,user_1103,News,Global,@user can you make happy wheels compatable with iPod 4th generation my game lags so much and you can see everything but the floor.,USER make happy wheel compatable ipod generation game lag much see everything floor,3,1,0.9054911732673645,0.08306203782558441,0.011446763761341572,-0.8940444095060229,Negative
11105,2023-10-09 18:24:00,2023-10-09,18,Monday,user_1104,News,UK,@user nope not quite yet... Do u read chinese??? if so check on Weibo or Tudou they may have it w/ chinese subs already..,USER nope quite yet u read chinese check weibo tudou may chinese sub already,24,7,0.06846000254154205,0.8897578120231628,0.04178212210536003,-0.026677880436182022,Neutral
11106,2023-10-09 18:35:00,2023-10-09,18,Monday,user_1105,General,Global,Chris brown is going to be in atx on Wednesday &amp; I'm so so sad I can't see my baby :/,chris brown going atx wednesday amp sad ca see baby,0,0,0.9057125449180603,0.08175840973854065,0.012529132887721062,-0.8931834120303392,Negative
11107,2023-10-09 18:46:00,2023-10-09,18,Monday,user_1106,Tech,Global,@user Yay! May I recommend eating it by the spoonful while watching Gilmore Girls?,USER yay may recommend eating spoonful watching gilmore girl,6,2,0.002259973669424653,0.049736227840185165,0.9480038285255432,0.9457438548561186,Positive
11108,2023-10-09 18:57:00,2023-10-09,18,Monday,user_1107,General,Canada,"""August 25th; Kanye West and Frank Ocean host private listening party, play each other's albums on repeat while laughing at the world""",august kanye west frank ocean host private listening party play album repeat laughing world,57,19,0.017796235159039497,0.5659146904945374,0.4162891209125519,0.3984928857535124,Neutral
11109,2023-10-09 19:08:00,2023-10-09,19,Monday,user_1108,News,Canada,@user SAME HUR we\u2019ll figure it out in yearbook tomorrow<3,USER hur figure yearbook tomorrow NUMBER,25,7,0.23012986779212952,0.6835877299308777,0.08628232777118683,-0.1438475400209427,Neutral
11110,2023-10-09 19:19:00,2023-10-09,19,Monday,user_1109,News,Canada,Scarred Riverbeds and Dead Pistachio Trees in a Parched Iran : 7 year #drought may render 1/2 the nation inhabitable,scarred riverbed dead pistachio tree parched iran NUMBER year drought may render NUMBER NUMBER nation inhabitable,9,3,0.8499975800514221,0.14348997175693512,0.006512428633868694,-0.8434851514175534,Negative
11111,2023-10-09 19:30:00,2023-10-09,19,Monday,user_1110,Tech,UK,Dr. going to see lot of people of stomach pain due to yakub's hanging tomorrow @user @user @user @user,going see lot people stomach pain due yakub hanging tomorrow USER USER USER USER,5,2,0.8567109107971191,0.13415265083312988,0.009136470966041088,-0.847574439831078,Negative
11112,2023-10-09 19:41:00,2023-10-09,19,Monday,user_1111,Sports,Canada,Kaya punya uang aje ! :p RT: @user AC Milan reportedly want Miralem Pjanic to join the San Siro in January (Corriere dello Sport),kaya punya uang aje p rt USER ac milan reportedly want miralem pjanic join san siro january corriere dello sport,37,10,0.00848053302615881,0.9135488271713257,0.07797062397003174,0.06949009094387293,Neutral
11113,2023-10-09 19:52:00,2023-10-09,19,Monday,user_1112,Gaming,Canada,"""Bad Blood is a v catchy song but the lyrics are such a """"omg he sat next to my bff at lunch instead of me"""" anthem.""",bad blood v catchy song lyric omg sat next bff lunch instead anthem,6,3,0.5506387948989868,0.31371361017227173,0.13564752042293549,-0.41499127447605133,Negative
11114,2023-10-09 20:03:00,2023-10-09,20,Monday,user_1113,News,US,#AndThatsHowTheRiotStarted Nike invents the ultimate inner city shoe. Then only has 5 pairs made for black Friday. Go gettem!,andthatshowtheriotstarted nike invents ultimate inner city shoe NUMBER pair made black friday go gettem,23,7,0.056911442428827286,0.4765259325504303,0.4665626287460327,0.40965118631720543,Neutral
11115,2023-10-09 20:14:00,2023-10-09,20,Monday,user_1114,News,Global,"""Tuesday on tap: Straight from Milan, the hoppy Quarantot from @user @user",tuesday tap straight milan hoppy quarantot USER USER,25,7,0.007006233092397451,0.9306089878082275,0.06238474324345589,0.055378510151058435,Neutral
11116,2023-10-09 20:25:00,2023-10-09,20,Monday,user_1115,Sports,Global,@user will i be able to purchase the metal gear solid v edition PS4 tomorrow or is it an online order exclusive?,USER able purchase metal gear solid v edition tomorrow online order exclusive,0,0,0.005382057745009661,0.9206996560096741,0.07391825318336487,0.06853619543835521,Neutral
11117,2023-10-09 20:36:00,2023-10-09,20,Monday,user_1116,Sports,Canada,"@user I hope that you have sort of a clear image about Islam and Muslims. It may look a bit complicated , but if you read , you'll know""",USER hope sort clear image islam muslim may look bit complicated read know,0,0,0.06990591436624527,0.6669919490814209,0.2631022036075592,0.19319628924131393,Neutral
11118,2023-10-09 20:47:00,2023-10-09,20,Monday,user_1117,General,Global,Really pumped about knock2bag on Friday w/ @user @user and Sheeps and others! Doors 7pm at Rich Mix.,really pumped friday USER USER sheep others door rich mix,16,5,0.0013492408907040954,0.0165935717523098,0.9820572137832642,0.9807079728925601,Positive
11119,2023-10-09 20:58:00,2023-10-09,20,Monday,user_1118,General,US,@user @user That's Ashley in the 1st pic not Briana but the pregnancy is still fake af,USER USER ashley pic briana pregnancy still fake af,0,0,0.4791278839111328,0.5060205459594727,0.014851601794362068,-0.46427628211677074,Neutral
11120,2023-10-09 21:09:00,2023-10-09,21,Monday,user_1119,Gaming,US,"""RT @user @user Nigga u movin to Italy. Yea my nigga, imma call ya tomorrow and rap with you bout it.""",rt USER USER nigga u movin italy yea nigga imma call ya tomorrow rap bout,3,1,0.02605021372437477,0.7875005006790161,0.18644925951957703,0.16039904579520226,Neutral
11121,2023-10-09 21:20:00,2023-10-09,21,Monday,user_1120,Gaming,Canada,I think that tomorrow I might buy #bandofbrothers dvd boxset in Milan..I hope to find it,think tomorrow might buy bandofbrothers dvd boxset milan hope find,28,14,0.0026005485560745,0.14868202805519104,0.848717451095581,0.8461169025395066,Positive
11122,2023-10-09 21:31:00,2023-10-09,21,Monday,user_1121,Tech,US,"""Niall's turning 22. """"5th album's about to drop."""" """"The boys are taking a break."""" """"#1YearSinceFireproof.""""",niall turning NUMBER album drop boy taking break,7,4,0.04634157568216324,0.8396841287612915,0.11397435516119003,0.0676327794790268,Neutral
11123,2023-10-09 21:42:00,2023-10-09,21,Monday,user_1122,General,Global,MYSA annual girls tournament final preparations underway... Join us at the Nairobi Technical field from Tuesday...,mysa annual girl tournament final preparation underway join u nairobi technical field tuesday,13,6,0.0038408187683671713,0.8445472121238708,0.15161187946796417,0.147771060699597,Neutral
11124,2023-10-09 21:53:00,2023-10-09,21,Monday,user_1123,News,UK,"""On One Friday Rasoolullah (Peace Be Upon Him) Said: """"O Muslims! Allah Ta'aala has made this day, a day of Eid, so...",one friday rasoolullah peace upon said muslim allah made day day eid,11,4,0.008205700665712357,0.5689932703971863,0.42280101776123047,0.4145953170955181,Neutral
11125,2023-10-09 22:04:00,2023-10-09,22,Monday,user_1124,General,Global,"""I turned on Monday night raw and in the first 10 seconds randy Orton rko'd 2 people, talk about a perfect storm""",turned monday night raw first NUMBER second randy orton rko NUMBER people talk perfect storm,11,4,0.0063256509602069855,0.1882825493812561,0.805391788482666,0.799066137522459,Positive
11126,2023-10-09 22:15:00,2023-10-09,22,Monday,user_1125,News,UK,@user LIES. Isn't there a curfew in place?A quick google search indicates that this image was from the Charlie Hebdo march.,USER lie curfew place quick google search indicates image charlie hebdo march,0,0,0.8653194308280945,0.12961262464523315,0.0050679827108979225,-0.8602514481171966,Negative
11127,2023-10-09 22:26:00,2023-10-09,22,Monday,user_1126,Sports,Canada,@user it'll be a cold day in hell before you got me anywhere near that Sunday line up. I'd rather see the Foo Fighters.,USER cold day hell got anywhere near sunday line rather see foo fighter,5,2,0.8257925510406494,0.1439633071422577,0.03024422563612461,-0.7955483254045248,Negative
11128,2023-10-09 22:37:00,2023-10-09,22,Monday,user_1127,General,UK,I was watching Friday rn and Ice Cube uhh was pretty good looking if you ask me,watching friday rn ice cube uhh pretty good looking ask,2,1,0.004215596709400415,0.06689079850912094,0.9288936257362366,0.9246780290268362,Positive
11129,2023-10-09 22:48:00,2023-10-09,22,Monday,user_1128,Sports,US,I really want the Kurt Cobain album coming out in November,really want kurt cobain album coming november,3,2,0.008837851695716381,0.18523842096328735,0.8059236407279968,0.7970857890322804,Positive
11130,2023-10-09 22:59:00,2023-10-09,22,Monday,user_1129,Gaming,Global,"It may look like a mainframe, but it's anything but proprietary! Very cool IBM Great time to be a partner HighVail",may look like mainframe anything proprietary cool ibm great time partner highvail,20,8,0.0037668768782168627,0.02250225469470024,0.9737309217453003,0.9699640448670834,Positive
11131,2023-10-09 23:10:00,2023-10-09,23,Monday,user_1130,Gaming,UK,@user long may it continue Kerry.take the wains to school then going a cycle.doing that @user on Sunday so need practice xx,USER long may continue wain school going USER sunday need practice xx,6,2,0.007229531649500132,0.17811641097068787,0.8146541118621826,0.8074245802126825,Positive
11132,2023-10-09 23:21:00,2023-10-09,23,Monday,user_1131,Tech,Global,Real Madrid could've paid the fee on the 1st day of transfer window if they really wanted De Gea. They're to blame for the entire fiasco.,real madrid could paid fee day transfer window really wanted de gea blame entire fiasco,4,3,0.8291700482368469,0.16193492710590363,0.00889505073428154,-0.8202749975025654,Negative
11133,2023-10-09 23:32:00,2023-10-09,23,Monday,user_1132,General,Canada,"I have heard it said that the 2nd G in Snoop Dogg represents extra gangsterishness, for how else do you explain this particular redundancy?",heard said g snoop dogg represents extra gangsterishness else explain particular redundancy,4,2,0.35386866331100464,0.61688631772995,0.029244979843497276,-0.32462368346750736,Neutral
11134,2023-10-09 23:43:00,2023-10-09,23,Monday,user_1133,Sports,Canada,Lady Gaga you turn me on in such weird ways. I'll bite your ass 1st home girl,lady gaga turn weird way bite as home girl,0,0,0.9118310809135437,0.0764697715640068,0.011699173599481583,-0.9001319073140621,Negative
11135,2023-10-09 23:54:00,2023-10-09,23,Monday,user_1134,News,US,@user apple is about to lose my business. I recently bought this iPad may 31st... You come out with new iPad and discontinue ipad3!!!,USER apple lose business recently bought ipad may come new ipad discontinue,3,2,0.8759332895278931,0.10500455647706985,0.019062144681811333,-0.8568711448460817,Negative
11136,2023-10-10 00:05:00,2023-10-10,0,Tuesday,user_1135,Gaming,Canada,"""Justin bieber, remember this when I show up to meet you, April 20th",justin bieber remember show meet april,2,1,0.005241813603788614,0.7294596433639526,0.2652985155582428,0.2600567019544542,Neutral
11137,2023-10-10 00:16:00,2023-10-10,0,Tuesday,user_1136,Gaming,UK,Watch our Chief Political Correspondent go through the papers at 10.30pm on BBC. #tomorrowspaperstoday,watch chief political correspondent go paper NUMBER bbc tomorrowspaperstoday,1,1,0.00475011533126235,0.8987234234809875,0.09652649611234665,0.0917763807810843,Neutral
11138,2023-10-10 00:27:00,2023-10-10,0,Tuesday,user_1137,News,Canada,can it just be 5:30 tomorrow evening alREADY because Ant-Man will be over by then and the post credits will BEGIN,NUMBER NUMBER tomorrow evening already post credit begin,0,0,0.05576840043067932,0.47997885942459106,0.4642527997493744,0.40848439931869507,Neutral
11139,2023-10-10 00:38:00,2023-10-10,0,Tuesday,user_1138,Sports,US,.@PPPpolls You mentioned on Monday that you would be releasing Colorado and Nevada numbers on Wednesday; were those polls abandoned?,USER mentioned monday would releasing colorado nevada number wednesday poll abandoned,7,2,0.222369983792305,0.7615193724632263,0.016110636293888092,-0.2062593474984169,Neutral
11140,2023-10-10 00:49:00,2023-10-10,0,Tuesday,user_1139,Sports,Global,Not mine lol but cant wait til friday its pay day and this will be the 3rd check from curtis !,mine lol cant wait til friday pay day check curtis,20,7,0.010285110212862492,0.11351285129785538,0.8762021064758301,0.8659169962629676,Positive
11141,2023-10-10 01:00:00,2023-10-10,1,Tuesday,user_1140,General,Global,@user one of the girls from @user is traveling to the game from Germany tomorrow! Help make her trip worthwhile!? :),USER one girl USER traveling game germany tomorrow help make trip worthwhile,3,1,0.0016123517416417599,0.06476669013500214,0.9336209893226624,0.9320086375810206,Positive
11142,2023-10-10 01:11:00,2023-10-10,1,Tuesday,user_1141,General,Canada,"""You couldn't make it up. Plastic Paddy school teacher, who loves Child murdering IRA terrorists.",could make plastic paddy school teacher love child murdering ira terrorist,2,1,0.8957521915435791,0.09286318719387054,0.011384637095034122,-0.884367554448545,Negative
11143,2023-10-10 01:22:00,2023-10-10,1,Tuesday,user_1142,Tech,UK,Seeing a Fleetwood Mac tribute band tonight and a Selena tribute band tomorrow night. I am excited.,seeing fleetwood mac tribute band tonight selena tribute band tomorrow night excited,13,5,0.001268266118131578,0.016703898087143898,0.9820277690887451,0.9807595029706135,Positive
11144,2023-10-10 01:33:00,2023-10-10,1,Tuesday,user_1143,Gaming,US,"""All of the \""""real\"""" Democrats won their respective races & will move on 2 face the 6 recalled Republican state senators on August 9 #YesWeCan""",democrat respective race move NUMBER face NUMBER recalled republican state senator august NUMBER yeswecan,3,1,0.0031402967870235443,0.19350625574588776,0.803353488445282,0.8002131916582584,Positive
11145,2023-10-10 01:44:00,2023-10-10,1,Tuesday,user_1144,General,UK,Rahul Gandhi wants to emulate Kejriwal. Says he prefers jail to bail.But Rahul may not come out and get convicted while in jail! @user,rahul gandhi want emulate kejriwal say prefers jail rahul may come get convicted jail USER,22,11,0.3337061107158661,0.6160541772842407,0.05023976415395737,-0.2834663465619087,Neutral
11146,2023-10-10 01:55:00,2023-10-10,1,Tuesday,user_1145,Sports,US,"""If Prince George's birthday is making all the news this morning, imagine the headlines tomorrow when it's my birthday! #birthdayboy""",prince george birthday making news morning imagine headline tomorrow birthday birthdayboy,11,3,0.03492068499326706,0.27221617102622986,0.6928631663322449,0.6579424813389778,Positive
11147,2023-10-10 02:06:00,2023-10-10,2,Tuesday,user_1146,News,Canada,Federer breaks early in the 2nd set! Even consolidates the break! Up 3-0! #RF #Tennis #CincyTennis,federer break early set even consolidates break NUMBER NUMBER rf tennis cincytennis,3,2,0.0019463496282696724,0.1479489505290985,0.8501046895980835,0.8481583399698138,Positive
11148,2023-10-10 02:17:00,2023-10-10,2,Tuesday,user_1147,Sports,US,"@user Y does Carly Fiorina want to be president? To be president, or to be the 1st woman president? Her ego as big as the Donald's?""",USER carly fiorina want president president woman president ego big donald,10,4,0.5936317443847656,0.3805882930755615,0.025779953226447105,-0.5678517911583185,Negative
11149,2023-10-10 02:28:00,2023-10-10,2,Tuesday,user_1148,Gaming,US,Iowa State has the chance to affect the National Championship game for the second year in a row this Saturday,iowa state chance affect national championship game second year row saturday,0,0,0.023548902943730354,0.8155201077461243,0.16093099117279053,0.13738208822906017,Neutral
11150,2023-10-10 02:39:00,2023-10-10,2,Tuesday,user_1149,Sports,Canada,Who's ready for the Foo Fighters tomorrow night?! Britton Tavern is your pre-concert and post-concert party...,ready foo fighter tomorrow night britton tavern party,13,4,0.0013505599927157164,0.07659060508012772,0.9220588207244873,0.9207082607317716,Positive
11151,2023-10-10 02:50:00,2023-10-10,2,Tuesday,user_1150,Tech,UK,Tomorrow she is @user reporter at Davos for Geeks. Perhaps she\u2019ll bring us home an internet gazillionaire instead,tomorrow USER reporter davos geek perhaps bring u home internet gazillionaire instead,6,2,0.04098876193165779,0.7487855553627014,0.2102256864309311,0.1692369244992733,Neutral
11152,2023-10-10 03:01:00,2023-10-10,3,Tuesday,user_1151,Gaming,Canada,Last day to buy SPC cards is tomorrow! Please support so we\u2019re able to give you an awesome Halloween!,last day buy spc card tomorrow please support able give awesome halloween,35,11,0.0021185462828725576,0.0441504642367363,0.9537310004234314,0.9516124541405588,Positive
11153,2023-10-10 03:12:00,2023-10-10,3,Tuesday,user_1152,News,US,watching obama videos bc i need a fucking break and it's just tuesday thank god,watching obama video bc need fucking break tuesday thank god,0,0,0.412384569644928,0.32685425877571106,0.26076120138168335,-0.15162336826324463,Negative
11154,2023-10-10 03:23:00,2023-10-10,3,Tuesday,user_1153,Tech,Canada,"TBS playing ""The Comeback"" episode of Seinfeld (again). Should I bust out the Jerk Store line in tomorrow night's debate?",tb playing comeback episode seinfeld bust jerk store line tomorrow night debate,7,3,0.010364742949604988,0.7230914831161499,0.26654374599456787,0.2561790030449629,Neutral
11155,2023-10-10 03:34:00,2023-10-10,3,Tuesday,user_1154,Gaming,US,Well if no ones going to school tomorrow then I guess I won\u2019t go :p,well one going school tomorrow guess go p,6,4,0.8683648109436035,0.12228861451148987,0.009346597827970982,-0.8590182131156325,Negative
11156,2023-10-10 03:45:00,2023-10-10,3,Tuesday,user_1155,News,Canada,@user We're going to see Ant-Man tomorrow. I figured it would seem even better in comparison after watching this. :),USER going see tomorrow figured would seem even better comparison watching,0,0,0.002776345470920205,0.025334222242236137,0.9718894362449646,0.9691130907740444,Positive
11157,2023-10-10 03:56:00,2023-10-10,3,Tuesday,user_1156,Tech,Global,@user he's a fraud who will be gone by May. Bet you weren't saying this when he was at barca,USER fraud gone may bet saying barca,7,2,0.8863699436187744,0.10395735502243042,0.009672615677118301,-0.8766973279416561,Negative
11158,2023-10-10 04:07:00,2023-10-10,4,Tuesday,user_1157,Tech,Global,"""watched all of @user X Factor video's last night. he needs to start making music, wicked voice!""",watched USER x factor video last night need start making music wicked voice,14,6,0.34228771924972534,0.3376808762550354,0.32003143429756165,-0.022256284952163696,Negative
11159,2023-10-10 04:18:00,2023-10-10,4,Tuesday,user_1158,Gaming,Canada,@user @user will be presenting on the 4th I will come we talk about some stuff,USER USER presenting come talk stuff,28,8,0.003111992496997118,0.5141028165817261,0.4827851951122284,0.4796732026152313,Neutral
11160,2023-10-10 04:29:00,2023-10-10,4,Tuesday,user_1159,General,UK,Kendrick said a whole bunch of nothing on that Black Friday something but you people say e be verse of the moment.,kendrick said whole bunch nothing black friday something people say e verse moment,3,1,0.5083202123641968,0.4654650390148163,0.026214798912405968,-0.4821054134517908,Negative
11161,2023-10-10 04:40:00,2023-10-10,4,Tuesday,user_1160,Tech,US,#music PAUL McCARTNEY (the Beatles)Original Concert Ticket (23 sept 1993),music paul mccartney beatles original concert ticket NUMBER sept NUMBER,19,8,0.004338529426604509,0.777404248714447,0.21825720369815826,0.21391867427155375,Neutral
11162,2023-10-10 04:51:00,2023-10-10,4,Tuesday,user_1161,Tech,Global,Really think @user should have @user as a guest for Bad Blood at the show Oct 17 in Dallas,really think USER USER guest bad blood show oct NUMBER dallas,52,17,0.015510165132582188,0.7697275876998901,0.21476230025291443,0.19925213512033224,Neutral
11163,2023-10-10 05:02:00,2023-10-10,5,Tuesday,user_1162,News,UK,"@user Of Monsters and Men, Deap Vally, Eagles Of Death Metal, Gaslight Anthem, Foos - and that's just tomorrow! Sorry for late reply!""",USER monster men deap vally eagle death metal gaslight anthem foos tomorrow sorry late reply,15,9,0.2687651813030243,0.5325171947479248,0.19871753454208374,-0.07004764676094055,Neutral
11164,2023-10-10 05:13:00,2023-10-10,5,Tuesday,user_1163,Sports,US,King Cake and boudin for breakfast. Yep! I\u2019m in southern Louisiana\u002c where the weather is warm (not hot) and sunny. Wine tasting tomorrow!,king cake boudin breakfast yep southern weather warm hot sunny wine tasting tomorrow,0,0,0.0015434462111443281,0.06430801004171371,0.9341485500335693,0.932605103822425,Positive
11165,2023-10-10 05:24:00,2023-10-10,5,Tuesday,user_1164,Gaming,Global,#tedxsendai is October 10th Watch it and learn more about the people affected by the Tohoku disaster.,tedxsendai october watch learn people affected tohoku disaster,9,6,0.22781121730804443,0.733492910861969,0.03869585320353508,-0.18911536410450935,Neutral
11166,2023-10-10 05:35:00,2023-10-10,5,Tuesday,user_1165,Gaming,Global,"Kerry is a place for all seasons and when the sun shines,it's hard to beat! by Chris O Callaghan on Mt Brandon:)",kerry place season sun shine hard beat chris callaghan mt brandon,2,1,0.002181082032620907,0.021193120628595352,0.9766258001327515,0.9744447181001306,Positive
11167,2023-10-10 05:46:00,2023-10-10,5,Tuesday,user_1166,General,Canada,[ABS-CBN News] Aquino on Enrile\u2019s memoirs: May all of us seek in this book the lessons that will allow us to advance as a people,news aquino memoir may u seek book lesson allow u advance people,56,22,0.007079994305968285,0.5842703580856323,0.40864962339401245,0.40156962908804417,Neutral
11168,2023-10-10 05:57:00,2023-10-10,5,Tuesday,user_1167,General,US,i hope frank ocean knows that the final day for grammy submissions is september 30th,hope frank ocean know final day grammy submission september,8,3,0.01608029380440712,0.7722653746604919,0.21165432035923004,0.19557402655482292,Neutral
11169,2023-10-10 06:08:00,2023-10-10,6,Tuesday,user_1168,Gaming,UK,The San Diego #Chargers expect wide receivers Eddie Royal and Malcom #Floyd to play in Monday night's game against the Denver #Broncos,san diego charger expect wide receiver eddie royal malcom floyd play monday night game denver bronco,0,0,0.003910447005182505,0.9468369483947754,0.04925261810421944,0.04534217109903693,Neutral
11170,2023-10-10 06:19:00,2023-10-10,6,Tuesday,user_1169,General,UK,C'mon Paul Dunne enough with the bogeys! It's birdie time!! #TheOpen #StAndrews #golf,paul dunne enough bogey birdie time theopen standrews golf,14,6,0.069715216755867,0.5965390801429749,0.33374565839767456,0.26403044164180756,Neutral
11171,2023-10-10 06:30:00,2023-10-10,6,Tuesday,user_1170,News,UK,"@user no we watched qually in Milan at a sports bar, going to the race tomorrow and we'll be sat in the grandstand at Parabolica""",USER watched qually milan sport bar going race tomorrow sat grandstand parabolica,3,1,0.02397032268345356,0.8792359232902527,0.09679378569126129,0.07282346300780773,Neutral
11172,2023-10-10 06:41:00,2023-10-10,6,Tuesday,user_1171,Gaming,US,And to the 2 girls in front of us that sat down and played Temple Run the whole time\u002c why did you even come? #confused,NUMBER girl front u sat played temple run whole even come confused,98,29,0.7334582805633545,0.2537499666213989,0.012791769579052925,-0.7206665109843016,Negative
11173,2023-10-10 06:52:00,2023-10-10,6,Tuesday,user_1172,General,UK,"""Does anyone want 2 tickets to the Kenny Chesney, Jason Aldean concert on Saturday? Good seats and very reasonable price""",anyone want NUMBER ticket kenny chesney jason aldean concert saturday good seat reasonable price,29,19,0.002554147969931364,0.2623613476753235,0.7350845336914062,0.7325303857214749,Positive
11174,2023-10-10 07:03:00,2023-10-10,7,Tuesday,user_1173,Gaming,UK,Tough loss for @user today. Good luck on Monday with selection Sunday,tough loss USER today good luck monday selection sunday,10,5,0.47066807746887207,0.3794080913066864,0.14992386102676392,-0.32074421644210815,Negative
11175,2023-10-10 07:14:00,2023-10-10,7,Tuesday,user_1174,Sports,UK,Frank Ocean's verse on Sunday is so cold. The way he casually sent for Chris Brown &gt;&gt;&gt;,frank ocean verse sunday cold way casually sent chris brown gt gt gt,0,0,0.1792696863412857,0.5359418988227844,0.2847883999347687,0.10551871359348297,Neutral
11176,2023-10-10 07:25:00,2023-10-10,7,Tuesday,user_1175,Tech,Canada,RFT @user Skype nights! might as well Skype with someone who gonna be at the mmg tour at 1st mariner,rft USER skype night might well skype someone gon na mmg tour mariner,12,5,0.0067903739400208,0.7425756454467773,0.2506340742111206,0.2438437002710998,Neutral
11177,2023-10-10 07:36:00,2023-10-10,7,Tuesday,user_1176,Gaming,Canada,Is it even possible to go to Digi on a Monday without getting paralytic,even possible go digi monday without getting paralytic,0,0,0.4169946014881134,0.514039158821106,0.06896620243787766,-0.34802839905023575,Neutral
11178,2023-10-10 07:47:00,2023-10-10,7,Tuesday,user_1177,Tech,US,I really really really want to see Foo Fighters on Saturday!!!,really really really want see foo fighter saturday,0,0,0.002704931190237403,0.01682957075536251,0.9804655313491821,0.9777606001589447,Positive
11179,2023-10-10 07:58:00,2023-10-10,7,Tuesday,user_1178,General,US,"@user U may be right in the end, but it takes 4 wins to wrap up a 7-game series. If Cards can rough up Kershaw twice, Bum can be too.""",USER u may right end take NUMBER win wrap NUMBER series card rough kershaw twice bum,19,8,0.1083931177854538,0.701657235622406,0.1899496167898178,0.08155649900436401,Neutral
11180,2023-10-10 08:09:00,2023-10-10,8,Tuesday,user_1179,Tech,UK,"""Tomorrow is Nurses Day, and MSC is celebrating it in a very special way. Just stop by and make any purchase to...",tomorrow nurse day msc celebrating special way stop make purchase,1,1,0.0012727838475257158,0.0395970344543457,0.9591301679611206,0.9578573841135949,Positive
11181,2023-10-10 08:20:00,2023-10-10,8,Tuesday,user_1180,Gaming,Canada,"Today only is Amazon Prime Day, which offers more deals than Black Friday! If you plan to shop, don't forget to...",today amazon prime day offer deal black friday plan shop forget,4,2,0.0018278859788551927,0.07222172617912292,0.9259504079818726,0.9241225220030174,Positive
11182,2023-10-10 08:31:00,2023-10-10,8,Tuesday,user_1181,Sports,Global,What could possibly be going on here tomorrow? #iphone5 #apple #yerbabue @ Yerba Buena Center for the Arts,could possibly going tomorrow apple yerbabue yerba buena center art,54,18,0.02243104577064514,0.9206690788269043,0.056899890303611755,0.034468844532966614,Neutral
11183,2023-10-10 08:42:00,2023-10-10,8,Tuesday,user_1182,General,Global,C\u2019mon @user you KNOW the BCA IS a budget\u002c and STRONGER than a resolution. It\u2019s a LAW. #OHSEN,USER know bca stronger resolution law ohsen,5,2,0.25441181659698486,0.6456096172332764,0.09997855126857758,-0.1544332653284073,Neutral
11184,2023-10-10 08:53:00,2023-10-10,8,Tuesday,user_1183,Gaming,UK,Last 3 Dons matches I've been at have been 0-0. Last Dons win I saw was Forfar in January. I'm going tonight #apologiesinadvance,last NUMBER don match NUMBER NUMBER last don win saw forfar january going tonight apologiesinadvance,3,1,0.20226581394672394,0.6988344192504883,0.0988997295498848,-0.10336608439683914,Neutral
11185,2023-10-10 09:04:00,2023-10-10,9,Tuesday,user_1184,General,UK,Good to know i'll be sharing my birthday with National Ice Cream Day tomorrow,good know sharing birthday national ice cream day tomorrow,43,12,0.0020445564296096563,0.01823606714606285,0.979719340801239,0.9776747843716294,Positive
11186,2023-10-10 09:15:00,2023-10-10,9,Tuesday,user_1185,News,Canada,"@user Go with the Moto G 3rd gen 16 GB overall a very good phone, even the OnePlus One is a good choice but cam better on Moto G3.""",USER go moto g gen NUMBER gb overall good phone even oneplus one good choice cam better moto,0,0,0.004363933112472296,0.05148933455348015,0.9441467523574829,0.9397828192450106,Positive
11187,2023-10-10 09:26:00,2023-10-10,9,Tuesday,user_1186,Tech,Canada,"'Isaac Newton was only 23 when he discovered gravity' Man, Messi was 22 when he won his 1st Balon d'Or..",isaac newton NUMBER discovered gravity man messi NUMBER balon,23,7,0.04170043766498566,0.6857118606567383,0.27258774638175964,0.230887308716774,Neutral
11188,2023-10-10 09:37:00,2023-10-10,9,Tuesday,user_1187,News,Canada,Good luck to Cody Reichard & Scott Darling..1st day of training camp for the Montreal Canadiens' AHL affiliate-Hamilton Bulldogs. God Speed!,good luck cody reichard scott darling day training camp montreal canadiens ahl bulldog god speed,49,22,0.0019576072227209806,0.034867510199546814,0.9631748795509338,0.9612172723282129,Positive
11189,2023-10-10 09:48:00,2023-10-10,9,Tuesday,user_1188,Gaming,US,"@user @user Ohh, I just checked his Facebook. It's suppose to release on the 3rd day of Eid.""",USER USER ohh checked facebook suppose release day eid,27,11,0.007136890199035406,0.8720449805259705,0.12081816792488098,0.11368127772584558,Neutral
11190,2023-10-10 09:59:00,2023-10-10,9,Tuesday,user_1189,Sports,US,"""Saudi security spending rises $5.3 bln in 2015 - minister: DUBAI, Dec 28 (Reuters) - Saudi Arabia increased it...",saudi security spending rise NUMBER bln NUMBER minister dubai dec NUMBER reuters saudi arabia increased,16,5,0.007203621324151754,0.6762708425521851,0.31652554869651794,0.3093219273723662,Neutral
11191,2023-10-10 10:10:00,2023-10-10,10,Tuesday,user_1190,General,UK,President Thabo Mbeki urged Tony Blair not to invade Iraq but the British prime minister went ahead anyway.,president thabo mbeki urged tony blair invade iraq british prime minister went ahead anyway,2,1,0.3827156126499176,0.5954939126968384,0.02179046720266342,-0.3609251454472542,Neutral
11192,2023-10-10 10:21:00,2023-10-10,10,Tuesday,user_1191,Tech,US,"""Monday's Best of the Web -Floyd Mayweather flips out, Sheen Roast, Melissa McCarthy wins an Emmy | DVE Morning Show",monday best web mayweather flip sheen roast melissa mccarthy win emmy dve morning show,2,1,0.020346693694591522,0.6732569336891174,0.3063963055610657,0.28604961186647415,Neutral
11193,2023-10-10 10:32:00,2023-10-10,10,Tuesday,user_1192,General,Canada,@user If Carly Fiorina is left out of the upcoming debate it may and possibly will backfire on CNN. Trump is not influencing CNN is he?,USER carly fiorina left upcoming debate may possibly backfire cnn trump influencing cnn,15,8,0.6829447746276855,0.3057439625263214,0.011311274021863937,-0.6716335006058216,Negative
11194,2023-10-10 10:43:00,2023-10-10,10,Tuesday,user_1193,Gaming,Canada,Can not fucking wait for tomorrow night. House Of Blues will never be the same after @user @user and @user #StayMetal,fucking wait tomorrow night house blue never USER USER USER staymetal,29,10,0.2514059245586395,0.15961304306983948,0.588981032371521,0.33757510781288147,Positive
11195,2023-10-10 10:54:00,2023-10-10,10,Tuesday,user_1194,General,US,"Our trustee @user has just recorded some quick comments for BBC spotlight, tune in tomorrow for the evening news to see it!",trustee USER recorded quick comment bbc spotlight tune tomorrow evening news see,10,3,0.0033413455821573734,0.6747824549674988,0.3218762278556824,0.318534882273525,Neutral
11196,2023-10-10 11:05:00,2023-10-10,11,Tuesday,user_1195,Tech,Global,@user we have Melbourne cup\u002c woop thats a fab horse racing day & we have Christmas\u002c Easter\u002c good Friday\u002c Australia day\u002c idk heaps haha,USER melbourne woop thats fab horse racing day good australia idk heap haha,3,1,0.0021332900505512953,0.012025494128465652,0.9858412742614746,0.9837079842109233,Positive
11197,2023-10-10 11:16:00,2023-10-10,11,Tuesday,user_1196,Gaming,UK,"""Sun.\u002c July 29\u002c 2:30 PM \""""""""Rock \u2019n\u2019 Roll\u002c the Opposites\u002c & Our Greatest Hopes--A Celebration!\""""""""",july NUMBER NUMBER NUMBER pm rock greatest hope celebration,0,0,0.0024259304627776146,0.07245126366615295,0.9251227378845215,0.9226968074217439,Positive
11198,2023-10-10 11:27:00,2023-10-10,11,Tuesday,user_1197,General,Global,"""Taylor is going to dominate when the nominations for the VMAs are released tomorrow, Blank Space and Bad Blood were very well made videos.""",taylor going dominate nomination vmas released tomorrow blank space bad blood well made video,0,0,0.003255513496696949,0.04016407951712608,0.9565804600715637,0.9533249465748668,Positive
11199,2023-10-10 11:38:00,2023-10-10,11,Tuesday,user_1198,Sports,UK,Every time I hear a Liverpudlian accent it reminds me of watching Brookside with Mum on a Sat teatime #MissThoseDays,every time hear liverpudlian accent reminds watching brookside mum sat teatime missthosedays,17,6,0.10739585012197495,0.5375006794929504,0.355103462934494,0.24770761281251907,Neutral
11200,2023-10-10 11:49:00,2023-10-10,11,Tuesday,user_1199,Gaming,Global,frank ocean actually dropped his album for those of you that don't know . dropped the 30th . it's in spotify,frank ocean actually dropped album know dropped spotify,5,2,0.0043335650116205215,0.8428738117218018,0.15279263257980347,0.14845906756818295,Neutral
