passage_id,chapter,section,subsection,page,text,word_count,cluster,cluster_name,x,y,neighbors
p00001,Part 1: General Information,Part 1: General Information,,10,"Welcome to the intellectual and personal excitement of Duke Kunshan University, to its commitment to the finest education and to its passion for shaping a more knowledgeable, inclusive, responsible and peaceful world. DKU’s founders, leaders and community have set ambitious goals. Confident that you will contribute importantly to reaching those goals, we invite you to join us in pursuing them together.",61,5,University Policy and Transfer Credit,6.914892,10.160109,p00005|p00251|p00008|p00022|p00252
p00002,Part 1: General Information,Part 1: General Information,,10,"Your experience here will prepare you to be among the next generations of leaders, who create the cutting edge of new knowledge, engage with courage and wisdom the world’s most pressing challenges, and extend perspectives and understanding across our globe. We share with our fellow human beings across the world the desire to make it a better place whether at the level of providing clean drinking water and sustainable energy systems for rural villages, or of developing preventive measures against future pandemics, or of peacefully negotiating regional or global conflict.",90,6,"Environment, Health, and Policy",-0.06588141,7.8210974,p00399|p00795|p00241|p00808|p00898
p00003,Part 1: General Information,Part 1: General Information,,10,"Please use this bulletin as a tool to understand who we are, to chart your own path through the rich opportunities DKU offers, and to help you to define the personal directions you hope to take through DKU and beyond.",40,2,Media and Arts,7.077347,10.107085,p00005|p00001|p00232|p00299|p00252
p00004,Part 1: General Information,Mission Statement,,10,"Duke Kunshan University is a highly selective research-oriented, liberal arts and sciences university located in China, whose primary mission is to enable students from around the world to lead purposeful and productive lives. By delivering the highest quality undergraduate and graduate education that is truly interdisciplinary, we prepare students for professional, intellectual and societal leadership roles across the globe. The core of our educational offering is a four-year undergraduate degree program featuring an integrated and multi-disciplinary curriculum, with an effective blend of Chinese, American, and global techniques and values and a culture of academic excellence and freedom. Our world-class faculty pursue knowledge in service of society, involving students in innovative scholarship and research programs. As a premier Sino-US joint-venture university, we embrace the integration of global, national, and local traditions of thought and experience and promote cross-cultural understanding and cross-border collaborations.",141,5,University Policy and Transfer Credit,6.7855153,9.90249,p00008|p00006|p00019|p00022|p00029
p00005,Part 1: General Information,Statement on Diversity and Inclusion,,10,"Duke Kunshan University welcomes passionate, creative, and intellectually-driven students, faculty, and staff from all walks of life, from all over the world. We affirm the diverse histories, perspectives, experiences, identities, languages, and cultures that enhance our community, and we aim to create an environment where all members of our community are accepted, appreciated, and celebrated. Our commitment to inclusivity is grounded in the university’s mission. DKU is a community where those who study, live, and work see difference as an opportunity for meaningful dialogue, creative expression, and innovative thinking. The university aspires to foster mutual respect and understanding among and for all people, regardless of differing cultures, ethnicities, races, religions, genders, sexual orientations, ages, national origins, socio-economic backgrounds, capabilities, or any other category that can be used to divide people. Our uniquely rich cultural community is designed to cultivate informed and engaged citizens of the world.",146,5,University Policy and Transfer Credit,6.8351626,10.149079,p00001|p00018|p00251|p00008|p00004
p00006,Part 1: General Information,Who We Are,,11,"Duke Kunshan University is a Sino-American partnership of Duke University, Wuhan University and Kunshan city in Jiangsu province to create a world-class liberal arts and research university offering a range of academic programs for students from China and throughout the world. A nonprofit, joint-venture institution, Duke Kunshan University was granted the accreditation approval by China’s Ministry of Education in September 2013. Duke Kunshan welcomed its first group of students in August 2014, initially offering graduate degrees as well as term-long programs for undergraduate students enrolled at Duke and other universities. In August 2018, Duke Kunshan welcomed its inaugural undergraduate class. The four-year bachelor’s degree program is based in the liberal arts and sciences tradition, which emphasizes critical thinking, creativity, collaboration and exploration.",122,5,University Policy and Transfer Credit,7.0293617,9.483925,p00069|p00004|p00124|p00044|p00011
p00007,Part 1: General Information,Who We Are,,11,"With the goal of spearheading the future of higher education, Duke Kunshan is influenced and informed by both Chinese and American traditions of higher education. The shared vision of Duke and Wuhan universities is that Duke Kunshan will help address the changing needs of global higher education. Their rich heritage inspires Duke Kunshan to pursue academic excellence and integrity and apply classroom knowledge in service to society. Duke Kunshan delivers academic programs designed to address society’s future needs through a curriculum based in the liberal arts tradition and a commitment to problem-based learning that challenges students to apply their knowledge during the learning process.",104,5,University Policy and Transfer Credit,6.7922835,10.070983,p00019|p00022|p00008|p00004|p00006
p00008,Part 1: General Information,Who We Are,,11,"As an international, intellectual community that encourages diversity, openness and creative learning, Duke Kunshan University welcomes outstanding students and faculty from around the world who contribute diverse perspectives and experiences to this global learning environment. The university’s innovative programs inspire students to master academically rigorous course work, generate new ideas and develop creative solutions to the world’s challenges, preparing them not just for careers in specific fields but to become globally sophisticated leaders and citizens.",75,5,University Policy and Transfer Credit,6.6761866,10.0083275,p00004|p00251|p00022|p00007|p00019
p00009,Part 1: General Information,Who We Are,,11,"Duke Kunshan is governed by an independent Board of Trustees and operates under a set of guiding principles that are consistent with those of world-leading universities. Administrative operations are in the charge of the university leadership team, headed by the Chancellor and the Executive Vice Chancellor. Feng Youmei, Duke Kunshan University Chancellor, is a professor, the former Executive Vice President of Wuhan University and the Vice Chairwoman for the Medical Education Committee of the China Association of Higher Education. She has profound expertise in medical education as well as abundant experience in university administration. Executive Vice Chancellor Al Bloom is a recognized global education leader and a scholar of psychology and language with a special focus on Chinese language and culture. Prior to joining DKU, Dr. Bloom served as the founding vice chancellor of NYU-Abu Dhabi for more than a decade and president of Swarthmore College for 18 years.",149,5,University Policy and Transfer Credit,6.8666787,9.786418,p00004|p00006|p00001|p00007|p00078
p00010,Part 1: General Information,Who We Are,,12,"Duke Kunshan University is a place for learning, living and self-discovery, in a setting that encourages the pursuit of knowledge within and beyond the classroom. Kunshan is located in close proximity to both Shanghai and Suzhou, two of the most developed metropolitan areas in China. Connected to both by high-speed rail and highways, the city of Kunshan is a center for business and high-tech research and manufacturing, and it has one of the fastest-growing economies in China. The 200-acre campus is in the Yangcheng Lake Science Park and features state-of-the-art classroom and meeting facilities, library resources, student and faculty housing and dining space, and recreational facilities. Multipurpose meeting spaces, breakout rooms and study areas allow students to work individually or in groups to review course materials, complete assignments and participate in the vibrant intellectual life of the campus.",138,5,University Policy and Transfer Credit,6.849359,9.971723,p00251|p00006|p00008|p00001|p00022
p00011,Part 1: General Information,Partners,Duke University,12,"A private comprehensive teaching and research university, Duke traces its roots to 1838, and officially became Duke University in 1924. In addition to liberal arts and engineering education at the undergraduate level, Duke offers graduate and professional study in arts and sciences, business, divinity, engineering, the environment, law, public policy, medicine and nursing. Duke enrolls more than 15,000 students in its undergraduate, graduate, and professional programs. Duke’s home campus is situated on nearly 9,000 acres in Durham, North Carolina, USA, a city of more than 200,000 people. Duke also is active internationally through the Duke-NUS Graduate Medical School in Singapore, Duke Kunshan University in China and numerous research and education programs across the globe. More than 75 percent of Duke students pursue service learning opportunities in Durham and around the world through DukeEngage and other programs that advance the university’s mission of “knowledge in service to society.”",147,5,University Policy and Transfer Credit,7.1201744,9.447515,p00006|p00004|p00078|p00124|p00044
p00012,Part 1: General Information,Partners,Wuhan University,12,"Located in Central China’s Hubei province, Wuhan University consistently ranks among the country’s top 10 universities and is a key comprehensive national university under the direct administration of the Ministry of Education.",32,5,University Policy and Transfer Credit,6.915652,9.729207,p00013|p00006|p00015|p00004|p00007
p00013,Part 1: General Information,Partners,Wuhan University,12,"The college’s history can be traced back to the Ziqiang Institute founded in 1893 by Zhang Zhidong, governor-general of Hubei and Hunan provinces in the late Qing dynasty (1644-1911). In 1928, the institute was renamed as Wuhan National University.",39,5,University Policy and Transfer Credit,6.9791317,9.849077,p00012|p00006|p00007|p00004|p00425
p00014,Part 1: General Information,Partners,Wuhan University,12,"Its campus is regarded as one of the most beautiful in the country, boasting palatial buildings that blend Eastern and Western architectural styles.",23,2,Media and Arts,6.6254697,9.93601,p00008|p00029|p00248|p00251|p00249
p00015,Part 1: General Information,Partners,Wuhan University,13,"The university enjoys partnerships with more than 400 universities and research institutes in over 45 countries and regions, while its more than 300,000 alumni includes at least 100 members of the Chinese Academy of Science and the Chinese Academy of Engineering.",41,5,University Policy and Transfer Credit,6.753736,9.577497,p00004|p00012|p00425|p00069|p00006
p00016,Part 1: General Information,Partners,Kunshan,13,"Kunshan is located in the southeastern part of Jiangsu province, a satellite city in the greater Suzhou region and adjacent to Shanghai, two of the most developed metropolitan areas in China. Kunshan is regarded as one of the country's most economically successful county-level administrations. It ranked No 1 in the 25 Best County-level Cities in China study by Forbes China for the ninth year running in 2009. With an immigrant population larger than the number of its permanent residents, Kunshan was winner of the 2010 UN-Habitat Scroll of Honor Award, the most prestigious award given by the United Nations, along with Singapore and Vienna in recognition of work carried out in the field of human settlements development, for the city's innovative approach to granting migrants the right to essential services. It also has received titles and awards such as a National Hygiene City, Excellent Tourism City of China and National Garden City, as well as National Model City of Environment Protection and National Model Zone of Ecology.",167,5,University Policy and Transfer Credit,6.923458,9.92159,p00010|p00022|p00006|p00078|p00001
p00017,Part 1: General Information,Partners,Kunshan,13,"Kunshan is culturally significant as the origin of Kunshan diao, the melody that ultimately evolved into Kunqu Opera, one of China's oldest extant theatre arts, which has been listed as UNESCO as World Intangible Culture Heritage. It has also been home to famous figures including Zu Chongzhi, Gu Yanwu, Gui Youguang, Gong Xian and Zhu Bailu.",56,4,"China, History, and Culture",1.3692203,12.1177025,p00247|p00965|p00883|p00843|p00509
p00018,Part 1: General Information,Duke Kunshan University Community Standard,,13,"All Duke Kunshan University students are required to hold themselves to the highest standards for honesty, integrity, fairness, and responsibility in their academic and co-curricular endeavors. Duke Kunshan University is a community comprised of individuals from diverse cultures and backgrounds. We are dedicated to scholarship, leadership, and service and to the principles of honesty, fairness, respect, and accountability. Members of this community commit to reflecting upon and upholding these principles in all academic and non-academic endeavors, and to protecting and promoting a culture of integrity and trust. To uphold the Community Standard, each student is expected to pledge to hold him/herself to the highest standards for honesty, integrity, fairness, and responsibility in his/her academic and non-academic endeavors, to respect other cultures and embrace all forms of diversity, and to uphold the standards if they are compromised.",136,5,University Policy and Transfer Credit,6.98493,9.961589,p00005|p00251|p00001|p00260|p00004
p00019,Part 2: A Liberal Arts Education at Duke Kunshan University,A 21st Century Curriculum,,14,"The Duke Kunshan University curriculum begins from liberal arts principles and is imbued with the hallmarks of a Duke education blended with Chinese tradition: interdisciplinary approaches, engagement with research questions, problem-based and team-based learning, and opportunities for students to craft individual pathways and deepen their intellectual engagement over time. It is a kind of education that builds critical thinking and problem-solving skills, simultaneously conferring a broad base of knowledge and fostering the ability to interrogate that knowledge and apply it flexibly. It is also deeply cross-cultural in its orientation: Duke Kunshan University gives all participants the continual experience of learning to see from multiple points of view and to work together across cultural boundaries—a crucial skill for the future.",119,5,University Policy and Transfer Credit,6.6313124,10.006284,p00007|p00022|p00008|p00029|p00004
p00020,Part 2: A Liberal Arts Education at Duke Kunshan University,A Liberal Arts College Experience,,14,"The small-scale residential setting at Duke Kunshan University offers significant opportunities for innovative and integrated forms of learning, an especially close connection between faculty and students, and the intermixing of students with different interests. In addition, Duke Kunshan University offers creative alignments between its undergraduate curriculum and selected areas of research strength at Duke Kunshan University and at Duke. Liberal arts colleges provide direct access to research opportunities for undergraduates – they leverage their small size and commitment to teaching to provide opportunities for one-on-one and small team-based scholarly mentoring. In the United States, liberal arts colleges disproportionately produce students who go on to earn PhD’s. Duke Kunshan University offers the same kinds of focus on discovery and the co-creation of knowledge as at liberal arts colleges with the added dimension of research centers on site and connections to a major research university in the United States and to Wuhan University in China.",153,5,University Policy and Transfer Credit,6.4957037,9.985018,p00029|p00004|p00022|p00019|p00006
p00021,Part 2: A Liberal Arts Education at Duke Kunshan University,Dual Degrees,,14,Duke Kunshan University students successfully completing the course of study required by Duke Kunshan University and Duke University will be conferred both a Duke Kunshan University graduation certificate and diploma officially approved by the MOE as well as a diploma from Duke University indicating that the degree has been granted in accordance with the requirements of Duke Kunshan University and Duke University (Duke University is accredited by SACSCOC). All students must fulfill the requirements for both the Duke University and the Duke Kunshan University degrees. Students will be alumni of both institutions.,92,5,University Policy and Transfer Credit,7.280102,8.780041,p00044|p00124|p00069|p00006|p00190
p00022,Part 2: A Liberal Arts Education at Duke Kunshan University,Animating Principles,,14,"Duke Kunshan University provides a 21st century liberal arts and sciences education that helps students develop a sense of social responsibility and global citizenship, as well as strong and transferable intellectual and practical skills such as communication, analytical and problem-solving skills, and a demonstrated ability to apply knowledge and skills in real-world settings.",53,5,University Policy and Transfer Credit,6.8328543,10.001707,p00007|p00019|p00008|p00251|p00001
p00023,Part 2: A Liberal Arts Education at Duke Kunshan University,Animating Principles,,15,The overarching goals are embedded in the seven animating principles that are expressed throughout the curriculum:,16,2,Media and Arts,5.20088,8.971877,p00264|p00964|p00976|p00067|p00039
p00024,Part 2: A Liberal Arts Education at Duke Kunshan University,Animating Principles,Rooted Globalism: To cultivate informed and engaged citizens who are knowledgeable about each,15,"other’s histories, traditions of thought and affiliations; and skilled in navigating among local, national and global identities and commitments.",19,0,Politics and Global Affairs,1.0965242,10.452537,p00898|p00860|p00880|p00698|p00336
p00025,Part 2: A Liberal Arts Education at Duke Kunshan University,Animating Principles,Research and Practice: To enhance the ability to forge links between theory and practice in the,15,many-sided and rapidly changing world of human need.,8,6,"Environment, Health, and Policy",0.2833426,8.35925,p00680|p00002|p00761|p00834|p00263
p00026,Part 2: A Liberal Arts Education at Duke Kunshan University,Animating Principles,"Lucid Communication: To develop the ability to communicate effectively, both orally and in",15,"writing, and to listen attentively to different viewpoints in coming to mature judgments.",13,2,Media and Arts,3.2784789,10.801259,p00884|p00999|p00036|p01192|p00302
p00027,Part 2: A Liberal Arts Education at Duke Kunshan University,Animating Principles,Wise Leadership: To shape thinkers and doers who possess the moral compass to guide communities,15,and institutions toward a common good and who have the wisdom and technical competence to deal effectively with complexity.,19,6,"Environment, Health, and Policy",4.340416,9.241646,p00039|p00401|p00849|p00758|p00760
p00028,Part 2: A Liberal Arts Education at Duke Kunshan University,Animating Principles,"A Purposeful Life: To form reflective scholars who test their core beliefs, connect their course of",15,"study to big questions of meaning, and who build the capacity for lifelong learning and exploration.",16,2,Media and Arts,4.745711,9.310638,p00031|p00047|p00030|p00039|p00062
p00029,Part 3: The Curriculum,Overview,,16,"The Duke Kunshan University undergraduate curriculum can be described as a “research-inflected liberal arts experience” that builds on the unique DNA of Duke as a major research university but with a strong liberal arts philosophy, structure and orientation. The curriculum does not rely on traditional majors housed in departments, but rather is built on interdisciplinary and disciplinary components in and across three thematic areas: (1) natural and applied sciences, (2) social sciences, and (3) arts and humanities. Flexibility and inter-disciplinarity are hallmarks of this curriculum, along with signature work that enables students to engage scholarship both individually and within a community of learners. This curriculum is designed to be compatible with the quality and depth of a Duke undergraduate degree but is unique and distinct from the current Duke undergraduate experience, which is aligned more with a traditional major’s structure.",140,5,University Policy and Transfer Credit,6.453057,9.878752,p00019|p00004|p00022|p00020|p00008
p00030,Part 3: The Curriculum,Overview,,16,"The curriculum fosters learning communities of students and faculty whose intellectual interactions revolve around two groups: (1) The interdisciplinary community, which spans laterally a variety of disciplines. To the big questions at the core of each interdisciplinary community will be deployed a variety of disciplines, voices, viewpoints and expertise, usually also from a variety of divisions. The deep expertise brought to bear on discussion will be provided by both faculty and advanced students. (2) The disciplinary specialization, which is akin to, or even entirely aligned to, a traditional vertical discipline. From this community comes the training in the methods, knowledge, and skills of a specific discipline. Individual courses that belong to an interdisciplinary community or disciplinary specialization may be taken at various stages of a students’ career. But the interdisciplinary community comes first in a students’ overall development – it provides a broad intellectual home and is followed by or is in parallel to more specialized work.",157,2,Media and Arts,4.749032,9.154683,p00062|p00031|p00705|p01187|p00706
p00031,Part 3: The Curriculum,Overview,,16,"The dual structure is also flexible, to accommodate a variety of student goals and outcomes. Some students might choose to pursue a less deep path in the disciplinary specialization while focusing more on developing broad expertise in the questions underlying the interdisciplinary community— and in that case the outcome can be a powerful kind of integrative education for students whose goal is not graduate school or specialized study, which is where a great many careers and life paths lie. This approach allows for a highly integrative, team-based approach to problem solving and knowledge acquisition. For students oriented towards graduate study, the integrative and out-looking approach in the interdisciplinary community broadens and enriches their deeper specialist expertise. Our strong expectation is that a student with deep expertise who also has interacted in a significant, deep way with an interdisciplinary group focused on big questions will be more, not less, appealing to graduate schools or other specialty pursuits. For certain disciplines, students oriented towards graduate school may also need to use some electives, guided independent studies, research, online courses and Study Abroad courses to deepen expertise beyond the number of courses required for the disciplinary specialization.",194,2,Media and Arts,4.86615,9.176134,p00030|p00062|p00058|p01187|p00028
p00032,Part 3: The Curriculum,Overview,,16,"To ensure that Duke Kunshan University students develop the ability to communicate effectively, guided practice in writing and speaking are built into the fabric of the curriculum. All three Divisional Foundations sequences provide opportunities for students to practice the specialized discourse of their chosen field, while Common Core courses help students learn to communicate as scholars and professionals to broader audiences. Toward the end of their undergraduate studies, all students take on more advanced writing and speaking challenges as part of their signature work and capstone projects.",87,3,Language and Communication,4.9949765,10.742544,p00029|p01199|p00068|p00008|p00055
p00033,Part 3: The Curriculum,Key Components,,17,"The Duke Kunshan University undergraduate curriculum emphasizes shared knowledge and experience, integrated learning and deep learning, and flexible pathways. The key components are:",23,5,University Policy and Transfer Credit,6.7712035,10.048023,p00008|p00019|p00022|p00251|p00029
p00034,Part 3: The Curriculum,Key Components,Divisional areas of knowledge organize the faculty and the curriculum – Natural and Applied,17,Sciences; Social Sciences; and Arts and Humanities – rather than traditional majors or departments. •,15,2,Media and Arts,5.805523,8.325976,p00265|p00029|p00061|p00299|p00065
p00035,Part 3: The Curriculum,Key Components,Mini-term courses provide a focused exposure to a single topic while enabling students to,17,move outside of their comfort zones. There are no grades for these non-credit courses. •,15,7,"Credits, Load, and Grading",7.257368,8.1416855,p00127|p00165|p00164|p00236|p00174
p00036,Part 3: The Curriculum,Key Components,Seminars of fewer than 20 students are the primary mechanism for instruction and the means,17,"by which excellence in writing, speaking and listening are nurtured, supplemented by courses in English for Academic Purposes.",18,3,Language and Communication,4.656328,11.270529,p00032|p01189|p00732|p01196|p01199
p00037,Part 3: The Curriculum,Key Components,Common Core courses required of all students focus on big questions and critical challenges.,17,Students take one per year for three years. •,9,7,"Credits, Load, and Grading",7.46084,7.894313,p00137|p00131|p00140|p00065|p00041
p00038,Part 3: The Curriculum,Key Components,"Majors that have interdisciplinary and disciplinary components, with the former serving as",17,"the entry point and primary definition of a students’ academic community and the latter providing specialized training, as well as divisional foundation courses that prepare students for advanced study and signature work that focuses on a question, problem or issue and includes independent research, a senior thesis or creative production. •",51,2,Media and Arts,5.082468,9.077033,p00058|p00030|p00062|p00066|p00031
p00039,Part 3: The Curriculum,Key Components,Electives that broaden students’ educational experience via simple distributional requirements,17,and additionally enable them either to develop greater specialized knowledge or to further increase the breadth of their study. •,20,2,Media and Arts,4.7142425,9.343005,p00066|p00064|p00027|p00031|p00214
p00040,Part 3: The Curriculum,Key Components,"Experiential learning opportunities that align the formal curriculum with practica,",17,These components are reflected in specific requirements: •,8,1,Natural Science and Computation,5.9700456,8.639114,p00267|p00092|p00318|p00264|p00058
p00041,Part 3: The Curriculum,Key Components,"General Education: 3 common core courses (12 credits), 2-4 language courses (8-16 credits)",17,"depending on proficiency, 3 electives (12 credits) as distributional requirements, and one Quantitative Reasoning course (4 credits)",17,7,"Credits, Load, and Grading",5.915048,7.988784,p00042|p00053|p00065|p00061|p00059
p00042,Part 3: The Curriculum,Key Components,"Electives: 8-13 courses (32 to 52 credits) depending on division and language proficiency,",18,which include the three electives as distributional requirements and one Quantitative Reasoning course in General Education •,17,7,"Credits, Load, and Grading",5.8007407,7.9741035,p00041|p00265|p00053|p00049|p00397
p00043,Part 3: The Curriculum,Key Components,Other requirements: 1 non-credit mini-term course and 1 Signature Work project that includes,18,"a practice-oriented Experiential Learning component (internships, civic engagement, etc.)",9,2,Media and Arts,5.6414504,9.256674,p00269|p00067|p00030|p00031|p00225
p00044,Part 3: The Curriculum,Key Components,Other requirements: 1 non-credit mini-term course and 1 Signature Work project that includes,18,"Students who complete Duke Kunshan University’s 4-year undergraduate curriculum will receive two degrees, one from Duke University and one from Duke Kunshan University. A total of 136 Duke Kunshan University credits is required for graduation with a Duke Kunshan University bachelor’s degree,1 which is equivalent to 34 Duke University course credits (1 Duke course credit is equivalent to 4 Duke Kunshan University credits). A total of 34 Duke University course credits is required for graduation with a Duke bachelor’s degree. More details on the course credit requirement are explained below in the Degree Requirement section.",95,5,University Policy and Transfer Credit,7.302578,8.7148905,p00069|p00074|p00021|p00122|p00124
p00045,Part 3: The Curriculum,Key Components,Other requirements: 1 non-credit mini-term course and 1 Signature Work project that includes,18,"1 There are additional MOE requirements for the Chinese mainland and Hong Kong, Macau, Taiwan students to obtain a Duke Kunshan University bachelor’s degree. See section on Credits Required for Degrees.",31,5,University Policy and Transfer Credit,7.2181373,8.912249,p00124|p00069|p00021|p00006|p00044
p00046,Part 3: The Curriculum,Key Components,Year 1 Year 2 Year 3 Year 4,19,a students from Chinese Mainland and HMT b optional for international students c students from HMT may substitute additional CHSC courses for military training,24,7,"Credits, Load, and Grading",7.4430394,8.503892,p01207|p00073|p00654|p00163|p00166
p00047,Part 3: The Curriculum,Degree Requirements,General Education Requirements,20,"Common Core courses provide opportunities for students to develop a degree of common knowledge and shared experiences. One dimension of this commonality is a set of core courses that focus on big questions and critical challenges with which every student should be prepared to engage. Engagement will draw from and integrate humanistic and scientific knowledge, including its historical context and cultural traditions of thought about value, the nature of reality, and what it is to be human. Such knowledge is both a means for addressing challenges and a pre-requisite for identifying what our challenges are and how we might address them. Common Core courses also provide regular instruction and guided practice in writing and speaking for non-specialist audiences. Students take these courses one per year, in sequence, so that the common experience and development of communication skills extend across time.",140,2,Media and Arts,4.542708,10.545386,p00048|p00808|p00032|p00733|p01199
p00048,Part 3: The Curriculum,Degree Requirements,General Education Requirements,20,"The three common core courses are China in the World (Year 1), Global Challenges in Science, Technology and Health (Year 2), and Ethics, Citizenship and the Examined Life (Year 3). In order to promote the common experience among the same class of students, these three common core courses must be taken during the Fall or Spring term in the designated year of study.",63,3,Language and Communication,5.473611,8.827232,p00047|p00808|p00654|p00317|p00639
p00049,Part 3: The Curriculum,Degree Requirements,General Education Requirements,20,"The distributional requirement is intended to broaden students’ educational experience and ensure that all graduates have an acquaintance with a broad variety of fields of inquiry and approaches to knowledge. Students are required to take at least one four-credit course 2 in each of the three divisional areas: arts and humanities, natural and applied sciences, and social sciences. Courses that fulfill the distribution requirement are designated by divisional area attributes. The distribution requirement cannot be fulfilled with AP or IPC credits.",81,7,"Credits, Load, and Grading",6.083887,8.00693,p00051|p00265|p00075|p00058|p00042
p00050,Part 3: The Curriculum,Degree Requirements,General Education Requirements,20,1. Courses with two divisional area attributes can be only counted as one area attribute; 2. Courses with both a Quantitative Reasoning (QR) attribute and a divisional area attribute can only be counted as one of these attributes; 3. Transfer credit from Duke or other academic institutions through study abroad or summer programs will need the review and approval from the division chair to fulfil the distributional requirement.,68,7,"Credits, Load, and Grading",6.1266465,7.902601,p00052|p00056|p00054|p00051|p00053
p00051,Part 3: The Curriculum,Degree Requirements,General Education Requirements,20,2 A student may fulfil the distribution requirement in a divisional area by taking two two-credit courses,17,7,"Credits, Load, and Grading",6.1820927,7.9294853,p00049|p00059|p00050|p00075|p00137
p00052,Part 3: The Curriculum,Degree Requirements,General Education Requirements,20,(four credits in total) with that divisional area attribute.,9,7,"Credits, Load, and Grading",6.126265,7.8875275,p00050|p00059|p00173|p01167|p00051
p00053,Part 3: The Curriculum,Degree Requirements,General Education Requirements,21,"Quantitative Reasoning Course Requirement (1 course, 4 credits)",8,7,"Credits, Load, and Grading",6.001161,7.8763885,p00041|p00054|p00042|p00265|p00050
p00054,Part 3: The Curriculum,Degree Requirements,General Education Requirements,21,"The Quantitative Reasoning (QR) requirement aims to ensure that all students graduate with critical skills in quantitative analysis and deductive reasoning. The QR requirement can be fulfilled by taking a course with the Quantitative Reasoning (QR) attribute3 or by approved transfer credit from study abroad or summer programs for computer science, mathematics, or statistics courses. Transfer credit requires the review and approval from the appropriate division chair to fulfil the distributional requirement. The QR requirement cannot be fulfilled by AP or IPC credits.",83,7,"Credits, Load, and Grading",6.0065384,7.846277,p00053|p00050|p00042|p00041|p00265
p00055,Part 3: The Curriculum,Degree Requirements,General Education Requirements,21,"One of Duke Kunshan University’s goals is for students to graduate with strong skills in multiple languages, especially English and Chinese. To this end, all students are required to take 8-16 credits of foreign language courses appropriate to their needs. Duke Kunshan University’s medium of instruction is English, so it is imperative that all students have a strong command of English. Further, the ability to produce effective academic papers and presentations in English is especially important. Students whose secondary education was not in English medium schools will generally benefit from instruction in academic English skills, and will therefore be assigned to the English for Academic Purposes (EAP) track at Duke Kunshan University and be required to take two course sequences, EAP 101A and 101B and EAP 102A and 102B. Students can further develop their academic English skills by taking elective EAP courses and/or written and oral communication (WOC) courses. Students at Duke Kunshan University should also attain a high level in Chinese, not only because Duke Kunshan University is located in China, but also because Chinese is already one of the world’s most important global languages. For this reason, students who are not required to be in the EAP track and who do not yet have a strong academic and professional command of Chinese will be assigned to a Chinese as Second Language (CSL) track, and assigned to a course appropriate to their Chinese level based on the results of a Duke Kunshan University placement examination process. All CSL-track students are required to meet two criteria: they must take at least eight credits of Chinese language courses (normally four 2-credit courses), and they must successfully complete CHINESE 202B or a higher level course. That is to say, students who begin their Chinese study in CHINESE 101A are required to take Chinese courses until they complete CHINESE 202B; students who begin studying Chinese in CHINESE 201A or a higher-level course are required to take 8 credits, starting with and including whatever level course they are placed into. After satisfying their foreign language requirement, CSL-track students are encouraged to continue developing their Chinese language skills by taking higher level elective courses in Chinese, and",362,5,University Policy and Transfer Credit,6.7603273,8.8652,p00057|p00120|p00266|p00069|p00130
p00056,Part 3: The Curriculum,Degree Requirements,General Education Requirements,21,3 Courses with more than one attribute can only be counted as one of these attributes.,16,7,"Credits, Load, and Grading",6.273194,7.918891,p00050|p01025|p00053|p00191|p00262
p00057,Part 3: The Curriculum,Degree Requirements,General Education Requirements,22,"also by designing and carrying out Chinese learning plans either on their own or with guidance and support from the Writing and Language Studio. Students who enter Duke Kunshan University with such a strong command of both English and Chinese that they can readily do academic work in both languages - and that no appropriate EAP and CSL courses are offered for them - will not be assigned to either the EAP track or the CSL track. These students can satisfy their foreign language requirement in several ways. One option is to take advanced written and oral communication (WOC) courses. (Because the content of different sections of some WOC courses differ considerably, in some cases students are allowed to take more than one WOC course of the same course number if the course content of the two courses is different.) Another option is to take courses in an additional language. More information on language placement is in the Entrance Credit and Placement sections of Part 6.",166,5,University Policy and Transfer Credit,6.654909,8.926684,p00055|p00130|p00649|p00266|p00120
p00058,Part 3: The Curriculum,Degree Requirements,"Major Requirements (16-19 courses, 64-76 credits)",22,"Majors have interdisciplinary and disciplinary components, with the former serving as the entry point and primary definition of a students’ academic community and the latter providing specialized training, as well as divisional foundation courses that prepare students for advanced study and signature work that focuses on a question, problem or issue and includes independent research, a senior thesis or creative production. Requirements for each major include Divisional Foundation Courses, Interdisciplinary Studies Courses, Disciplinary Studies Courses, Signature Work and Experiential Education. The detailed course requirements for each major are listed in Part 10: Majors and Courses. Students are responsible for meeting the requirements of a major as stated in the bulletin for the year in which they matriculated at DKU;4 however, they have the option of meeting requirements in the major changed subsequent to the students’ matriculation.",136,7,"Credits, Load, and Grading",5.590782,8.262307,p00062|p00061|p00262|p00030|p00151
p00059,Part 3: The Curriculum,Degree Requirements,"Major Requirements (16-19 courses, 64-76 credits)",22,"Divisional Foundation Courses (2 to 4 courses, 8 to 16 credits, depending on major)",14,7,"Credits, Load, and Grading",5.8472815,7.9903746,p00060|p00065|p00061|p00041|p00051
p00060,Part 3: The Curriculum,Degree Requirements,"Major Requirements (16-19 courses, 64-76 credits)",22,Divisional Foundation courses provide opportunities to develop knowledge and skills essential to advanced work in each division.,17,7,"Credits, Load, and Grading",5.8311396,7.978137,p00059|p00058|p00050|p00051|p00049
p00061,Part 3: The Curriculum,Degree Requirements,"Major Requirements (16-19 courses, 64-76 credits)",22,"Interdisciplinary Studies (4 to 7 courses, 16 to 28 credits, depending on major)",13,7,"Credits, Load, and Grading",5.7066073,8.198237,p00065|p00062|p00059|p00041|p00058
p00062,Part 3: The Curriculum,Degree Requirements,"Major Requirements (16-19 courses, 64-76 credits)",22,"Interdisciplinary courses are characterized by distinct curricular pathways spanning several traditional disciplines. These are broad but defined areas of study that encourage integrative and multidisciplinary habits of inquiry and knowledge acquisition. The interdisciplinary component of a major serves as a primary definition of the student’s academic community. It requires 4 to 7 courses and might be problem-focused, comparative and cross-cultural, or innovative fusions",63,2,Media and Arts,5.0868516,8.756218,p00061|p00030|p00058|p00031|p01187
p00063,Part 3: The Curriculum,Degree Requirements,"Major Requirements (16-19 courses, 64-76 credits)",22,4 Students in the Class of 2022 should follow the AY 2019-20 Undergraduate Bulletin because some of the courses in the original requirements may no longer exist.,27,7,"Credits, Load, and Grading",6.1480184,7.6359296,p00291|p00294|p00570|p00170|p00077
p00064,Part 3: The Curriculum,Degree Requirements,"Major Requirements (16-19 courses, 64-76 credits)",23,"within or across divisions. In the social sciences and the arts and humanities communities, students in their 3rd and/or 4th years will undertake advanced seminars that enable them to integrate their studies from more specialized areas.",36,2,Media and Arts,4.2028103,9.3496475,p01188|p00706|p01187|p00705|p00979
p00065,Part 3: The Curriculum,Degree Requirements,"Major Requirements (16-19 courses, 64-76 credits)",23,"Disciplinary Studies (4 to 8 courses, 16 to 32 credits, depending on major)",13,7,"Credits, Load, and Grading",5.8958244,8.119994,p00061|p00059|p00041|p00058|p00075
p00066,Part 3: The Curriculum,Degree Requirements,"Major Requirements (16-19 courses, 64-76 credits)",23,"Students will also develop a disciplinary study, which often will map to the tools and methods of a traditional discipline and further enable students to be competitive for graduate school or other advanced work.",34,2,Media and Arts,4.717596,9.238304,p00030|p00039|p01187|p00065|p01188
p00067,Part 3: The Curriculum,Degree Requirements,"Major Requirements (16-19 courses, 64-76 credits)",23,Signature Work and Experiential Education (8 credits and one Experiential Learning activity),12,7,"Credits, Load, and Grading",5.83151,9.099405,p00267|p00068|p00269|p00072|p00076
p00068,Part 3: The Curriculum,Degree Requirements,"Major Requirements (16-19 courses, 64-76 credits)",23,"Duke Kunshan University graduates will have experience addressing complex problems outside the classroom as well as within, developing these skills through “Signature Work”. Signature Work encourages students to seek creative alignments between curricular pathways and to engage in experiential learning that leads to the creation of knowledge and products for scholarly, private sector and public audiences. Signature Work calls for each student to identify one or more questions, problems, or issues that are of particular importance to him or herself and to society, and to investigate these through a combination of curricular and related co-curricular experiences. Students develop guided pathways, identify questions, and undertake projects early in their academic career. During the sophomore year students work with their advisors and faculty mentors to begin identifying the major questions, problems, or issues on which they would like to work, and to develop a pathway that includes three thematically linked courses drawn from students' interdisciplinary studies, disciplinary studies or electives, one or more co-curricular or experiential activities, and two capstone courses in which a student creates a substantial scholarly or creative signature product. Experiences derived from the co-curricular experiential learning component should establish, build on, solidify, or enhance academic work aligned with the Signature Work project. These experiences should help DKU undergraduate students prepare for their next steps beyond DKU. Experiential learning activities might include, but are not limited to, internships, practica, laboratory work, creative arts-based project, entrepreneurship-based project, community-based fieldwork or other civic projects. The Signature Work Project will vary across fields and disciplines, but will always include substantial scholarly writing, reflection on learning, and publicly visible results. A student's Signature Work topic will be identified by the end of the sophomore year, at the latest. In the junior and senior years, a student will create an e-portfolio that captures both the Signature Work Product a student has produced and a narrative explaining the larger inquiry informing their Signature Work Project. Further information is available in the Signature Work Guide.",329,5,University Policy and Transfer Credit,6.0114074,9.588743,p00029|p00251|p00008|p00067|p00019
p00069,Part 3: The Curriculum,Degree Requirements,Credits Required for Degree,24,"Duke Kunshan University adheres to the academic standards upheld by Duke University and the relevant requirements for graduation and degree awarding by the education administration authorities of China. All undergraduate students must meet the requirements of both Duke University and Duke Kunshan University before they can graduate and be awarded a graduation certificate and a bachelor’s degree from Duke Kunshan University, as well as a bachelor’s degree from Duke University. A total of 136 Duke Kunshan University credits is required for international students to graduate and obtain the degrees, inclusive of 34 Duke Kunshan University credits earned through courses taught or co-taught by Duke faculty (i.e. 8.5 courses; 1 course credit at Duke is equivalent to 4 Duke Kunshan University credits). The specific Chinese Society and Culture courses required by the Ministry of Education of China for Chinese students are optional for international students. Students should note that the Chinese Society and Culture courses are taught in Chinese and do not count toward the 136 credits for the Duke degree. A total of 156 (Class of 2022) or 158 (Class of 2023 and beyond) Duke Kunshan University credits is required for Chinese students to graduate and obtain the degrees, including: (1) 136 Duke Kunshan University credits required for graduation with a Duke University bachelor’s degree, inclusive of 34 Duke Kunshan University credits earned through courses taught or co-taught by Duke faculty (i.e. 8.5 courses; 1 course credit at Duke is equivalent to 4 Duke Kunshan University credits); and (2) 20 (Class of 2022) or 22 (Class of 2023 and beyond) Duke Kunshan University credits required by the education administration authorities of China. The aforementioned graduation requirements apply to all Chinese students, including those from Hong Kong, Macau, and Taiwan. The detailed explanations are as follows:",295,5,University Policy and Transfer Credit,7.160088,8.712282,p00044|p00074|p00021|p00006|p00115
p00070,Part 3: The Curriculum,Undergraduate Signature Work,Signature Product,24,Scholarly or creative product incorporating mentored scholarly research and co curricular components.,12,2,Media and Arts,4.874932,9.776096,p01129|p00068|p00862|p00216|p00214
p00071,Part 3: The Curriculum,Undergraduate Signature Work,Experiential Education,24,One or more experiential activities after year one.,8,2,Media and Arts,5.7449164,9.248041,p00067|p00043|p00037|p00269|p00223
p00072,Part 3: The Curriculum,Undergraduate Signature Work,Capstone Courses,24,Two senior capstone courses leading to signature product.,8,7,"Credits, Load, and Grading",5.8995996,9.036221,p00267|p00067|p00269|p00268|p00076
p00073,Part 3: The Curriculum,Undergraduate Signature Work,Capstone Courses,25,"Class of 2022: For students from the Chinese mainland, the credit-bearing requirements specified by the education administration authorities of China are: (1) Chinese Society and Culture courses (16 credits in total); (2) Military training (2 credits); (3) Eight half-credit physical education courses (4 credits in total, 2 of which can count toward the 136 credits for the Duke degree), and passing the physical proficiency test set by Ministry of Education of China. The total required credits is 156, inclusive of the 136 credits required for all students. Students from Hong Kong, Macau, and Taiwan must meet the same requirements as those from the Chinese mainland. However, they may substitute the military training credits with credits from specific designated Chinese studies courses, or they can voluntarily take military training to get the corresponding credits. Class of 2023 and Beyond: For students from the Chinese mainland, the credit-bearing requirements specified by the education administration authorities of China are: (1) Chinese Society and Culture courses (16 credits in total); (2) Military training (4 credits); (3) Eight half-credit physical education courses (4 credits in total, 2 of which can count toward the 136 credits for the Duke degree), and passing the physical proficiency test set by Ministry of Education of China. The total required credits is 158, inclusive of the 136 credits required for all students. Students from Hong Kong, Macau, and Taiwan must meet the same requirements as those from the Chinese mainland. However, they may substitute the military training credits with credits from specific designated Chinese studies courses, or they can voluntarily take military training to get the corresponding credits.",268,7,"Credits, Load, and Grading",7.0118046,8.269653,p00069|p00650|p00174|p00074|p00166
p00074,Part 3: The Curriculum,Undergraduate Signature Work,Course Credits,25,"Course credit at Duke Kunshan University follows the same standard as Duke University in terms of instruction hours and out-of-class study hours. Of the 136 credits required for a Duke University degree, a maximum of 8 credits passed with a D grade (D, D+, D-) can be used toward the 136 credits requirement. The 136 credits may include (1) no more than 2 credits in physical education activity courses (i.e., four half-credit activity courses); (2) no more than eight elected credits taken on a Credit/No Credit grading basis (not including courses offered only on that basis); (3) no more than 40 credits combining any allowable transfer credits including AP/IPC, transfer credits for study abroad, etc.; and (4) no more than Duke Kunshan University equivalent of 24 credits in graduate and professional school courses not listed in the Duke Kunshan University Undergraduate Programs Bulletin. These courses include all courses offered by Duke Kunshan University graduate programs, Duke schools of business, law, divinity, nursing, and all graduate courses numbered 700 and above. These courses are generally not open to undergraduates and require special permission to enroll. For limitations on transfer credit and Advanced Placement credit, see the sections on “Advanced Placement” and “Transfer of Work Taken Elsewhere” in Part 6: “Academic Procedures and Information”.",212,5,University Policy and Transfer Credit,7.24434,8.498469,p00174|p00236|p00044|p00122|p00115
p00075,Part 3: The Curriculum,Undergraduate Signature Work,Course Credits,26,"To meet the 136-credit requirement, students need to complete additional elective courses in addition to completing the General Education and Major Requirements. The curriculum is designed to enable a wide range of flexibility for students. Some may elect to use their full range of electives to go wide and broad while others may elect to dive deep into their areas of disciplinary study.",63,7,"Credits, Load, and Grading",6.3065076,7.953727,p01025|p00049|p00137|p00065|p00165
p00076,Part 3: The Curriculum,Undergraduate Signature Work,Non-Credit Mini-Term Courses,26,"Mini-term courses are intensive, non-credit, non-graded, one-week short courses. There are two types of mini-term courses: o Exploratory Courses provide a focused exposure to a single topic while enabling students to move outside of their comfort zones. These courses encourage students to explore their intellectual interests and unfamiliar academic fields and locate their passions by offering short seminar-style courses in a risk-free setting. Exploratory courses are intended for the generalist with minimal or no pre-requisites and could be academically or experientially oriented. o Signature Work Courses provide structured time for sophomores or juniors to focus on planning or research for their Signature Work project. These courses function as incubators which enable students to develop a better understanding of a particular topic or field and the strategies for narrowing their focus so as to carry out advanced work. Some Signature Work Mini-Terms require pre-requisites.",143,7,"Credits, Load, and Grading",5.8486495,9.097022,p00269|p00068|p00067|p00077|p00732
p00077,Part 3: The Curriculum,Undergraduate Signature Work,Non-Credit Mini-Term Courses,26,Mini-Term courses are offered between the two sessions of the spring term. Students in the Class of 2022 are not required to take a mini-term course but may if desired. Students in the Class of 2023 and beyond are required to take one mini-term course in order to fulfill their degree requirement. Students may enroll in additional mini-term courses as space permits. Students can take these courses any time during their four-year study at Duke Kunshan University.,77,5,University Policy and Transfer Credit,7.421522,8.244431,p00151|p00119|p00125|p00164|p00123
p00078,"Part 4: Admission, Scholarships and Financial Aid",Principles of Selection,,27,"Duke Kunshan University seeks high-caliber, diverse, and talented students with 60-70% of the student population from China, and 30-40% of students from the rest of the world. Like Duke University, academic excellence and accomplishments are important factors for admissions. In line with our own unique institutional identity, we also place a very high value on qualities such as perseverance, global-mindedness, entrepreneurialism and ability to make an impact. Applicants may be invited to attend an interview either in-person, by phone or via video conference. Strong candidates from the Chinese mainland as well as Hong Kong, Macau and Taiwan will be invited to Duke Kunshan University for a one-day campus visit including an interview and an English writing test. All interviews are conducted in English.",123,5,University Policy and Transfer Credit,6.928603,9.7434,p00251|p00004|p00006|p00008|p00045
p00079,"Part 4: Admission, Scholarships and Financial Aid",How to Apply,,27,Duke Kunshan University operates different enrollment streams according to applicants' citizenship.,11,5,University Policy and Transfer Credit,7.2154226,9.077082,p00124|p00006|p00129|p00021|p00045
p00080,"Part 4: Admission, Scholarships and Financial Aid",Application Timelines,International Students:,27,"International students (students who do not hold Chinese citizenship) will need to complete the Common Application and select a decision plan (Early Decision or Regular Decision), which determines the admissions timeline. Students may select only one decision plan and those who have selected Early Decision will not be reconsidered during the Regular Decision cycle if an admissions decision is made during the Early Decision round. Early Decision (International Students only) • Application Deadline: November 2 • Decision Notification Date: Mid-December • Acceptance of Offer: By January 5 Regular Decision (International Students) • Application Deadline: January 4 • Decision Notification Date: Mid-March • Acceptance of Offer: By May 1",108,7,"Credits, Load, and Grading",7.8197265,8.725134,p00081|p00136|p00085|p00087|p00101
p00081,"Part 4: Admission, Scholarships and Financial Aid",Application Timelines,Chinese Students:,28,"All Chinese students, including students from Hong Kong, Macau and Taiwan, applying to Duke Kunshan University must complete the application in the Slate system, and choose the Regular Decision plan for application. Regular Decision (Chinese Mainland Students) • Application Deadline: January 3 • Campus Day: March • Release of Shortlist: Early April • Gaokao: Early June • University Selection in the MOE System: Late June • Admission & Release of Offer: Early-Mid July Regular Decision (Hong Kong, Macau, Taiwan & Overseas Chinese Students) • Application Deadline: January 3 • Campus Day: March • Release of Shortlist: Early April • Pre-admission of Taiwan Students with GSAT (General Scholastic Ability Test): Early April • JEE (Joint Entrance Examination): Mid-May • University Selection in the MOE System: Mid-June • Admission & Release of Offer: Early-Mid July",133,5,University Policy and Transfer Credit,7.5630507,8.521608,p00080|p00088|p00151|p00119|p00078
p00082,"Part 4: Admission, Scholarships and Financial Aid",Application Requirements,,28,"• The Common Application form including personal essays • High School Transcript5 • External Exam results or predicted scores, if applicable (e.g. IB, WAEC, GCSE, A-Levels, etc.) • Two Teacher Recommendation Letters • Counselor Recommendation Letter • SAT or ACT exams6 • Early Decision Agreement (if applicable) • OPTIONAL: o SAT Subject Tests o TOEFL/IELTS or Duolingo for Non-Native English speakers",61,7,"Credits, Load, and Grading",6.728453,8.436677,p00086|p00088|p00120|p00118|p00731
p00083,"Part 4: Admission, Scholarships and Financial Aid",Application Requirements,,28,5 A final high school transcript will be due upon high school graduation and before enrolling at DKU.,18,5,University Policy and Transfer Credit,7.368786,8.55177,p00084|p00128|p00236|p00123|p00232
p00084,"Part 4: Admission, Scholarships and Financial Aid",Application Requirements,,28,6 Verified SAT or ACT Scores from the testing center will be due before enrolling at DKU.,17,7,"Credits, Load, and Grading",7.3488307,8.456316,p00083|p00128|p00117|p00115|p00236
p00085,"Part 4: Admission, Scholarships and Financial Aid",Application Requirements,,29,Chinese Applicants from the Chinese mainland need to submit the following:,11,4,"China, History, and Culture",7.641692,8.836475,p00087|p00081|p00120|p00080|p00046
p00086,"Part 4: Admission, Scholarships and Financial Aid",Application Requirements,,29,"• The Slate Application form including Personal essays • Mid-term and Final Grades in each term of Senior High School • A Teacher Recommendation Form • School Recommendation Form • Main honors and awards • TOEFL, IELTS, Duolinguo, or THUSSAT (optional) • Signed Consent Form • Gaokao Score (upon completion)",50,7,"Credits, Load, and Grading",6.8135095,8.425065,p00082|p00088|p00120|p00081|p00158
p00087,"Part 4: Admission, Scholarships and Financial Aid",Application Requirements,,29,"Chinese Applicants from Hong Kong, Macau Taiwan and Overseas need to submit the following:",14,5,University Policy and Transfer Credit,7.7222147,8.911253,p00085|p00081|p00045|p00078|p00195
p00088,"Part 4: Admission, Scholarships and Financial Aid",Application Requirements,,29,"• The Slate Application form including essays • Mid-term and Final Grades in each term of Senior High School • A Teacher Recommendation Form • TOEFL, IELTS or Duolingo (optional) • Test Scores o Joint Entrance Exam (JEE); or o GSAT (Taiwan applicants only) After a preliminary review, all qualified mainland applicants will be invited to attend one of the Campus Days on weekends in March. On the Campus Day, applicants will be invited to attend a series of activities, including interviews, mock classes and writing assessment.",87,7,"Credits, Load, and Grading",6.9119363,8.403072,p00086|p00082|p00081|p00120|p00118
p00089,"Part 4: Admission, Scholarships and Financial Aid",Scholarships and Financial Aid,,29,"To support a globally diverse cohort of students from a variety of backgrounds, Duke Kunshan offers both need-based and merit-based awards up to and including the cost of full-tuition. All applicants for admission are automatically considered for merit scholarships. A separate application is not required. When completing the Common or Slate Application, all applicants must indicate a “yes” in the financial aid interest box in order to be considered for need-based financial aid. International applicants must also submit the CSS Profile with their admissions application. The CSS code for Duke Kunshan University is 7059. Financial aid applicants will need to provide documentation to demonstrate that their current financial situation is a direct barrier to affording the tuition fees. For International students, need-based financial aid is reserved for applicants with a strong academic record yet a demonstrated lack of financial resources to cover tuition payments. Admission decisions are based on the overall assessment of all application materials. However, in order to best support the financial needs of all students who ultimately enroll, Duke Kunshan has a need-aware admissions process that may place some consideration on an applicant’s level of financial need in relation to available space and funds. Admitted international students who did not apply for financial aid during the admissions application phase are ineligible to apply for financial aid for any year of undergraduate study.",225,5,University Policy and Transfer Credit,7.5498238,8.919262,p00069|p00115|p00118|p00074|p00234
p00090,"Part 4: Admission, Scholarships and Financial Aid",Notification and Responses,,30,"Typically, applicants will receive the scholarship/financial aid decisions together with the admissions decisions.",13,7,"Credits, Load, and Grading",7.890924,9.105481,p00089|p00091|p00105|p00235|p00080
p00091,Part 5: Financial Information,Tuition and Fees,,31,"College is an expensive investment. Fees paid by students do not cover the full cost of an education at the University. The income from endowment and contributions from alumni and other concerned individuals help meet the balance and assure each student the opportunity to pursue an education of unusually high quality. Students are urged to give their attention first to the selection of institutions that meet their intellectual and personal needs, and then to the devising of a sound plan for meeting the cost of their education. This process will require an in-depth knowledge of both the university’s financial aid program and the resources of the student’s family. Information describing in detail the various forms of financial aid may be obtained from the Office of International Enrollment Management or the Office of China Enrollment Management.",135,7,"Credits, Load, and Grading",8.145916,9.351685,p00235|p00097|p00089|p00105|p00098
p00092,Part 5: Financial Information,Estimated Expenses,,31,"The figures in this section are projections and are subject to change. Certain basic expenditures, such as tuition and room and board are considered in preparing a student’s budget. These necessary expenditures, with a reasonable amount allotted for miscellaneous items, are shown below:",43,7,"Credits, Load, and Grading",8.236724,9.264934,p00105|p00091|p00097|p00093|p00104
p00093,Part 5: Financial Information,Estimated Expenses,UG 2021-2022 Cost of Attendance for International Students Figures are in USD 1st Year Students Fall 2021 (Kunshan) Spring (Kunshan),31,"Tuition $29,043 $29,043 Health Insurance $1,116 $0.00 Student Fees (Health Fee, Recreation Fee, etc.) $0.00 $0.00 Books & Supplies $650.00 $650.00 Residence $1,433 $1,433 Board $1,426 $1,426 International Travel $3,000 $0.00 Miscellaneous/Personal Expenses $905.00 $905.00",35,7,"Credits, Load, and Grading",8.153216,9.396373,p00096|p00234|p00097|p00103|p00094
p00094,Part 5: Financial Information,Estimated Expenses,"Total Cost of Attendance $37,573 $33,457",31,"Note: Assuming the exchange rate is 6.63, the tuition per year is about RMB385,104. The residence charge per term at Duke Kunshan University is RMB9,500 for single room and RMB7,500 for double room.",33,5,University Policy and Transfer Credit,7.7683034,9.161668,p00234|p00044|p00074|p00124|p00011
p00095,Part 5: Financial Information,Estimated Expenses,"Total Cost of Attendance $37,573 $33,457",32,"International Travel includes an estimate of the cost of one roundtrip from an international destination to Shanghai for international students, typical visa costs, and the additional health check and registration costs associated with establishing legal residence in China for non-Chinese students. Students wishing to return to their home countries during breaks in their study before the end of the year should budget additional funds for these trips.",67,4,"China, History, and Culture",8.127514,9.367716,p00097|p00091|p00227|p00100|p00461
p00096,Part 5: Financial Information,Estimated Expenses,Fall 2021 (Kunshan) Spring 2022 (Kunshan) Summer 2022 (Kunshan) *,32,"Tuition ¥ 85,000 ¥ 85,000 Social Insurance ¥ 300 - Student Fees (Health Fee, Recreation Fee, etc.) - Books & Supplies ¥ 4,310 ¥ 4,310 ¥ 200 Residence ¥ 9,500 ¥ 9,500 Board ¥ 9,450 ¥ 9,450 ¥ 4,410 Domestic Travel ¥ 1,000 ¥ 1,000 Miscellaneous/Personal Expenses ¥ 6,000 ¥ 6,000 ¥ 2,625",53,7,"Credits, Load, and Grading",8.126283,9.426145,p00093|p00234|p00100|p00097|p00094
p00097,Part 5: Financial Information,Estimated Expenses,"Total Cost of Attendance ¥ 115,560 ¥ 115,260 ¥ 7,235",32,"Note: Domestic Travel includes two return trips (RMB 1,000 each) for PRC students to go back to their hometown during breaks. Textbook fee will be charged based on actual costs. It should be noted that additional expenses incurred will depend to a large extent upon the tastes and habits of the individual. The average undergraduate student, however, can plan on a budget of approximately $71,029 for international students and ￥230,819 for Chinese students for one academic year (￥238,054 for students who take the Chinese Society and Cultural courses in the summer of 2022). These budgets represent most student living expenses except for cable, telephone, parking, travel costs, loan fees, and major clothing purchases.",113,7,"Credits, Load, and Grading",8.199654,9.380126,p00095|p00100|p00234|p00091|p00093
p00098,Part 5: Financial Information,Estimated Expenses,Enrollment Deposit,32,"International students are required to pay an enrollment deposit of USD 1,000 if they accept the admissions offer from the University. The deposit is non-refundable, but can then be used to pay tuition and fees.",35,7,"Credits, Load, and Grading",8.241913,9.274639,p00099|p00091|p00101|p00235|p00234
p00099,Part 5: Financial Information,Estimated Expenses,Campus Deposit,32,"Students shall pay a campus deposit of ￥2,000 (or USD 300) before they arrive on campus. The deposit would be used to pay for any losses and damages caused to university properties and miscellaneous charges such as residence damages, excessive cleaning, refrigerator rental, library overdue fines, damaged or lost books, replacement processing fees, etc. If the deposit is not sufficient to cover the charges, the student will be responsible for settling all outstanding amounts and replenishing their campus deposit balance to RMB 2,000 (or USD 300) after the payment due date. If the full amount of the campus deposit drops below RMB 2,000 (or USD 300), access to the student residence and library collections may be restricted. The campus deposit will be rolled over from year to year, and the balance will be refunded to the student after their graduation or withdrawal from the university.",145,7,"Credits, Load, and Grading",8.528517,8.861575,p00112|p00098|p00107|p00185|p00133
p00100,Part 5: Financial Information,Estimated Expenses,Residence Charge,33,"The residence charge for a single room is RMB 9,500 (equivalent to USD 1,433 for International students) per term; for a double room, the fee is RMB 7,500 (equivalent to USD 1,131 for International students per term). There is no additional Residence charge for students taking the required Chinese courses during the summer.",53,7,"Credits, Load, and Grading",8.210468,9.3178005,p00097|p00094|p00095|p00234|p00098
p00101,Part 5: Financial Information,Estimated Expenses,Health Insurance,33,International students are required to purchase and enroll in the Health Insurance Plan (including ISOS) from the university. It is optional for Chinese Students to purchase social insurance.,28,7,"Credits, Load, and Grading",8.105229,9.310662,p00237|p00098|p00091|p00461|p00258
p00102,Part 5: Financial Information,Estimated Expenses,Health Insurance,33,"For detailed information about insurance, please click here:",8,6,"Environment, Health, and Policy",0.80508345,7.43001,p00237|p01099|p00101|p00715|p00093
p00103,Part 5: Financial Information,Estimated Expenses,Fees for Courses,33,"Additional fees may be charged for certain physical education activities, optional study trips, lab work and applied music courses.",19,7,"Credits, Load, and Grading",8.256375,9.247961,p00093|p00237|p00234|p00105|p00108
p00104,Part 5: Financial Information,Estimated Expenses,Study Away Costs,33,"For the costs of Study Away, please see the section on Study Away in Part 8.",16,7,"Credits, Load, and Grading",7.880647,9.307141,p00231|p00235|p00230|p00234|p00264
p00105,Part 5: Financial Information,Estimated Expenses,Student Bills,33,Tuition and fees are due before the start of each term. It is the responsibility of students to pay the entire billed amount by the due date listed on the bill. Students applying for financial aid should complete that process by the assigned due date.,45,7,"Credits, Load, and Grading",8.407778,9.0500765,p00109|p00091|p00112|p00237|p00090
p00106,Part 5: Financial Information,Estimated Expenses,Student Bills,33,"Details of bills are available electronically on the Student Information System, and students will also receive bills via e-mail. Students may view up-to-date student account history on the Student Information System.",31,7,"Credits, Load, and Grading",8.194558,8.74576,p00132|p00199|p00158|p00105|p00198
p00107,Part 5: Financial Information,Estimated Expenses,Payment,33,"Students who receive the RMB bill should pay in RMB; while students who receive the USD bill should pay in USD. For detail payment instructions, please refer to the student bill.",31,7,"Credits, Load, and Grading",8.460275,9.042587,p00099|p00108|p00100|p00105|p00098
p00108,Part 5: Financial Information,Estimated Expenses,Payment,33,"Service charges are normally assessed by the sending bank. For overseas payment, the intermediary bank might also be involved in completing the wire transfer and charge service fee. Please make sure you include or pay for the service charge before initiating your wire transfer. Your student account will be credited for the actual amount received (net of fees assessed by both the sending bank and the intermediary bank).",68,7,"Credits, Load, and Grading",8.382907,9.138763,p00107|p00103|p00105|p00128|p00106
p00109,Part 5: Financial Information,Estimated Expenses,Restriction on Past Due Accounts,34,"Tuition and fees are due before the start of each term. If your account remains unpaid, you will not be allowed to register for future terms and may be administratively withdrawn from the University. As long as your account is past due, you may not have access to academic transcripts, be able to have academic credits certified, or receive a diploma at graduation. If your account remains outstanding after your departure from the University, it may be referred to a collection agency and reported to a credit bureau.",88,7,"Credits, Load, and Grading",8.529487,8.775585,p00112|p00175|p00133|p00185|p00231
p00110,Part 5: Financial Information,Refund,,34,"When students take a leave of absence, withdraw from the University, or are withdrawn by the University, an adjustment to tuition may occur, depending on the date and the reason for the withdrawal or leave of absence. If the tuition adjustment results in a credit balance, the student or parent may elect to have the balance refunded or carried forward for future terms. The University Tuition Withdrawal Adjustment policy is compliant with the Jiangsu Education Department’s regulations. The tuition withdrawal adjustment is calculated on a term basis as the tuition is charged and will be processed with all other refundable charges. The tuition withdrawal adjustments for students who take a leave of absence or withdraw from the University shall follow the following guidelines:",123,7,"Credits, Load, and Grading",8.494934,8.622893,p00112|p00186|p00185|p00135|p00187
p00111,Part 5: Financial Information,Refund,0%,34,"*From the class start date, as calculated in the Student Information System. ** The refund percentage here refers to the percentage that will be refunded out of the net tuition for the term in which the student takes a leave of absence or withdraws.",44,7,"Credits, Load, and Grading",8.594436,8.728019,p00112|p00110|p00185|p00099|p00186
p00112,Part 5: Financial Information,Refund,0%,35,"a. For students who cannot pass the physical examination within three months after the program begins, the University will refund full tuition to students. b. For students who voluntarily withdraw or take a leave of absence from the University, the University will refund according to the above schedule. c. For students who are suspended, put on involuntary leave of absence, or dismissed from the University due to violation of University policies and regulations, no refund will be granted. d. For students who are suspended or take a leave of absence from the University due to a medical condition, the University will refund according to the above schedule. The University will not charge the students during the suspension or leave period. Students need to pay for the tuition of the term when they return to the University. e. Students who voluntarily withdraw or take a leave of absence from the University will received a pro-rated refund of their housing fee, calculated based on the nightly rates. f. In the event of death, a full tuition refund is granted.",177,7,"Credits, Load, and Grading",8.616348,8.63114,p00186|p00185|p00110|p00188|p00109
p00113,Part 6: Academic Procedures and Information,Academic Integrity,,36,"All DKU students are responsible for adhering to the Duke Kunshan University Community Standard (see section on Community Standard, Part 1). Each student admitted to DKU is required to sign the Community Standard before classes begin. The DKU Community Standard stresses the commitment that students share with all members of the community to enhance the climate for honesty, fairness, respect, and accountability at DKU. Students affirm their commitment to foster this climate by signing a pledge that includes taking constructive action if they witness or know about behavior they perceive to be inconsistent with the DKU Community Standard, which may include violation of university policies. Students are responsible for maintaining high standards of academic honesty and personal integrity in all matters, including reporting the results of their studies, laboratory work, and research; completing assignments; writing papers; and taking quizzes, tests, and examinations. When confronted with a possible violation of academic integrity, it is important that faculty members deal fairly and consistently with students. The University’s disciplinary process is independent of, and in addition to, an instructor’s decision on how to grade academically dishonest work. Instructors are expected to communicate with students their policy regarding grading of an academically dishonest assignment (e.g., zero on the assignment, reduced/failing grade for the course, or other approach). An instructor may only implement this penalty if the student has accepted responsibility for academic dishonesty (by accepting the penalty) or has been found responsible for such through the proceedings of the Undergraduate Academic Review Board (UARB). Any case reviewed by the UARB shall be kept strictly confidential and only those parties involved in investigating and resolving the case should know the details of the case and its resolution. Violations of academic integrity that occur while the student is residing at Duke University or other institution (for example, during a study-abroad program) will be handled by the host institution according to the host institution’s policies, although DKU reserves the option to investigate the case and impose additional penalties if such action is deemed warranted. In the event a DKU student is suspected of an academic integrity violation at Duke University, DKU may share information regarding previous academic integrity violations that occurred at DKU. Duke University, at its discretion, may use this information in the resolution of disciplinary proceedings.",381,5,University Policy and Transfer Credit,7.9527664,8.442851,p00018|p00200|p00260|p00005|p00181
p00114,Part 6: Academic Procedures and Information,Academic Integrity,Academic Integrity: Undergraduate Program Policies,36,"Members of the faculty teaching undergraduates are expected to consult with the Dean of Undergraduate Studies regarding cases of possible academic misconduct. Minor, first-time infractions (those that would not be grounds for suspension or more severe censure if proven true) may be resolved between the faculty member and the student. The faculty member should submit a written record of the violation and how it was resolved using the Faculty-Student Resolution Form to the Dean of Undergraduate Studies or designee, who maintains a record and determines if there have been previous violations. If the student is dissatisfied with the resolution, he or she may appeal to the Dean of Undergraduate Studies or designee. Cases that are more serious, second time offenses or student appeals must be handled more formally through the Undergraduate Academic Review Board (UARB).",135,7,"Credits, Load, and Grading",8.292576,8.277528,p00201|p00200|p00204|p00202|p00146
p00115,Part 6: Academic Procedures and Information,Entrance Credit and Placement,,37,"Duke Kunshan University recognizes three types of college-level work you may have completed prior to matriculation at Duke Kunshan University: • Advanced Placement Credit (AP) • International Placement Credit (IPC) • Prematriculation College Credit Scores on the tests listed below, documented previous educational experience, and DKU placement tests are the criteria that can be used to determine a student’s qualifications for certain advanced courses. In addition, a limited amount of elective course credit may be awarded on the basis of precollege examination and/or credits earned of the three types listed above. Duke Kunshan University will record on students’ permanent Duke Kunshan University records courses of these three types completed prior to their matriculation at Duke Kunshan University. The three types of precollege work are regarded as equivalent and may be used for placement into higher-level coursework and to satisfy major requirements at Duke Kunshan University to the extent allowed by each major. Additionally, students may be granted up to 8 elective credits toward the degree requirement of 136 credits for any combination of AP, IPC or prematriculation credit. AP, IPC and prematriculation credits may not be used to satisfy the quantitative reasoning requirement or any other general education requirements. Enrollment in a course for which AP, IPC or prematriculation credit has been given will cause the AP, IPC or prematriculation credit to be forfeited. All AP, IPC and prematriculation credits that Duke Kunshan University recognizes, along with the equivalent course, will appear on the DKU transcript. The University does not recognize any AP or IPC exams that are taken after a student begins at DKU nor does it recognize equivalent exams granting degree credit (CLEP, locally administered placement tests, etc.).",280,5,University Policy and Transfer Credit,7.3826995,8.348404,p00119|p00123|p00074|p00118|p00069
p00116,Part 6: Academic Procedures and Information,Entrance Credit and Placement,Forfeiture of Precollege Credit Awarded,37,"Students who successfully complete a course at Duke Kunshan University for which they received precollege credit may not use that precollege credit or any higher precollege credit in that subject to satisfy degree requirements, but the precollege work will remain on the Duke Kunshan University transcript. A student who enrolls in a course for which precollege credit was awarded and who subsequently fails or withdraws from the course after the Drop/Add deadline will be allowed to apply the pre-college credit toward graduation requirements according to the policy governing use of such credits (see above).",94,5,University Policy and Transfer Credit,7.4334044,8.256573,p00119|p00123|p00115|p00134|p00122
p00117,Part 6: Academic Procedures and Information,Entrance Credit and Placement,College Board Advanced Placement Program (AP) Examinations,38,"Duke Kunshan University recognizes the Advanced Placement program of the College Board. A score of four or five on College Board Advanced Placement Program Examinations, taken prior to matriculation at Duke Kunshan, is the basis for consideration of placement in advanced courses. Approval of the faculty and the corresponding division chair or the Director of the LCC is required before final placement is made. Scores must be submitted directly from the appropriate testing service to the Office of the University Registrar.",81,5,University Policy and Transfer Credit,7.256733,8.339969,p00121|p00115|p00118|p00119|p00123
p00118,Part 6: Academic Procedures and Information,Entrance Credit and Placement,International Placement Credit (IPC),38,"Duke Kunshan University recognizes the International Baccalaureate Program; the French Baccalaureate; the British, Hong Kong, or Singapore A Level Examinations; the Cambridge pre-U; the Caribbean Advance Proficiency Examination; the German Abitur; the Swiss Federal Maturity Certificate; the All India Senior School Certificate Examination; the Indian School Certificate examination; and the Israeli Matriculation Certificate. Scores acceptable for consideration are determined by the faculty and evaluated by the Office of the Registrar. Course equivalents for these programs may be recorded on a student’s permanent Duke Kunshan University record for placement and credit according to the same policy governing use of AP (see above). These credits may be used to satisfy the quantitative reasoning requirement but not other general education requirements; any combination of two IPC or AP courses may be used toward the required 136 credits for graduation.",136,5,University Policy and Transfer Credit,7.243012,8.463316,p00115|p00119|p00123|p00069|p00117
p00119,Part 6: Academic Procedures and Information,Entrance Credit and Placement,Prematriculation Credit,38,"First-year Duke Kunshan students may submit for evaluation college courses taken at another accredited college or university after commencement of the student’s junior year of high school. (For details concerning transferring this work, see the section “Work Taken During High School.”) Prematriculation credits awarded for such work may be used as electives and, thus, may not be used to satisfy the general education requirements. Any combination of eight prematriculation, IPC, or AP credits may be used toward the 136 credits required for graduation (credits do not have to be designated by the student). No prematriculation credit will be awarded for college coursework completed on a study abroad program undertaken prior to matriculation at Duke Kunshan. For any of the above three types of college-level work, students are expected to submit their scores and/or any other required documents during their first term on campus. After the first term, no entrance credits will be accepted.",153,5,University Policy and Transfer Credit,7.401024,8.278808,p00123|p00115|p00116|p00118|p00165
p00120,Part 6: Academic Procedures and Information,Entrance Credit and Placement,Placement in Languages,38,"Entering students who attended Chinese high schools where English is normally not the medium of instruction will typically be assigned to the English for Academic Purposes (EAP) track. The written and oral English skills of EAP track applicants will be assessed during the application process, and applicants will need to demonstrate strong written and oral English skills in order to be admitted to Duke Kunshan University. In cases where students assigned to the EAP track feel they should be assigned to another track, they may make a request in writing to the Director of the Language and Culture Center. Standardized test scores such as TOEFL, IELTS, SAT, and ACT can be included as supporting evidence in the request. However, the key question is whether or not students have had substantial training in academic English, especially training in writing papers in English, and so the request should provide evidence of such training. (Passing scores on tests such as TOEFL and IELTS are not, in and of themselves, sufficient evidence of adequate academic English skills such as the ability to write course papers in English, give effective presentations in English, and so forth.) Entering International students who attended high schools where English was the medium of instruction will normally be assigned to the Chinese as a Second Language (CSL) track. During orientation at Duke Kunshan University, the Chinese skills of CSL track students will be assessed through a placement process that includes an interview, and they will be assigned to appropriate Chinese courses based on the results. In cases where students assigned to the CSL track feel they should be assigned to another track, they may make a request in writing to the Director of the Language and Culture Center. CSL-track students who are placed above CHIN 402 normally satisfy their language requirement by taking eight credits of advanced Chinese course electives above the CHIN 402 level. International students who demonstrate that they already have a full academic/professional command of Chinese can fulfill their language requirement by taking eight credits of a combination of the following kinds of courses: • Advanced Chinese courses covering areas where there is still room for improvement (e.g. Classical Chinese); • Additional languages (e.g. French, Japanese); • Advanced written and oral communication (WOC) courses.",377,3,Language and Communication,6.7228518,8.784054,p00055|p00266|p00057|p00130|p00732
p00121,Part 6: Academic Procedures and Information,Entrance Credit and Placement,Other Placement Tests,39,"Duke Kunshan University may offer additional placement tests in selected subjects for incoming students. Such tests will generally be offered during orientation, although some might be available online during the summer preceding matriculation. Students may be allowed to register for designated advanced courses based upon their scores on these tests. However, placement test results do not carry any academic credit. Placement tests give placement based on formal coursework taken prior to matriculation at Duke Kunshan and may not be taken by upper class students.",84,5,University Policy and Transfer Credit,7.3173127,8.46482,p00117|p00115|p00021|p00119|p00118
p00122,Part 6: Academic Procedures and Information,Transfer of Work Taken Elsewhere,,39,"A Duke Kunshan University student may receive credit for a maximum of 40 credits taken elsewhere, through a combination of AP/IPC credit or approved transfer or study away credit. Of those 40 credits, a maximum of 8 may be from AP/IPC/prematriculation credits (see section on Entrance Credit and Placement) prior to matriculation, and a maximum of 8 may be from coursework undertaken while on voluntary leave of absence for personal or medical reasons. No credit will be accepted for coursework taken while a Duke Kunshan University student is withdrawn, suspended, or on involuntary leave of absence.",96,5,University Policy and Transfer Credit,7.462523,8.547353,p00074|p00125|p00236|p00044|p00119
p00123,Part 6: Academic Procedures and Information,Transfer of Work Taken Elsewhere,Work Taken During High School,40,"College-level courses taken elsewhere prior to matriculation at Duke Kunshan may be considered for prematriculation credit provided they meet each of the following criteria: were taken after the commencement of the junior year of high school and yielded a grade of B- or better, not used to meet high school diploma requirements, taken on the college campus, taken in competition with degree candidates of the college, taught by a regular member of the college faculty, offered as part of the regular curriculum of the college, and not taken on a study abroad program completed prior to matriculation at Duke Kunshan. Formal review of courses meeting these criteria will proceed after an official transcript of all college courses taken and documentation pertaining to these criteria are received by the university registrar. (See also the section on entrance credit in this chapter for a discussion of the number of prematriculation credits that can transfer and how they may be used at Duke Kunshan.)",161,5,University Policy and Transfer Credit,7.3092475,8.381017,p00119|p00115|p00116|p00118|p00236
p00124,Part 6: Academic Procedures and Information,Transfer of Work Taken Elsewhere,Work Taken After Matriculation at Duke Kunshan University,40,All coursework undertaken after matriculation as a full-time degree-seeking student at Duke Kunshan University must be at another accredited four-year institution in the United States or similarly accredited institution abroad and with a liberal arts and general education curriculum.,39,5,University Policy and Transfer Credit,7.20939,8.870772,p00021|p00044|p00006|p00069|p00045
p00125,Part 6: Academic Procedures and Information,Transfer of Work Taken Elsewhere,Work Taken After Matriculation at Duke Kunshan University,40,"Duke Kunshan University students may study away for a fall or spring term and/or during the summer, either at Duke University or on a Duke Kunshan University-approved program sponsored by another university. In no instance may a student transfer more than 40 credits when combining study abroad, the allowable number of independent transfer courses, and AP/IPC credit. Courses taken at other institutions could count toward the major if approved by the relevant academic unit. However, specific majors may place limits on the types of courses taken at Duke or other universities that can be counted toward the major.",98,5,University Policy and Transfer Credit,7.4563174,8.591794,p00122|p00074|p00236|p00129|p00044
p00126,Part 6: Academic Procedures and Information,Transfer of Work Taken Elsewhere,Work Taken After Matriculation at Duke Kunshan University,40,For courses taken at Duke University: All grades earned at Duke University are entered on the official record at Duke Kunshan University and are used in determining the grade point average. Courses taken at Duke University with CR/NC grading or the equivalent are accepted for transfer credit (See more information in the section on Credit/No Credit (CR/NC) Grading System).,59,5,University Policy and Transfer Credit,7.250525,8.259937,p00127|p00236|p00191|p00074|p00174
p00127,Part 6: Academic Procedures and Information,Transfer of Work Taken Elsewhere,Work Taken After Matriculation at Duke Kunshan University,40,"For courses taken at universities other than Duke University: Only those courses taken in which grades of C- or better have been earned are acceptable for transfer credit; courses taken at other institutions with CR/NC grading or the equivalent are not accepted for transfer credit. All other courses approved for transfer are listed on the student’s permanent record at Duke Kunshan University, but grades earned are not recorded or used in determining the grade point average.",76,5,University Policy and Transfer Credit,7.2830157,8.364261,p00126|p00236|p00129|p00128|p00074
p00128,Part 6: Academic Procedures and Information,Transfer of Work Taken Elsewhere,Work Taken After Matriculation at Duke Kunshan University,41,"Credit transfer is awarded by the Office of the Registrar, based upon recommendation of the faculty and outcome of the Host-DKU Credit Transfer Approval review process coordinated through the Office of Global Education. Courses may be determined to be: approved as fully equivalent to a DKU course; approved to fulfill a thematic area major requirement at DKU; approved as a general elective; or, denied eligibility for credit transfer. Courses approved for credit transfer at Duke Kunshan University may be given a 100 to 300 number, lower to upper level. Once the limit of transferred credit has been reached, no additional transferred work will be displayed on the record or used as a substitute for a previously transferred course. Further information is available from the Office of Global Education.",128,5,University Policy and Transfer Credit,7.470687,8.962754,p00129|p00236|p00127|p00230|p00232
p00129,Part 6: Academic Procedures and Information,Transfer of Work Taken Elsewhere,Work Taken After Matriculation at Duke Kunshan University,41,"Approval forms for Duke Kunshan University students taking courses at institutions other than Duke Kunshan University and Duke University may be obtained online or from the Office of Global Education. Students wishing to transfer credit for study at another accredited college or university while on leave, on a DKU-approved study abroad program, or during the summer must complete and receive approval through published credit-transfer review processes. No credit will be accepted for coursework taken while a Duke Kunshan University student is withdrawn, suspended, or on involuntary leave of absence.",89,5,University Policy and Transfer Credit,7.5403204,8.893478,p00236|p00128|p00230|p00125|p00122
p00130,Part 6: Academic Procedures and Information,Transfer of Work Taken Elsewhere,Transfer Credit for Foreign Language,41,"The same rules that apply to the transferring of courses to meet other curriculum requirements apply to foreign language courses. Foreign language courses taken elsewhere and approved for transfer as credit to Duke Kunshan University may be considered in language placement, but students will still be asked to go through Duke Kunshan University’s Chinese language placement process in order to ensure that they are placed into the most appropriate Duke Kunshan University course for their proficiency level.",77,5,University Policy and Transfer Credit,6.9167256,8.781019,p00057|p00055|p00127|p00236|p00125
p00131,Part 6: Academic Procedures and Information,Time Limit for Completing Undergraduate Degree,,41,"Undergraduates at Duke Kunshan University are expected to complete the bachelor’s degree in eight terms of enrollment. This period may be extended with approval from the Office of Undergraduate Studies for legitimate reasons, but the maximum length should not exceed six years, including the time taken for leave of absence. For students who are taking a leave of absence for military service reasons, the maximum length could be further extended by two years.",73,5,University Policy and Transfer Credit,7.5916834,8.626629,p00124|p00122|p00187|p00190|p00074
p00132,Part 6: Academic Procedures and Information,Registration,,41,"Students are expected to register at specified times for each successive term. Prior to registration each student receives instructions via e-mail. Students prepare a course plan via the Student Information System, and should discuss it at an appointed time with their academic advisor prior to registration.",46,7,"Credits, Load, and Grading",8.023732,8.543822,p00106|p00151|p00158|p00199|p00732
p00133,Part 6: Academic Procedures and Information,Registration,,42,"Those students who have not paid any fees owed to or fines imposed by the university (such as student residence fines, library fines, and other possible fines) by the date specified for registration for the following term will not be permitted to register for the following term until such fees and fines have been paid in full, notwithstanding the fact that the student may have paid in full the tuition for the following term. Students who, for any reason, fail to register for the fall or spring term are placed on involuntary administrative leave of absence and must apply for reinstatement if they wish to return. The deadlines to file return applications, including all required supporting materials, are 5:00 p.m. May 1 (BJT) for Fall or Summer Term and 5:00 p.m. October 15 (BJT) for Spring Term. Late or incomplete applications will not be accepted.",145,7,"Credits, Load, and Grading",8.640036,8.532514,p00185|p00112|p00135|p00109|p00184
p00134,Part 6: Academic Procedures and Information,Registration,Course Changes after Classes Begin in the Fall and Spring Terms (Class Drop/Add),42,"Students may drop and add courses during the Drop/Add period at their own discretion. Courses dropped during this period do not appear on the official Duke Kunshan transcript. After the Drop/Add period, no course may be added; also, a course may not be changed to or from the audit basis. A student may elect to change the grading basis to Credit/No Credit following the deadlines outlined in the section on Credit/No Credit Grading System.",74,5,University Policy and Transfer Credit,7.585117,8.154439,p00164|p00165|p00236|p00116|p00119
p00135,Part 6: Academic Procedures and Information,Registration,Withdrawal from a Course,42,"Withdrawing from a course differs from dropping a course. Students drop the course themselves during the Drop/Add period, and the course does not appear on their official transcript. To withdraw from a course after the Drop/Add period, the student must obtain permission from his or her academic advisor. After the Drop/Add period, students permitted to withdraw from a course receive a designation of W for that course on their academic record. The deadline for requesting withdrawal from a course in a fall/spring term is four weeks prior to the last day of classes for fourteen-week courses and two weeks prior to the last day of classes for seven-week courses. The deadline applies to course withdrawals for any reason other than medical. Coursework discontinued without the advisor’s permission will result in a grade of F. Withdrawing from a course is permitted in multiple fall/spring terms, as long as a student maintains a course load of at least 16 credits. Withdrawing from a course to an underload (fewer than 16 credits) is generally permitted only once in a fall or spring term. However, a student may begin another term in an underload with certain restrictions (see below). A student may also be permitted to withdraw to an underload more than once if there are significant medical reasons (see below). Students are cautioned that taking an underload may result in a delayed graduation date. (See section on Satisfactory Performance Each Term (Term Credit Requirements).) If a student notes errors in his/her course schedule, he/she should immediately consult with his/her advisor during the one-week schedule correction period that occurs immediately after Drop/Add ends.",269,7,"Credits, Load, and Grading",8.646592,8.427868,p00141|p00185|p00188|p00140|p00142
p00136,Part 6: Academic Procedures and Information,Registration,Course Changes for the Summer Terms,43,Summer Terms are structured for first-year Chinese students to take courses to meet the MOE requirements. First-year students who wish to delay taking the required Chinese courses must submit a petition form to the Office of the Registrar. The deadline for withdrawal from a course will be two weeks prior to the last day of classes for summer term courses. All course changes need to be approved by the student’s academic advisor and processed by the Office of the Registrar.,80,7,"Credits, Load, and Grading",8.010956,8.343296,p01205|p00135|p01207|p00081|p01201
p00137,Part 6: Academic Procedures and Information,Undergraduate Course Load,,43,"Students are reminded that it is their responsibility to be certain that their course load conforms with academic requirements. In fall and spring terms, the normal course load is 16-20 credits (8-10 credits in each 7-week session). In addition, students may enroll in up to one credit of PE courses without special permission from their advisor. In the first 7-week session of their first term, first year students are restricted to a maximum of 8 credits (one four-credit course, one two-credit language course, and one additional two-credit course), plus one PE course. The maximum number of credits a student can take in any subsequent 7-week session without special permission is 10 (two 4-credit courses and one 2-credit course) plus one PE course. Students should note that in order to reach the 136 credits required for graduation, they will need 8 additional credits beyond the minimum course load of 16 credits per term for eight terms. These additional credits can be earned by any combination of terms in which a student registers for greater than the 16-credit minimum, AP and IPC credits, or transfer credits. Students who enroll in or withdraw to an underload, earn a failing grade (F or NC), or repeat a course in any term should work with their academic advisor to develop a plan to make up credits in order to avoid a delayed graduation date. Students studying abroad at other institutions may be subject to that institution’s policies.",242,7,"Credits, Load, and Grading",7.6322217,7.5535445,p00138|p00139|p00175|p00140|p00143
p00138,Part 6: Academic Procedures and Information,Undergraduate Course Load,Students on Academic Probation,43,Students on academic probation may register for no more than 16 credits plus one PE course during the term of probation. The Dean of Undergraduate Studies may also limit the course load for a student who has previously received an academic warning. Students on academic probation are expected to remain in a full course load during the term of probation and will be permitted to withdraw to an underload only in extenuating circumstances.,73,7,"Credits, Load, and Grading",7.969551,7.5257645,p00183|p00137|p00139|p00143|p00140
p00139,Part 6: Academic Procedures and Information,Undergraduate Course Load,Overload,43,"Only in exceptional cases and with special permission of both the academic advisor and the Dean of Undergraduate Studies or designee, could a student enroll in an overload (defined as more than 10 credits in a 7-week session or more than 20 credits in a term, exclusive of PE), up to a maximum of 24 credits. In determining whether to approve an overload, the academic advisor and the Dean of Undergraduate Studies will carefully consider the student’s academic history, including grades and the number of courses taken in the past. Students should not count on an overload later to compensate for a previous underload.",104,7,"Credits, Load, and Grading",7.8186812,7.4885197,p00137|p00140|p00138|p00175|p00143
p00140,Part 6: Academic Procedures and Information,Undergraduate Course Load,Underload,44,"Two categories of underloads (defined as a course load between 12 and 15 credits, exclusive of PE credits) may be authorized: withdrawal to underload and enrollment to underload. With the exception of medical, the maximum number of underloads under any circumstances (withdrawal or enrollment to an underload) is two terms. Students may make a request to their advisors to enroll in an underload up to twice during their time at Duke Kunshan University. A student may withdraw to an underload only once during their undergraduate career, although medical withdrawals are not counted in this number. Thus, there are only two possible enrollment patterns involving two underloads: • One withdrawal to an underload plus one enrollment in an underload, or • Two enrollments in an underload Students should take note that an underload may affect a student’s scholarship or ability to graduate on time; 8 additional credits above the minimum of 16 per term are needed in order to meet the 136 credits requirement for graduation. Students should not count on an overload later to compensate for a previous underload. Students taking an underload will be ineligible for the Dean’s list and the Dean’s List with Distinction during that term. Each term, the Office of the Registrar will review all students with an enrollment under 16 credits. Students in an unauthorized underload may be placed on involuntary administrative leave of absence and have to apply for reinstatement if they wish to return. (See section on Leave of Absence.) Seniors needing only 3 courses to graduate may request an underload for their last. Seniors who anticipate that they will need fewer than 3 courses to graduate must apply before the first day of classes in the last term for part-time degree status (11 or fewer credits, exclusive of PE), which is not affected by or a part of the underload enrollment policy described here.",312,7,"Credits, Load, and Grading",7.920278,7.8173676,p00143|p00141|p00139|p00135|p00137
p00141,Part 6: Academic Procedures and Information,Undergraduate Course Load,Withdrawal to an Underload,44,"During the term, upon recommendation from the academic advisor, the Dean of Undergraduate Studies may permit a student “for compelling reasons” to withdraw from a normal course load to an underload. Such a withdrawal to an underload is possible only prior to the final four weeks of classes for 14-week long courses and the final two weeks of classes for 7-week long courses. Students are permitted to withdraw to an underload only once in their academic career. The only exception to this policy is when a student is granted special permission to withdraw from a course to an underload for medical reasons (See Medical Withdrawal from a Course) Withdrawal from a course in the summer is not subject to the underload policy.",122,7,"Credits, Load, and Grading",8.5730915,8.323866,p00135|p00140|p00188|p00185|p00139
p00142,Part 6: Academic Procedures and Information,Undergraduate Course Load,Medical Withdrawal from a Course,44,"A student who experiences medical problems that seriously interfere with their ability to meet their academic responsibilities should schedule an appointment with their advisor as soon as possible to discuss all of their options. Depending on how debilitating the medical situation is, and when in the term the health concerns emerge, it may be the case that other types of relief, such as an incomplete or a medical leave of absence, are more appropriate than medical withdrawal from a course. The decision whether to approve a course withdrawal for medical reasons is an administrative one to be made by the Dean of Undergraduate Studies or designee, informed by the opinion of the student’s attending health care provider but not driven by it. Beyond information provided by the health care professional, the Dean of designee will take into account all that is known about the student’s situation at Duke Kunshan, including such factors as medical history, use of resources in the past, compliance with medical expectations, how the student has conducted their academic responsibilities in courses to date, and other such indicators that the student has been managing their condition and academic affairs in responsible ways. Medical course withdrawals are subject to the same deadline as all other course withdrawals. Likewise, such courses receive a designation of W on the student’s academic record. Students deemed eligible to take a medical Leave of Absence (See Leave of Absence) after the regular course withdrawal deadline will have the option, upon obtaining the appropriate approvals from the instructor, to choose to receive the grade of I in one or more courses instead of the W grade. The student may then complete the course as described in the section on Incomplete Coursework.",287,7,"Credits, Load, and Grading",8.57596,8.533467,p00188|p00185|p00187|p00141|p00135
p00143,Part 6: Academic Procedures and Information,Undergraduate Course Load,Enrollment in an Underload,45,"Under certain specific circumstances, students with a strong academic record may start a term enrolled in an underload of between 12 and 15 credits (exclusive of PE). This is permitted a maximum of two times in a student’s academic career and requires approval of both the academic advisor and the Dean of Undergraduate Studies. To enroll in an underload, a student must meet the following minimum criteria for eligibility: • Have a declared major • Have a GPA of at least 3.0 and not be on academic probation • Be enrolled on campus at Duke Kunshan – enrolling in an underload is not permitted when you are studying abroad or otherwise away from Duke Kunshan • For a first underload term: have already passed at least 64 credits • For a second underload term, have passed at least 84 credits prior to the 6th term or 104 credits prior to the 7th term, or 124 prior to the 8th term (including AP, IPC, and transfer credits When considering whether to enroll in an underload, students should note that they: • will be ineligible for the Dean’s list and the Dean’s List with Distinction during that term; • may not withdraw from a course during the underload term; • must pass at least 12 course credits in order to meet term continuation requirements; and • may need to make up credits (e.g., in summer or in future terms) to stay on track for graduation. Students should also consider whether enrollment in an underload might affect their: • scholarship or financial aid – check the conditions of your award;",267,5,University Policy and Transfer Credit,7.8512135,7.887811,p00140|p00119|p00164|p00074|p00165
p00144,Part 6: Academic Procedures and Information,Undergraduate Course Load,Enrollment in an Underload,46,• subsequent application to graduate or professional school – consult a graduate or professional school advisor.,16,7,"Credits, Load, and Grading",5.433872,9.915327,p00223|p00218|p00215|p00216|p00209
p00145,Part 6: Academic Procedures and Information,Eligibility for Courses,,46,"Students are responsible for ensuring that they have the stated prerequisites for a course. Students must check the course description to determine if they have taken the necessary prerequisites before enrolling in the course. As pre-requisites may get revised periodically, the most up-to-date information about course eligibility is provided in DKU Hub. Students may direct additional questions about course sequencing to their advisors, the Office of Undergraduate Advising, or the appropriate major coordinator. In certain subjects, such as the sciences, mathematics, and the foreign languages (particularly at the introductory and intermediate levels), some lower level courses must be taken in sequence because the content presented at one level is necessary for successful work at the next level. Given this circumstance, it follows that students who complete a higher level course in a sequence may not subsequently enroll in a lower one that is a prerequisite for the higher course in that sequence. For example, a student cannot take Chinese 101 after having successfully completed Chinese 102. Students earning a C- or below in a course that is a prerequisite for another course should consult with their academic advisor and/or the course instructor before enrolling in the subsequent course in the sequence. Students may not register for two courses officially listed as meeting at the same time. First-year students may only enroll in 300- to 400-level courses with instructor consent. Juniors and seniors may enroll in 500- to 600-level (graduate-level, open to advanced undergraduates) courses. Sophomores wishing to enroll in a 500- to 600-level course must secure permission of the instructor of the course and of their advisors. Undergraduates are normally not allowed to enroll in 700- to 900-level courses. Under exceptional circumstances, however, permission to do so may be granted to a junior or senior, provided the instructor, the Director of Graduate Studies in the corresponding program and their advisors give their signed permission. Seniors who, at the beginning of the final term, lack no more than 12 credits toward the fulfillment of the requirements for the bachelor’s degree may enroll in graduate courses, for a maximum course load of 20 credits.",352,7,"Credits, Load, and Grading",6.985368,8.147136,p00166|p00151|p00123|p00058|p00116
p00146,Part 6: Academic Procedures and Information,Course Repeat,,46,"Students are permitted to repeat courses they’ve taken at Duke Kunshan University in which they have received a grade of C- or below. A course may be repeated only at Duke Kunshan University, although in rare cases and only by petition to the Dean of Undergraduate Studies or designee, a student might be permitted to repeat a Duke Kunshan course at Duke University or repeat a Duke University course at Duke Kunshan University. Such requests will only be considered if there is an equivalent course offered at both universities. Students who failed a course need permission from their academic advisor before registering for the same course a second time. Students who received a passing grade (C-, D+, D, D-) for a course but who wish to repeat it to improve that grade and their GPA may do so only with permission from both their academic advisor and the Dean of Undergraduate Studies or designee. A student may NOT repeat a course for which the grade of record is CR, regardless of what the original grade was. The student should appeal in writing to their academic advisor, who will make a recommendation to the Dean of Undergraduate Studies, whose decision is final. The grade earned in the repeated course as well as the grade earned originally appear on the transcript, the former identified as a repeat; both grades count in the grade point average, but the credit for only one counts toward the required number of courses for term credit requirements and the 136 credits required for graduation. A student may not use a CR/NC option on a course being taken for a second (or more) time. (See section on Credit/No Credit (CR/NC) Grading System.) A student may not repeat a course after having passed another course for which the original course is a specific prerequisite. Except in the rare case of a successful petition to repeat a DKU course at Duke or a Duke course at DKU, a student may not substitute a different course or a course taken at another institution for a repeat of a course taken at Duke Kunshan University. If a student repeats a course at another institution, the credits will not transfer; the previous DKU grade will not change and will remain in the student's GPA calculation. A course taken at another institution with a grade of C- or above and not transferred to Duke Kunshan University may not be repeated at Duke Kunshan University. If it is determined such a course has been taken elsewhere and repeated at Duke Kunshan University, the Duke Kunshan University course will be removed from the academic record. A course previously passed at another educational institution, however, may be audited at Duke Kunshan University. If the student wishes to repeat a course for a second time, that individual must submit an appeal in writing to their assigned academic advisor explaining the purpose of repeating the course and outlining a plan of study, including a plan to seek help from either the professor and/or the Academic Resource Center to demonstrate intention to improve their chance of passing the course. The advisor will make a recommendation to the Dean of Undergraduate Studies or designee, whose decision whether or not to grant permission is final. The course will count only once towards the 136 credits required for graduation and for fulfillment of term credit requirements. Certain courses as designated in the course description (such as Research Independent Study, certain WOC courses, and applied music courses) may be repeated for credit without special permission.",591,5,University Policy and Transfer Credit,7.6130586,8.106357,p00165|p00164|p00191|p00236|p00021
p00147,Part 6: Academic Procedures and Information,Course Audit,,47,"With the written consent of the instructor and permission of the academic advisor, a full-time degree student is allowed to audit one or more courses in addition to the normal program. An audited course counts as part of the course load (see section on Undergraduate Course Load). Students who audit a course submit no daily work and take no examinations, but are expected to attend class sessions. They do not receive credit for the course, but the audited course will appear on the transcript. Students must register for audited courses by submitting a signed course audit form to the Office of the University Registrar. The prohibition against registering for two courses meeting at the same time applies. After the Drop/Add period in any term, no student classified as an auditor in a particular course may take the course for credit, and no student taking a course for credit may be reclassified as an auditor. Physical education activity, studio art, applied music, and dance technique/performance courses may not be audited. A student may not repeat for credit any course previously audited. Undergraduates who have been dismissed, suspended, or placed on leave of absence may not audit or enroll in a course for credit at Duke Kunshan University.",206,5,University Policy and Transfer Credit,7.5281067,8.0892,p00134|p00236|p00164|p00165|p00074
p00148,Part 6: Academic Procedures and Information,Two-Credit Writing Courses,,48,"First-year students are encouraged to take a 2-credit writing course (W) during their first session at DKU. The primary goal of the 2-credit writing courses is to give students a chance to practice and develop their writing skills (e.g. stating positions clearly, explaining ideas well, supporting arguments) through studying and then writing about an interesting topic. Writing assignments include any kind of expository writing that fits the subject matter of the course (e.g. position papers, argument papers, policy briefs, critiques, summaries, reports, editorials, literature reviews). These courses will require weekly writing assignments and student writing will be the main factor in the course grade. Students will also learn citation practices and how to find and evaluate references for their writing.",120,7,"Credits, Load, and Grading",4.5204554,10.950211,p01189|p01198|p00165|p00732|p00128
p00149,Part 6: Academic Procedures and Information,Independent Studies,,48,"Independent study enables a student to pursue for course credit individual interests under the supervision of a faculty member. Independent study is of two types: Independent Study (non research) and Research Independent Study. Both require approval of the instructor involved as well as the advisors and the appropriate division chair or Director of the Language and Culture Center; student-faculty meetings at least once a week for a 7-week course or once every two weeks for a 14 week course; completion of a final product during the term for which a student is registered for the course; and evaluation by the instructor of the work, including the final product, associated with the independent study. Courses entitled Independent Study or INDSTU are individual non-research directed study in a field of special interest on a previously approved topic taken under the supervision of a faculty member and resulting in an academic and/or artistic product. Courses entitled Research Independent Study or RINDSTU are individual research in a field of special interest under the supervision of a faculty member, the central goal of which is a substantive paper or written report containing significant analysis and interpretation of a previously approved topic. Research Independent Study courses may be repeated for credit. Students may not do a Research Independent Study related to their Signature Work topic in the same term in which they are registered for a capstone course.",232,7,"Credits, Load, and Grading",5.08646,11.504709,p01184|p01182|p00739|p00862|p00649
p00150,Part 6: Academic Procedures and Information,Submission of Term Paper,,49,Students who wish (under unusual circumstances) to submit a single paper for credit in more than one course must receive prior written permission from each course instructor. The student must indicate the multiple submission on the title page of the paper.,41,7,"Credits, Load, and Grading",6.4605036,8.186395,p00051|p00148|p00137|p00075|p00116
p00151,Part 6: Academic Procedures and Information,Declaration of Major,,49,"All undergraduate students enter Duke Kunshan University without a major and are assigned an academic advisor. When preparing to declare a major in the sophomore year, students work with their advisors, and potentially others who have advised them, to develop a long-range academic plan. This plan lays out the courses they anticipate taking in their remaining terms and is reviewed by their advisor to confirm that it will meet established requirements for graduation. Although students may declare a major as early as the beginning of fall term of the sophomore year, all students must secure formal approval of their long-range plans and declare a major no later than the last teaching day of the first seven-week session in their fourth term. Until then, students should be exploring different options of majors to ensure that they are making the best choice for themselves. Students who do not declare their major may be prevented from registering for classes for their fifth undergraduate term and from participating in a term or study abroad program. Students who have declared a major and wish to change it may do so by submitting a form to the Office of the University Registrar. No changes in majors can be made after the end of the Drop/Add period of the first session of the spring term in the senior year. Students receive three confirmations of their graduation: a Duke University diploma (issued by Duke University), a Duke Kunshan University diploma (from the Ministry of Education of the PRC), and a Duke Kunshan University graduation certificate (from the Ministry of Education of the PRC).",265,5,University Policy and Transfer Credit,7.733289,8.237272,p00119|p00164|p00077|p00125|p00143
p00152,Part 6: Academic Procedures and Information,Class Attendance and Missed Work,,49,"Responsibility for class attendance rests with individual students, and since regular and punctual class attendance is expected, students must accept the consequences of failure to attend. Instructors who are concerned about a student’s attendance should first reach out to the student. If in their opinion, the student absence is excessive, instructors may contact the student's academic advisor and/or the Office of Undergraduate Advising. Missed work associated with absence from class is accommodated in two circumstances: 1) illness or other extraordinary personal circumstance, and 2) religious observance. Missed work associated with any other absence is not covered by this policy. In courses where a defined number of absences is permitted, students should make judicious use of them and save them for unavoidable circumstances. Students are encouraged to discuss any absence, planned or unexpected, with their instructor to determine whether accommodation is possible. The nature of the accommodation, if any, is to be determined by the faculty member in accordance with their attendance policy as outlined in the course syllabus. It should be noted that personal travel arrangements, including before or after school breaks, are not an excuse for missed work or class absences; students are advised to consult the syllabus when making such arrangements to avoid missing class or graded work. If a student will miss 2 or more consecutive instructional days due to illness, s/he should obtain official documentation from either Campus Health Services/Counseling and Psychological Services or from an external health care provider. The Campus Health Services/Counseling and Psychological Services will work with the Dean of Undergraduate Studies or designee to coordinate with the student’s instructors and academic advisor to support the student. Absences of a single day or less due to illness are generally handled directly between the student and faculty.",293,7,"Credits, Load, and Grading",8.57256,8.341097,p00188|p00207|p00187|p00154|p00205
p00153,Part 6: Academic Procedures and Information,Class Scheduling,,50,"Class times are officially scheduled at registration unless designated “to be arranged” (TBA). After registration begins, no class time may be changed without prior permission of the Registrar’s Office. Within-class tests (except for the final exam) are to be given during the regular class meeting times.",46,7,"Credits, Load, and Grading",8.397434,8.111684,p00157|p01201|p00132|p01206|p01204
p00154,Part 6: Academic Procedures and Information,Incomplete Coursework and Excused Absence from Final Exam,,50,"If, because of illness, emergency, or circumstances outside a student’s reasonable control, a student cannot complete work for a course or cannot attend the final examination, the student may request in writing to the instructor the assignment of an I (incomplete) for the course. The student is expected to also discuss the I grade with their academic advisor. An incomplete grade will not be authorized if the student has a history of excessive absences or failure to complete coursework in a timely fashion in the course in question. If the request for an incomplete (I) grade is approved by the instructor in the course, then the student must satisfactorily complete the work by the last class day of the fifth week of the subsequent seven-week session except when an earlier deadline has been established by the instructor. An earlier deadline will be established when there is a question of the student’s ability to clear their academic probation and meet term continuation requirements, or the professor decides an earlier deadline date is appropriate. An I assigned in the second session of fall or spring must be resolved in the first session of the succeeding spring or fall term, respectively. An I assigned in the summer must be resolved in the succeeding fall term. If the I is not completed by the deadline, it will convert to an F and be reported to the Office of the Registrar. A student who is not enrolled in the university, including a student who experiences a voluntary or involuntary separation, withdrawal, or leave of absence from Duke Kunshan University in the session following receipt of an I, or who is studying away during the session following receipt of an I must still clear the I by the designated deadline. Students may not complete work in a course after graduation.",304,7,"Credits, Load, and Grading",8.499877,7.9650884,p00156|p00178|p00185|p00188|p00135
p00155,Part 6: Academic Procedures and Information,Incomplete Coursework and Excused Absence from Final Exam,,50,"Once recorded, a notation of the I will remain permanently on the student’s record, even after the final grade is assigned for the course. In addition, an I cancels eligibility for Dean’s List and Dean’s List with Distinction in the semester in which the I grade was issued.",48,7,"Credits, Load, and Grading",8.443305,8.161482,p00156|p00185|p00202|p00180|p00176
p00156,Part 6: Academic Procedures and Information,Incomplete Coursework and Excused Absence from Final Exam,,50,"For purposes of determining satisfactory progress each term and toward graduation, incomplete work in a course indicated by a grade of I is not presumed to be satisfactory performance in that course. Because a grade of I is not presumed to be satisfactory performance, a course with an unresolved I grade may not be used to fulfill a pre-requisite requirement. A student registered for a course with a prerequisite in which they have an I grade must either drop the course or resolve the I with a passing grade before the end of the drop/add period. For cases in which probationary status or term continuation is in question, incomplete work must be resolved in time for final grades to be submitted to the Office of the University Registrar no later than the weekday preceding the first day of classes of the subsequent fall or spring term (see section on Academic Warning, Probation, and Suspension).",154,7,"Credits, Load, and Grading",8.355843,7.757747,p00154|p00178|p00180|p00176|p00183
p00157,Part 6: Academic Procedures and Information,Final Examinations,,51,"The times and places of final examinations for each session are officially scheduled by the Office of the Registrar, generally according to the day and hour of the regular course meeting; changes may not be made in the schedule without the approval of the registrar. If a final examination is to be given in a course, it will be given during the official final exam period. Take-home examinations are due at the regularly scheduled hour of an examination, based on the time period of the class. In courses in which final examinations are not scheduled, an exam that substitutes for a final examination may not be given in the last week of classes. Hourly tests may be given in the last week of classes, whether or not a final examination is administered during the exam period. In the summer session, final examinations are held on the last two days of the term. No later than the end of the first week of classes each session, the instructor is required to announce plans for the final examination exercise. The form of the final exercise is determined by the instructor. However, a final written examination may not exceed three hours in length and a final take-home examination may not require more than three hours in the actual writing. Any student late for an examination may not expect time beyond the end of the scheduled period. A student who fails to take any scheduled final examination shall receive a grade of F in the course, unless they are excused for reasons deemed sufficient by the instructor. If they are excused they shall receive an I (Incomplete). (See section on Incomplete Grades). Students must take final exams at the officially scheduled times. Because end-of-the-term travel arrangements are not the basis for changing a final examination date, students are advised to consult the final examination schedule when making such arrangements. Deferral of a final examination will not be authorized if the student has a history of excessive absences or failure to complete coursework in a timely fashion in the course in question.",347,7,"Credits, Load, and Grading",8.471291,8.027617,p00153|p00154|p01205|p01201|p00188
p00158,Part 6: Academic Procedures and Information,Grading and Grade Requirements,,51,"Final grades on academic work are provided to students via the Student Information System after the examinations at the end of each session. While there are no formal midterm grades, at the middle of each session faculty are asked to notify the Advising Office of first-year students whose academic performance at that point in the session is C- or below. Such students will be contacted by their academic advisors.",69,7,"Credits, Load, and Grading",8.21673,8.176435,p00199|p00132|p00156|p00202|p00183
p00159,Part 6: Academic Procedures and Information,Grading and Grade Requirements,Passing Grades,52,"Passing grades are A, exceptional; B, superior; C, satisfactory; CR, pass (See Credit/No Credit grading system below); and D, low pass. These grades (except CR) may be modified by a plus or minus. Although the D grade represents low pass, not more than 8 credits passed with D grades (D+, D, D-) may be counted among those required for term credit requirements or among the 136 credits required for graduation. Courses for which a D grade is earned, however, may satisfy other requirements. For information on repeating a course with a D grade, see the section on Course Repeat.",99,7,"Credits, Load, and Grading",7.2566075,7.5796223,p00173|p00160|p00166|p00163|p00192
p00160,Part 6: Academic Procedures and Information,Grading and Grade Requirements,Failing Grades,52,"A grade of F or NC (See section Credit/No Credit grading system below) indicates that the student has failed to meet the requirements for the course. The grade is recorded on the student’s record. The course must be repeated and a passing grade earned in order for credit to be awarded. If the student registers for the course again, the second entry of the course and the new grade earned are made on the record, but the first entry is not removed. In such cases, both grades are included in the calculation of the cumulative grade point average, but the credit for only one is counted for term credit requirements or among the 136 credits required for graduation.",118,7,"Credits, Load, and Grading",7.529825,7.5468616,p00180|p00163|p00176|p00159|p00168
p00161,Part 6: Academic Procedures and Information,Grading and Grade Requirements,Grade Point Average,52,The grade point average is based on grades earned in courses offering credit at Duke Kunshan University and Duke University and may be calculated based on the following numerical equivalencies to the grading system:,34,5,University Policy and Transfer Credit,7.2652965,7.972412,p00126|p00163|p00117|p00118|p00191
p00162,Part 6: Academic Procedures and Information,Grading and Grade Requirements,Grade Point Average,52,A+ 4.0 C+ 2.3 A 4.0 C 2.0 A 3.7 C 1.7 B+ 3.3 D+ 1.3 B 3.0 D 1.0 B 2.7 D 1.0 F,25,1,Natural Science and Computation,2.6335213,5.4855514,p00293|p00275|p00052|p00173|p00159
p00163,Part 6: Academic Procedures and Information,Grading and Grade Requirements,Grade Point Average,52,"All grades that appear on the record, with the exception of CR and NC, military training (or designated substitutions for students from Hong Kong, Macau, and Taiwan), and the designated Chinese society and culture courses specified by the education administration authorities of China (see section on Credits Required for Degrees), are included in the calculation of the cumulative grade point average. For repeated courses, both grades will be calculated into the cumulative grade point average, but only one will count toward the credits required for graduation. The term and cumulative grade point averages are determined at the end of each term and displayed for students.",105,7,"Credits, Load, and Grading",7.157472,7.8542523,p00160|p00073|p00166|p00161|p00650
p00164,Part 6: Academic Procedures and Information,Grading and Grade Requirements,Credit/No Credit (CR/NC) Grading System for the Classes of 2022-2024,53,"In order to encourage students to explore the richness and variety of Duke Kunshan University’s curricular offerings without worrying unduly about grades, students may elect to take up to four credits each term and summer session on a Credit/No Credit basis. No more than sixteen credits (in either two-credit or four-credit courses) towards the 136 credits requirement may be taken on a Credit/No Credit basis. The limit of sixteen credits does not apply to courses that are only offered on the Credit/No Credit basis. All students will register for regular graded courses on a graded basis, and faculty will assign regular grades throughout the term, as well as a final grade for the course. However, a student may elect to change the grading basis to Credit/No Credit at any time up until the end of the Drop/Add period of the first session of the subsequent term in which the student is enrolled, with the exception of students in their graduating term, who must elect to change the grading basis within 24 hours after the grades are posted. In the fall or spring term, a student must be enrolled in no less than a normal course load of 16 credits to be approved to change the grading basis of a course to CR/NC. In order to receive a CR (Credit), a student must have received a grade of C- or better in the course. A grade of D+ or below will be reflected on the transcript as NC (No Credit). Neither CR nor NC will be factored into the grade point average. Students who receive NC will receive no credit for the course and will be ineligible for Dean’s List in that term. Students who receive CR may still be eligible for the dean’s list if they have completed at least 16 credits for a regularly assigned grade (see section on Dean’s List). In determining whether a student should be placed on academic warning, probation or suspended for academic reasons, a grade of NC earned in a course (other than PE courses), whether that course is offered only on the CR/NC basis or the student elects to take it on the CR/NC basis, is considered equivalent to a grade of F. In their first year (two terms), students may use up to eight of the sixteen CR/NC credits for any course, up to a maximum of 4 credits per term. For students in their 3rd term and beyond, CHINESE 201A-B and CHINESE 202A-B may also be taken on a CR/NC basis. Courses taken on a CR/NC basis from the 3rd term onward (except those courses offered only on this basis and the previously mentioned 200-level Chinese language courses) do not count toward general education requirements or any other degree requirements (major, including prerequisites), unless by special permission from the Office of Undergraduate Studies. For students in any year, courses in which a CR is earned do count toward the requirement for 136 credits and term credit requirements. A student who has taken a course on a CR/NC basis and earned a CR may not retake the course. A course for which a grade of NC is assigned cannot be used to satisfy the prerequisite for another course, even if the original grade was a passing grade (D+, D, or D-). A student may not use a CR/NC option on a course being taken for a second (or more) time. (See section on Credit/No Credit (CR/NC) Grading System.) With the exception of study at Duke University, students studying abroad may not receive credit for courses taken on a CR/NC (or Pass/Fail or Satisfactory/Unsatisfactory) basis. Courses taken while a DKU student is studying away at Duke University may be taken on a Duke Satisfactory/Unsatisfactory basis, subject to Duke’s processes, regulations and deadlines – which may differ from those at DKU. Courses taken at Duke on a S/U basis will transfer back to DKU and be recorded using DKU’s CR/NC system. Such courses will be subject to all regulations and limitations stated for the DKU CR/NC policy in the DKU Bulletin, including all restrictions on the number of credits and which courses can be taken on this basis. Students declaring S/U at Duke are required to consult their DKU academic advisor to ensure that they will be using a DKU CR/NC option in an appropriate manner. Students who use S/U on a Duke course that cannot be transferred over as CR/NC at DKU will not earn credits for the course and may be ineligible to retake it at either institution. The change of grading basis to CR/NC can be done through filing a form with the registrar, but students need to get approval from their advisors. Students who receive a NC (by changing a grade of D+ or below) should be mindful of continuation requirements, e.g. that they may be subject to academic suspension (see section on Continuation), or that they may have to take an extra course a later term or during the summer in order to ensure that they graduate on time. Once a student has notified the registrar to change the grading basis to CR/NC, it may not be changed back to a regular grade. Students are especially encouraged to make use of the CR/NC option in their first year to take courses they feel might lie outside of their areas of perceived interest, strength, or expertise.",896,5,University Policy and Transfer Credit,7.6369224,8.023821,p00165|p00134|p00119|p00236|p00122
p00165,Part 6: Academic Procedures and Information,Grading and Grade Requirements,Credit/No Credit (CR/NC) Grading System for the Class of 2025 and Beyond,54,"In order to encourage students to explore the richness and variety of Duke Kunshan University’s curricular offerings without worrying unduly about grades, students may elect to take up to four credits each session on a Credit/No Credit basis. No more than sixteen credits (in either two-credit or four-credit courses) towards the 136 credits requirement may be taken on a Credit/No Credit basis. The limit of sixteen credits does not apply to courses that are only offered on the Credit/No Credit basis. All students will register for regular graded courses on a graded basis, and faculty will assign regular grades throughout the term, as well as a final grade for the course. However, a student may elect to change the grading basis to Credit/No Credit at any time up until the course withdrawal deadline of the session in which the student takes the course. Once this declaration is made, the grading basis cannot be changed back to a regular grade. First-year students in the first session of their first term must be enrolled in no less than a normal course load of 6 credits to be approved to change the grading basis of a course to CR/NC. In all subsequent sessions, a student must be enrolled in no less than a normal course load of 8 credits to be approved to change the grading basis of a course to CR/NC. In order to receive a CR (Credit), a student must have received a grade of C- or better in the course. A grade of D+ or below will be reflected on the transcript as NC (No Credit). Neither CR nor NC will be factored into the grade point average. Students who receive NC will receive no credit for the course and will be ineligible for Dean’s List in that term. Students who receive CR may still be eligible for the dean’s list if they have completed at least 16 credits for a regularly assigned grade (see section on Dean’s List). In determining whether a student should be placed on academic warning, a grade of NC earned in a course (other than PE courses), whether that course is offered only on the CR/NC basis or the student elects to take it on the CR/NC basis, is considered equivalent to a grade of F.",381,5,University Policy and Transfer Credit,7.5564327,7.90971,p00164|p00119|p00134|p00236|p00122
p00166,Part 6: Academic Procedures and Information,Grading and Grade Requirements,Credit/No Credit (CR/NC) Grading System for the Class of 2025 and Beyond,55,"In their first year (two terms, 4 sessions), students may use the CR/NC credits for any course, up to a maximum of 4 credits per session. For students in their 3rd term and beyond, CHINESE 201A B and CHINESE 202A-B may also be taken on a CR/NC basis. Courses taken on a CR/NC basis from the 3rd term onward (except those courses offered only on this basis and the previously mentioned 200-level Chinese language courses) may not count toward general education requirements or any other degree requirements (major, including prerequisites), unless by special permission from the Dean of Undergraduate Studies or designee. For students in any year, courses in which a CR is earned do count toward the requirement for 136 credits and term credit requirements. A student who has taken a course on a CR/NC basis and earned a CR may not retake the course. A course for which a grade of NC is assigned cannot be used to satisfy the prerequisite for another course, even if the original grade was a passing grade (D+, D, or D-). A student may not use a CR/NC option on a course being taken for a second (or more) time. (See section on Credit/No Credit (CR/NC) Grading System.) With the exception of study at Duke University, students studying abroad may not receive credit for courses taken on a CR/NC (or Pass/Fail or Satisfactory/Unsatisfactory) basis. Courses taken while a DKU student is studying away at Duke University may be taken on a Duke Satisfactory/Unsatisfactory basis, subject to Duke’s processes, regulations and deadlines – which may differ from those at DKU. Courses taken at Duke on a S/U basis will transfer back to DKU and be recorded using DKU’s CR/NC system. Such courses will be subject to all regulations and limitations stated for the DKU CR/NC policy in the DKU Bulletin, including all restrictions on the number of credits and which courses can be taken on this basis. Students declaring S/U at Duke are required to consult their DKU academic advisor to ensure that they will be using a DKU CR/NC option in an appropriate manner. Students who use S/U on a Duke course that cannot be transferred over as CR/NC at DKU will not earn credits for the course and may be ineligible to retake it at either institution. The change of grading basis to CR/NC can be done through filing a form with the registrar, but students need to get approval from their advisors. Students who receive a NC (by changing a grade of D+ or below) should be mindful of term credit requirements, e.g. that they may be subject to academic warning (see section on Progress Toward Graduation), or that they may have to take an extra course a later term or during the summer in order to ensure that they graduate on time. Once a student has notified the registrar to change the grading basis to CR/NC, it may not be changed back to a regular grade. Students are especially encouraged to make use of the CR/NC option in their first year to take courses they feel might lie outside of their areas of perceived interest, strength, or expertise.",529,7,"Credits, Load, and Grading",7.1185913,7.966232,p00073|p00163|p00165|p00164|p00137
p00167,Part 6: Academic Procedures and Information,Grading and Grade Requirements,The W and WA Designations,55,The designation W is recorded when a student officially withdraws from a course after the Drop/Add period. (See the sections on course changes in the section on Registration). WA indicates withdrawal from an audited course.,35,7,"Credits, Load, and Grading",8.637531,8.552752,p00185|p00135|p00188|p00142|p00155
p00168,Part 6: Academic Procedures and Information,Progress toward Degree,,56,"Students must achieve a satisfactory record of academic performance each term and make satisfactory progress toward graduation each year. Progress is assessed primarily by a student’s grade-point average. (See also the section on Academic Warning, Probation, and Suspension relevant for your class year.) However, other factors including enrollment in an underload, withdrawal to an underload, course repeat, grades of F or NC, D grades beyond 8 credits, leaves of absence, and suspensions may impact the total number of credits and therefore hinder a student’s progress toward graduation. Students should discuss with their academic advisor any factors that might impact their ability to meet term credit requirements.",106,7,"Credits, Load, and Grading",7.838068,7.449144,p00175|p00180|p00178|p00171|p00176
p00169,Part 6: Academic Procedures and Information,Progress toward Degree,,56,Students who fail to meet the minimum credit requirements each term will receive an academic warning.,16,7,"Credits, Load, and Grading",7.734762,7.3700724,p00177|p00181|p00175|p00170|p00168
p00170,Part 6: Academic Procedures and Information,Progress toward Degree,Satisfactory Performance Each Term (Term Credit Requirements),56,Students must make satisfactory progress toward fulfillment of curricular requirements and credits each term. All students must meet the following minimum requirements at the start of each fall and spring term or receive an academic warning:,36,7,"Credits, Load, and Grading",7.6667295,7.472039,p00169|p00168|p00175|p00171|p00075
p00171,Part 6: Academic Procedures and Information,Progress toward Degree,Satisfactory Performance Each Term (Term Credit Requirements),56,"To be on track for an on-time graduation, at the start of the A student should have earned at least7 An academic warning will be issued to students who have earned less than7 2nd term at Duke Kunshan 16 credits 12 credits 3rd term at Duke Kunshan 34 credits 30 credits 4th term at Duke Kunshan 52 credits 46 credits 5th term at Duke Kunshan 68 credits 62 credits 6th term at Duke Kunshan 84 credits 78 credits 7th term at Duke Kunshan 102 credits 96 credits 8th term at Duke Kunshan 116 credits 112 credits",96,7,"Credits, Load, and Grading",7.5846457,7.7614026,p00119|p00164|p00165|p00175|p00122
p00172,Part 6: Academic Procedures and Information,Progress toward Degree,Satisfactory Performance Each Term (Term Credit Requirements),56,"Students may not carry an underload without the permission of their advisors and the Dean of Undergraduate Studies or designee. For the purposes of calculating term credit requirements, incomplete work in any course is considered a failure to achieve satisfactory performance in that course and will be counted as 0 credits.",51,7,"Credits, Load, and Grading",7.639322,7.4356017,p00175|p00168|p00137|p00169|p00139
p00173,Part 6: Academic Procedures and Information,Progress toward Degree,Satisfactory Performance Each Term (Term Credit Requirements),56,"7 A maximum of 8 credits passed with a D grade (D, D+, D-) can be counted. The credit count may include",22,7,"Credits, Load, and Grading",6.8883157,7.7643332,p00159|p00650|p01025|p00137|p00052
p00174,Part 6: Academic Procedures and Information,Progress toward Degree,Satisfactory Performance Each Term (Term Credit Requirements),56,"(1) no more than 2 credits in physical education activity courses (i.e., four half-credit activity courses)’ (2) no more than 8 credits taken on a CR/NC grading basis (not including courses offered only on that basis); (3) no more than 40 credits combining any allowable transfer credits, including AP/IPC, transfer credits for study abroad, etc.; and (4) no more than the Duke Kunshan University equivalent of 24 credits in graduate and professional school courses not listed in the Duke University Undergraduate Programs Bulletin. (See Section 3, Credits Required for Degrees.)",90,5,University Policy and Transfer Credit,7.060675,8.247346,p00074|p00236|p00044|p00122|p00126
p00175,Part 6: Academic Procedures and Information,Progress toward Degree,Satisfactory Performance Each Term (Term Credit Requirements),57,"Students who receive an academic warning for failing to meet the term credit requirements may make up additional credits by enrolling in 20 credits in a subsequent term, enrolling in an overload once a positive academic trajectory has been established, or completing summer coursework at Duke or on another approved study away program. (See Section on Study Away.). Alternatively, students might delay their graduation date. (See Section on Time Limit for Completing Undergraduate Degree.)",74,7,"Credits, Load, and Grading",7.6906595,7.4543357,p00169|p00137|p00171|p00168|p00139
p00176,Part 6: Academic Procedures and Information,"Academic Warning, Probation, and Suspension for Students in the Classes of 2022-2024",,57,"A student whose academic performance record indicates marginal scholarship, as assessed by grades, as well as term and cumulative grade-point averages, will be subject either to academic warning or academic probation. Failure to clear probationary status in the term of probation will result in a student’s suspension for academic reasons. In determining whether a student should be placed on academic warning, probation or suspended for academic reasons, a grade of NC earned in a course, whether that course is offered only on the CR/NC basis or the student elects to take it on the CR/NC basis, is considered equivalent to a grade of F. (See also the section on CR/NC Grading system). For purposes of determining academic standing, incomplete work in a course indicated by a grade of I is considered equivalent to a grade of F until the I is resolved. (See section on Incomplete Coursework.) Grades in PE courses are not considered in determining academic warning, probation, or suspension.",161,7,"Credits, Load, and Grading",8.065995,7.5255585,p00180|p00183|p00160|p00156|p00168
p00177,Part 6: Academic Procedures and Information,"Academic Warning, Probation, and Suspension for Students in the Classes of 2022-2024",,57,"Failure to meet any of the following standards will result in academic warning by the Office of Undergraduate Studies: 1. A single or more grade of F or NC (excluding PE courses) in a term 2. A second or more grade of D (D, D-, D+) over the student’s tenure at DKU 3. Failure to meet the term credit requirements (See section on Term Credit Requirements All students issued an academic warning are required to meet with the Director for Academic Advising or designee to discuss their academic progress. Students should also consult with their academic advisor.",97,7,"Credits, Load, and Grading",7.766279,7.3861074,p00181|p00169|p00175|p00168|p00160
p00178,Part 6: Academic Procedures and Information,"Academic Warning, Probation, and Suspension for Students in the Classes of 2022-2024",Academic Probation,57,"For a student enrolled in 16 or more credits, the following grades will result in academic probation for the succeeding spring or fall term: during the first term of the freshman year, grades including DD, DF, or FF; during any subsequent spring/fall term, grades including DDD, DF or FF (as long as the student has passed at least 12 credits); and during two consecutive spring/fall terms, grades including DDDD, DDDF, or DDFF. For a student enrolled in an authorized underload (i.e., fewer than 16 credits), the following academic performance will result in academic probation: during the first term of the freshman year, grades of DD or F; during any subsequent fall/spring term, grades including DDD or DF (as long as 12 credits have been passed in that term); and during two consecutive spring/fall terms, grades including DDDD, DDDF, or DDFF. In a case where probation may be in question because of an incomplete grade, the student will be notified by the Office of the Registrar of the need to have the incomplete replaced by a satisfactory grade in order to avoid academic probation. That is, the satisfactory final grade must be sufficient to avoid the combination of D and F grades that would result in academic probation, as described above. The probation status will be reflected on those academic records used for internal purposes only. Students placed on academic probation must acknowledge their probationary status in writing to the Office of Undergraduate Studies in order to continue at the University. They are also required to meet with the Director for Academic Advising or designee and are expected to seek assistance from campus resources, have their course selection approved by their advisors and meet periodically with a designated academic coach. They may not study away during the probation period. Students are expected to clear their probationary status during the term of probation. In order to do so, they must enroll in 16 credits (plus up to one PE credit), of which no more than 4 credits may be taken on a Credit/No Credit basis. Grades of C, CR, or better must be earned in each course, or a C average must be achieved in that term. Probationary status cannot be cleared in a term in which students seek permission and are allowed to withdraw to an underload. In such cases, the probationary status continues through the next fall or spring term of enrollment. Students who clear their probationary status by earning a C average in the term but also earn grades that would result in academic probation as described above will continue their probationary status through the next term of enrollment. Students on probation, whether in a normal load or an underload, are required to earn grades of C, CR, or better in each course, or achieve a C average in that term. Students whose probationary status continues to a second term for reason of an underload must adhere to the conditions and standards previously outlined for clearing probation. Failure to do so will result in academic suspension.",507,7,"Credits, Load, and Grading",8.194353,7.5975704,p00183|p00156|p00168|p00182|p00154
p00179,Part 6: Academic Procedures and Information,"Academic Warning, Probation, and Suspension for Students in the Classes of 2022-2024",Academic Suspension,58,"Students on academic probation must clear their probationary status as described above (see section on Academic Probation) in order to continue at Duke Kunshan University. For the purposes of clearing academic probation, incomplete work in any course is considered a failure to achieve satisfactory performance in that course. Therefore, where term continuation is in question, incomplete work in any course must be completed with a satisfactory grade sufficient to clear the probationary status in time for final grades to be submitted to the Office of the University Registrar no later than the weekday preceding the first day of classes of the subsequent fall or spring term. Students who fail to meet the minimum requirements to clear their probationary status are subject to academic suspension for a period of at least two terms (excluding summer term). Those desiring to return after the suspension period may apply for Return to the University. Such students are placed on academic probation if reinstated. Please contact the Office of Undergraduate Studies for more information. Deadlines for filing this application are 5:00 p.m. China time May 1 for return in the subsequent Fall Term and October 15 for return in the subsequent Spring Term. If after return the student fails again to meet the minimum academic requirements and is suspended a second time, the student will be ineligible to enroll again in the future. Though rarely granted, a student suspended for failure to clear their probationary status may appeal for immediate reinstatement. Students should contact the Director for Academic Advising or designee, and adhere to deadlines stated in their suspension letter.",265,5,University Policy and Transfer Credit,8.128652,7.748235,p00184|p00183|p00156|p00206|p00186
p00180,Part 6: Academic Procedures and Information,"Academic Warning, Probation, and Suspension for Students in the Class of 2025 and Beyond",,59,"A student whose academic performance record indicates marginal scholarship, as assessed by grades, as well as term and cumulative grade-point averages, will be subject either to academic warning or academic probation. Failure to clear probationary status in the term of probation will result in a student’s suspension for academic reasons. In determining whether a student should be placed on academic warning, a grade of NC earned in a course, whether that course is offered only on the CR/NC basis or the student elects to take it on the CR/NC basis, is considered equivalent to a grade of F. (See also the section on CR/NC Grading system). For purposes of determining academic standing, incomplete work in a course indicated by a grade of I is considered equivalent to a grade of F until the I is resolved. (See section on Incomplete Coursework.) Grades in PE courses are not considered in determining academic warning, probation, or suspension.",155,7,"Credits, Load, and Grading",8.002443,7.55764,p00176|p00183|p00160|p00156|p00168
p00181,Part 6: Academic Procedures and Information,"Academic Warning, Probation, and Suspension for Students in the Class of 2025 and Beyond",,59,"Failure to meet any of the following standards will result in academic warning by the Office of Undergraduate Studies: 4. A single or more grade of F or NC (excluding PE courses) in a term 5. A second or more grade of D (D, D-, D+) over the student’s tenure at DKU 6. Failure to meet the term credit requirements (See section on Term Credit Requirements All students issued an academic warning are required to meet with the Director for Academic Advising or designee to discuss their academic progress. Students should also consult with their academic advisor.",97,7,"Credits, Load, and Grading",7.831004,7.3578315,p00177|p00169|p00175|p00168|p00160
p00182,Part 6: Academic Procedures and Information,"Academic Warning, Probation, and Suspension for Students in the Class of 2025 and Beyond",Academic Probation,59,"At the end of each fall and spring term, a student must have both a term and a cumulative grade point average of at least 2.000. Failure to meet either of the two following standards will result in academic probation for the following fall or spring term: 1. Term grade-point average below 2.000 for any fall or spring term 2. Cumulative grade-point average falls below 2.000 at the end of any fall or spring term",75,7,"Credits, Load, and Grading",8.057104,7.4470034,p00183|p00178|p00168|p00180|p00138
p00183,Part 6: Academic Procedures and Information,"Academic Warning, Probation, and Suspension for Students in the Class of 2025 and Beyond",Academic Probation,60,"In a case where probation may be in question because of an incomplete grade, the student will be notified by the Office of the Registrar of the need to have the incomplete replaced by a satisfactory grade in order to avoid academic probation. That is, the satisfactory final grade must be sufficient to raise both the term and the cumulative grade-point averages to or above 2.000. The probation status will be reflected on those academic records used for internal purposes only. Students placed on academic probation must acknowledge their probationary status in writing to the Office of Undergraduate Studies in order to continue at the University. They are also required to meet with the Director for Academic Advising or designee and are expected to seek assistance from campus resources, have their course selection approved by their advisors and meet periodically with a designated academic coach. They may not study away during the probation period. Students are expected to clear their probationary status during the term of probation. In order to do so, they must enroll in 16 credits (plus up to one PE credit), of which no more than 4 credits may be taken on a Credit/No Credit basis, and achieve term and cumulative grade-point averages of at least 2.000. Probationary status cannot be cleared in a term in which students seek permission and are allowed to withdraw to an underload. In such cases, the probationary status continues through the next fall or spring term of enrollment. Students on probation, whether in a normal load or an underload, are required to achieve the minimum term and cumulative grade-point averages of at least 2.000. Students whose probationary status continues to a second term for reason of an underload must adhere to the conditions and standards previously outlined for clearing probation. Failure to do so will result in academic suspension.",308,7,"Credits, Load, and Grading",8.153118,7.470523,p00138|p00178|p00180|p00176|p00182
p00184,Part 6: Academic Procedures and Information,"Academic Warning, Probation, and Suspension for Students in the Class of 2025 and Beyond",Academic Suspension,60,"Students on academic probation must clear their probationary status as described above (see section on Academic Probation) in order to continue at Duke Kunshan University. For the purposes of clearing academic probation, incomplete work in any course is considered a failure to achieve satisfactory performance in that course. Therefore, where term continuation is in question, incomplete work in any course must be completed with a passing grade in time for final grades to be submitted to the Office of the University Registrar no later than the weekday preceding the first day of classes of the subsequent fall or spring term. Students who fail to meet the minimum requirements to clear their probationary status are subject to academic suspension for a period of at least two terms (excluding summer term). Those desiring to return after the suspension period may apply for Return to the University. Such students are placed on academic probation if reinstated. Please contact the Office of Undergraduate Studies for more information. Deadlines for filing this application are 5:00 p.m. China time May 1 for return in the subsequent Fall Term and October 15 for return in the subsequent Spring Term. If after return the student fails again to meet the minimum academic requirements and is suspended a second time, the student will be ineligible to enroll again in the future. Though rarely granted, a student suspended for failure to clear their probationary status may appeal for immediate reinstatement. Students should contact the Director for Academic Advising or designee, and adhere to deadlines stated in their suspension letter.",259,5,University Policy and Transfer Credit,8.140536,7.8278284,p00179|p00183|p00206|p00186|p00156
p00185,Part 6: Academic Procedures and Information,Changes in Status,Voluntary Withdrawal,61,"Students who wish to withdraw from the university must give official notification to the Office of Undergraduate Studies. Notification must be received prior to the beginning of classes in any term, or tuition and housing fee will be refunded only partially (See section on Refund in Part 5). For students withdrawing on their own initiative after the beginning of classes and up to the first day of the last two weeks of 7-week classes or of the last four weeks of 14-week classes in the fall or spring terms, a W is assigned in lieu of a regular grade for each course. After these dates, an F grade is recorded unless withdrawal is caused by an emergency beyond the control of the student, in which case a W is assigned by the University Registrar. Alternatively, students withdrawing for medical reasons during this period will have the option, upon obtaining the appropriate approvals from the instructor, to choose to receive the grade of I in one or more courses instead of the W grade. The student may then complete the course as described in the section on Incomplete Coursework. Withdrawals from the university during a term or session will not be approved after the last day of classes. This also applies to courses offered in Summer terms. Students who withdraw from the University may have to apply through the Admissions Office if they wish to return. Students who intend to return to Duke Kunshan University are advised to take a Leave of Absence if possible.",254,7,"Credits, Load, and Grading",8.653412,8.476872,p00135|p00188|p00112|p00167|p00141
p00186,Part 6: Academic Procedures and Information,Changes in Status,Involuntary Withdrawal,61,"Students may be involuntarily withdrawn for academic reasons or disciplinary reasons, as well as administratively. Refunding will follow that of voluntary withdrawal except under circumstances where students are withdrawn for disciplinary reasons. For students who are withdrawn for disciplinary reasons, no tuition or housing fee will be refunded. Students' withdrawal will be noted accordingly on the official academic record. Students who are involuntarily withdrawn are ineligible to undertake any coursework scheduled at Duke Kunshan University and may not enroll again in the future.",83,5,University Policy and Transfer Credit,8.510982,8.607238,p00112|p00129|p00110|p00236|p00184
p00187,Part 6: Academic Procedures and Information,Changes in Status,Leave of Absence,61,"Students who wish to take time away from their studies but intend to return to Duke Kunshan University are advised to take a Leave of Absence if possible. Most leaves of absence are granted for two reasons: personal or medical. After finishing the first term of the first year, students in good standing may request a personal leave of absence for one or two terms by completing a leave of absence request form and submitting it to the Office of Undergraduate Studies prior to the first day of classes of the term in which the leave is granted. A personal leave of absence starts after one term ends and before the next term begins. A personal leave of absence is not granted for a term in which classes have begun, except in extreme cases such as family death or recent diagnosis of terminal illness.",144,5,University Policy and Transfer Credit,8.407197,8.582246,p00131|p00188|p00186|p00142|p00152
p00188,Part 6: Academic Procedures and Information,Changes in Status,Leave of Absence,62,"A medical leave of absence with proper documentation may be granted at any time but with one restriction. Students requesting a medical leave of absence during a current term must file the leave of absence forms with the Office of Undergraduate Studies prior to the end of the last day of classes of that term. Students who request a medical leave of absence for a current term and submit their leave request prior to the last day of classes will be assigned W in lieu of a regular grade for each course. Students taking a medical leave of absence during the final four weeks of classes for 14 week long courses and the final two weeks of classes for 7-week long courses will have the option, upon obtaining the appropriate approvals from the instructor, to choose to receive the grade of I in one or more courses instead of the W grade. The student may then complete the course as described in the section on Incomplete Coursework. In most cases, students electing to take a medical leave of absence will be expected to remain on medical leave of absence through the following fall or spring term. Refunding will follow that of voluntary withdrawal. A medical leave of absence will not be retroactively granted for a term for which the last day of classes has already occurred. Students returning from a medical leave of absence, at the discretion of university officials, may not be allowed to participate in university programs such as, but not limited to, study abroad for the term immediately following their return to active status. Students called to military service can request a leave of absence as early as the first term in the first year. If the leave of absence starts from the first term in their freshmen year, students should first complete all the new student registration procedures before applying for a leave of absence. A student may receive transfer credit for no more than two courses, up to a maximum of 8 credits, taken at another accredited four-year institution in the US or similarly accredited institution abroad and with a liberal arts and general education curriculum while on leave of absence for personal or medical reasons. Return from any type of leave of absence, including suspension or an involuntary leave of absence, is contingent upon approval of a Return from Leave of Absence application. The deadlines to file such applications, including all supporting materials, are 5:00 p.m. May 1 (BJT) for Fall Term and 5:00 p.m. October 15 (BJT) for Spring Term. Late or incomplete applications will not be accepted. The University reserves the right to request necessary documentation and have conversations with appropriate parties, determined on a case-by-case basis, to confirm that the student is qualified and/or ready for return. Registration information will be provided by the university registrar to all students who are approved to return from a leave of absence. All returning students must register prior to the first day of classes for the term of intended enrollment. Students who are scheduled to return from leave of absence who fail to apply to return from leave of absence, extend their leave of absence, voluntarily withdraw from the university, or register for courses by the end of drop/add of the term they are expected back will be administratively withdrawn from the university and must apply for readmission if they wish to return. Students who undertake independent study under Duke Kunshan University supervision and for Duke Kunshan University credit are not on leave of absence even if studying elsewhere.",595,7,"Credits, Load, and Grading",8.679831,8.442015,p00185|p00135|p00141|p00112|p00142
p00189,Part 6: Academic Procedures and Information,Changes in Status,Full-time and Part-time Degree Status,63,"Candidates for degrees must enroll in a normal course load (i.e., at least 16 credits) each term unless they are eligible and have received permission from their academic advisor and the Dean of Undergraduate Studies or designee to be enrolled in fewer than 16 credits. Students who intend to change from full-time to part-time status must request permission from the Office of Undergraduate Studies. Except for extraordinary circumstances, such permission is given only to students for the final term of their senior year. Students must register their intention to be part-time prior to the first day of class of the term in which the part-time status is requested. Part-time students may register for no less than 4 credits and no more than 11 credits. Part-time students may be denied university housing. (See section on Progress toward Degree.)",137,7,"Credits, Load, and Grading",7.7303023,7.679756,p00137|p00175|p00143|p00164|p00140
p00190,Part 6: Academic Procedures and Information,Changes in Status,Undergraduate Status,63,"An undergraduate student admitted to Duke Kunshan University Undergraduate degree programs officially becomes a Duke Kunshan University undergraduate student at the point of matriculation and is accorded all the rights, privileges, and responsibilities of a Duke Kunshan University student at that time. When an undergraduate has completed all of the requirements of the bachelor’s degree and is no longer enrolled in coursework toward the degree, the student ceases to be a Duke Kunshan University undergraduate student in the strict sense of the word.",83,5,University Policy and Transfer Credit,7.256767,8.812258,p00021|p00124|p00044|p00006|p00069
p00191,Part 6: Academic Procedures and Information,Academic Recognition and Honors,,63,"In determining a student’s eligibility for academic recognition and honors, only grades earned in Duke Kunshan University courses and Duke University courses are considered.",24,5,University Policy and Transfer Credit,7.2211637,8.383633,p00126|p00021|p00115|p00118|p00069
p00192,Part 6: Academic Procedures and Information,Academic Recognition and Honors,Dean's List,63,"Dean’s List accords recognition to academic excellence achieved during each term. To be eligible for this honor, undergraduates must earn a grade point average for a term that places them in the highest third of undergraduates in their class year and in addition must (1) complete at least 16 credits for a regularly assigned grade (i.e., no Credit/No Credit courses); and (2) receive no incomplete or failing (F, NC) grades (including PE courses). Undergraduates who in addition earn term grade point averages that place them in the highest ten percent of undergraduates in their class year will receive the Dean’s List with Distinction honor, while the remainder of those placing in the highest one third will receive the Dean’s List honor as noted above.",124,7,"Credits, Load, and Grading",7.2101045,7.552696,p00194|p00159|p00163|p00160|p00161
p00193,Part 6: Academic Procedures and Information,Academic Recognition and Honors,Graduation with Distinction,63,"Graduation with Distinction accords recognition to up to 5% of students in each graduating class who achieve excellence in their signature work products and meet other academic criteria as determined by the faculty. Students may be nominated for consideration by their signature work mentor. Each nominated student’s overall achievement in the major, including the signature work, is assessed by a faculty committee, which is responsible for awarding distinction. Graduation with Distinction is separate and distinct from Latin Honors (see below).",80,7,"Credits, Load, and Grading",7.111274,7.593962,p00194|p00192|p00067|p00267|p00168
p00194,Part 6: Academic Procedures and Information,Academic Recognition and Honors,Latin Honors,64,"Latin Honors by Overall Academic Achievement accords recognition for academic excellence achieved over the duration of an entire undergraduate career. Unlike the Dean’s List honor, which recognizes academic excellence achieved over the short term (one term), eligibility for the three categories of Latin Honors (summa cum laude, magna cum laude, and cum laude) is based on the cumulative grade point average for all work at Duke Kunshan University. Recipients are determined by the following procedure: The grade point average included within the highest five percent of the graduating class is used to specify the grade point average needed by those students of the current graduating class to be awarded the summa cum laude honor. The grade point average included within the next highest ten percent of the graduating class is used to determine the grade point average needed by those students who will graduate with the magna cum laude honor. Finally, the grade point average included within the next ten percent of the graduating class will be used to determine those students eligible for graduating with the cum laude honor. Thus, about 25 percent of each graduating class will receive Latin Honors.",192,7,"Credits, Load, and Grading",7.1359363,7.645198,p00192|p00161|p00163|p00193|p00191
p00195,Part 6: Academic Procedures and Information,Notification of Intention to Graduate,,64,"The Diploma Form submitted by students is official notification that they expect to have completed all requirements for the degree and to receive the diploma on a particular graduation date. They will be confirmed for that specific graduation if basic requirements, i.e., general education, one major, number of credits earned through courses taught or co-taught by Duke faculty, and any additional requirements for students from the Chinese mainland, Hong Kong, Macau and Taiwan have been completed. It is the responsibility of students to submit the form on or before established deadlines. Information regarding the location and date of availability of the online diploma form is sent to prospective graduates at their Duke Kunshan University e-mail address.",116,5,University Policy and Transfer Credit,7.4013653,8.758407,p00021|p00119|p00123|p00129|p00118
p00196,Part 6: Academic Procedures and Information,Graduation and Commencement,,64,Commencement exercises are held once a year in May when degrees are conferred upon and diplomas are issued to those who have completed degree requirements by the end of the spring term. Students who complete requirements by the end of the summer term or by the end of the fall term receive diplomas in May of the following academic year. Students who are within 20 credits of graduation at the end of the spring term may request to participate in the annual commencement exercises.,84,7,"Credits, Load, and Grading",8.140693,7.9667344,p01206|p00195|p01201|p01205|p00136
p00197,Part 6: Academic Procedures and Information,Education Records,,64,"Duke Kunshan University adheres to a policy permitting students access to their education records, health record and their confidential financial information while at Duke Kunshan University.",26,5,University Policy and Transfer Credit,7.243948,9.244295,p00198|p00260|p00203|p00021|p00022
p00198,Part 6: Academic Procedures and Information,Education Records,,65,"Students may request to review any information that is contained in their Duke Kunshan University education, health and financial records and may, using appropriate procedures, challenge the content of these records. An explanation of the complete policy on education records may be obtained from the Office of the Registrar. No information, except directory information (see below) contained in any student records is released to unauthorized persons outside the university or to unauthorized persons on the campus, without the written consent of the student. It is the responsibility of the student to provide the University’s registrar and other university offices, as appropriate, with the necessary specific authorization and consent. Directory information includes name, addresses, Duke Kunshan University student ID, e-mail addresses, telephone listing, photograph, major field of study, participation in officially recognized activities and sports, weight and height of members of athletic teams, dates of attendance, degrees and awards received, and most recent previous educational institution attended. This information, except addresses and telephone listing, may be released to appear in public documents and may otherwise be disclosed without student consent unless a written request not to release this information is filed in the Office of the Registrar.",196,5,University Policy and Transfer Credit,7.271549,9.123285,p00197|p00260|p00129|p00203|p00021
p00199,Part 6: Academic Procedures and Information,The Provision of Academic Information to Parents and Guardians,,65,It is primarily the responsibility of students to keep parents and guardians informed of their academic standing and progress as well as any difficulties that may affect their performance. The University’s registrar does not release end of term or midterm grade information to parents and guardians without students’ written permission. Parents and guardians may be alerted to emergency and extraordinary situations that may impinge upon a student's well-being.,68,7,"Credits, Load, and Grading",8.257616,8.460358,p00158|p00198|p00142|p00185|p00132
p00200,Part 6: Academic Procedures and Information,Procedure for Resolution of Students' Academic Concerns,,65,"Duke Kunshan University (DKU) is committed to providing a learning environment in which concerns related to academic matters (issues pertaining to a course, academic instruction or other activities that receive academic credit) are resolved promptly and with support to all parties. Because DKU is committed to its students and the implementation of consistent and nondiscriminatory academic policies and processes, the university has created procedures for resolving academic complaints. This policy refers to academic complaints that are not related to grading. Grade complaints are covered by the separate Undergraduate Student Grade Appeal Resolution Process. Students are encouraged to resolve academic complaints informally directly with the course instructor(s) or appropriate staff member (e.g., tutors, teaching assistants, advisors, etc.) involved in the matter. If the complaint is not resolved between the student and the course instructor(s)/appropriate staff member, or if the student is uncomfortable about approaching the instructor(s)/staff member, he or she can attempt to resolve the complaint with the Division Chair, or the Director of the Language and Culture Center for language related courses, or the Director of Academic Advising for complaints regarding tutoring or advising staff.",185,5,University Policy and Transfer Credit,8.063365,8.433945,p00260|p00201|p00113|p00202|p00236
p00201,Part 6: Academic Procedures and Information,Procedure for Resolution of Students' Academic Concerns,,66,"If the student is dissatisfied with the informal resolution outcome, the student may choose to file a formal complaint with the Dean of Undergraduate Studies. The Dean of Undergraduate Studies will consider complaints based on an alleged violation of an academic rule, policy, or established practice. If the student is dissatisfied with the outcome of the formal resolution process, the student may choose to file an appeal with the Vice Chancellor for Academic Affairs. The Vice Chancellor for Academic Affairs makes the final decision regarding appeal outcomes. Students have the right to make any informal or formal complaint they deem important without fear of retaliation or any other adverse consequences because of doing so. If a student has questions or concerns about the policies and procedures related to the academic complaint resolution process, the student may consult their academic advisor or the Office of Undergraduate Studies at any point during the process or before initiating a formal or informal complaint. Issues related to academic integrity will be resolved according to the Undergraduate Academic Integrity Policy8. Issues related to non-academic behaviors as described in the student handbook will be resolved according to the student complaint and conduct processes 9. Issues related to harassment and discrimination will be resolved according to the Sexual Harassment and Misconduct Policy10. Issues related to grading will be resolved according to the Undergraduate Student Grade Review Procedure.",230,7,"Credits, Load, and Grading",8.280215,8.35326,p00114|p00200|p00202|p00204|p00261
p00202,Part 6: Academic Procedures and Information,Grade Review Procedure,,66,"Faculty are expected to maintain fair and consistent grading standards. With the exception of “I” grades, changes in end-of-term grades may be made by the instructor only because of an error in calculation or an error in transcription. Changes in grades may not be based on the late submission of required work, the resubmission of work previously judged unsatisfactory, or on additional work. A student who questions a final grade received in a course should first discuss the matter with the instructor(s) within thirty days of the grade being released. After meeting with the instructor(s), if the student still believes the instructor(s) has assigned an inaccurate or unjustified grade, the student may make a formal complaint to the appropriate Division Chair, or to the Director of the Language and Culture Center for language related courses. The formal complaint must be submitted prior to the first day of classes for the term immediately following the recording of the grade. Formal grade complaints will only be considered in cases in which there was an error in the original grade report. The Division Chair will review the case with the Instructor(s) involved. The review will focus on whether the grade assigned by the instructor was arrived at in accordance with the course grading policy as articulated in the syllabus and/or as discussed with the students in class and calculated in the same way that the grades other students received in the course were calculated. Generally",242,7,"Credits, Load, and Grading",8.347177,8.083984,p00204|p00200|p00201|p00156|p00185
p00203,Part 6: Academic Procedures and Information,Grade Review Procedure,,66,"8 Refer to Duke Kunshan University Academic Policies, Approved by the Faculty August 29, 2018 9 Refer to Duke Kunshan University Student Handbook 10 Refer to the Bulletin of Duke Kunshan University Undergraduate Instruction, Part 1, or the Student",39,5,University Policy and Transfer Credit,7.3169723,9.07733,p00260|p00044|p00069|p00021|p00122
p00204,Part 6: Academic Procedures and Information,Grade Review Procedure,,66,"Handbook speaking the review will not focus on how individual pieces of work in a course were graded, as it is the responsibility solely of the instructor to evaluate the quality of students' work within the context of his/her course. If the Division Chair agrees with the Instructor(s) that there are no legitimate grounds on which to change the grade, the grade stands as recorded. If the Division Chair believes there are grounds to consider a change and the Instructor(s) is unwilling to change the grade, the Division Chair will notify the student that he or she may request a review of the case in writing to the Dean of Undergraduate Studies. A written request must be submitted before the end of the Drop/Add period of the term following that in which the Instructor(s) recorded the grade. The Dean will review the case and decide whether there are grounds to convene a faculty committee to review the grade. If the Dean decides there are no grounds, then the grade is not changed. If the Dean decides that there are grounds to proceed, the case will be referred to a committee consisting of the faculty members of the Undergraduate Academic Review Board. This committee will then evaluate and review the case, and the Dean may initiate a grade change if that is the recommendation of the committee. The decision of the committee is final.",233,7,"Credits, Load, and Grading",8.353917,8.1005,p00202|p00114|p00201|p00146|p00185
p00205,Part 6: Academic Procedures and Information,Exclusion of Disruptive Students from a Course,,67,"The successful conduct of a course depends upon a spirit of mutual respect and cooperation among its participants. If a student disrupts a class in such a way that it seriously compromises the educational experience of the course for other students and/or prevents the instructor from accomplishing the goals of the course as outlined in the syllabus, the instructor may require the student to leave the class meeting. The instructor and the student are then expected to meet to discuss and prepare in writing the conditions under which the student may return to the course. If the disruptive behavior continues, the instructor may report the matter to the Office of Undergraduate Studies for further resolution.",115,7,"Credits, Load, and Grading",8.469601,8.272746,p00261|p00152|p00202|p00114|p00201
p00206,Part 6: Academic Procedures and Information,Compliance with Academic Regulations,,67,"Under no circumstances may students ignore official rules and requirements, as this is a breach of the Duke Kunshan University Community Standard. Students who ignore official rules and requirements will at the least have their registration for the next academic term blocked by the Dean of Undergraduate Studies until after the close of the last window of that registration period. They could also be subject to involuntary withdrawal for a period of two terms and/or other possible disciplinary action.",79,5,University Policy and Transfer Credit,8.074334,8.201246,p00151|p00184|p00179|p00186|p00143
p00207,Part 6: Academic Procedures and Information,Religious Holidays,,67,"In recognition that observances of religious holidays may affect classroom attendance and the submission of graded work, members of the various religious affiliations should inform their instructors of major religious holidays that occur when classes are being held at or before the beginning of each term. In the event of a conflict, students wishing to observe a specific religious holiday should request that their instructors arrange for a postponement or makeup of work. Duke Kunshan University encourages all faculty to make reasonable accommodations necessary for students’ religious observances. If an instructor is unable or unwilling to grant the request, students should consult the Office of Undergraduate Studies.",107,5,University Policy and Transfer Credit,8.287202,8.471271,p00152|p00260|p00200|p00187|p00250
p00208,Part 7: Academic Advising and Support,Part 7: Academic Advising and Support,,69,"The Office of Undergraduate Advising is committed to providing a student-centered advising experience that promotes holistic learning and understanding of the integrated and interdisciplinary curriculum and prepares the next generation of scholars and leaders. Further, academic advising provides undergraduates with academic strategies that reinforce a research oriented liberal arts and sciences education that is inclusive of how students learn and develop in pursuit of their academic and career endeavors. The Office of Undergraduate Advising consists of Academic Advising and the Academic Resource Center.",83,2,Media and Arts,5.359662,9.960103,p00218|p00209|p00220|p00215|p00219
p00209,Part 7: Academic Advising and Support,Academic Advising,,69,"Academic advising is salient to undergraduate education at Duke Kunshan University. The goal of all academic advising is to provide a network of support across the university that is student centered and responsive to the needs of students. Advisors provide insight on how to navigate the college experience by teaching students about the undergraduate curriculum and co-curricular opportunities. This process includes teaching students how each course contributes to their knowledge and innovative thinking. Additionally, advisors nurture students’ practical skills related to decision-making and help students learn to take responsibility for developing meaningful educational plans compatible with their academic potential, career, and life goals. Advising is more than the imparting of specialized information; it includes helping students explore and discover the role of education in society and teaching students the skills for active learning and perseverance to reach long-term goals. Through advising, students will learn to formulate important questions about the nature and direction of their undergraduate career. Advisors will confer with students about course schedules and educational experiences, but students themselves are responsible for their academic program, social activities, and for making progress toward an academic degree. Students’ advising needs change as they progress through their academic programs, requiring a dynamic advising partnership that pulls expertise and guidance from across campus faculty and administrators. The Director for Academic Advising oversees the academic advising team, who understand the terrain of broad areas such as arts and humanities, global and civic opportunities, and natural and quantitative sciences; and collaborates with pre-professional advisors with expertise in areas such as health, entrepreneurship, law and business. This network of advisors ensures that students have varied sources of information and build close relationships with campus faculty and staff who can provide guidance about future plans and act as references. Additionally, designated faculty serve as major coordinators who ensure information related to specific majors are shared broadly throughout the advising community. At Duke Kunshan University, advisors are key to understanding the nature of the academic programs and how they can address student interests, goals and purposes. They advise students on navigating both academic and social life, and help students determine appropriate learning strategies, including tutoring. They advise students in the selection of courses, majors, signature pathways, and experiential activities. Professional advisors and Academic Success Tutors work in concert with faculty advisors to maintain up-to-date information on university requirements, academic policies, procedures, and deadlines; they also provide guidance for students who desire to enhance their learning through tutoring and academic skill building programs and workshops.",417,5,University Policy and Transfer Credit,5.4647975,9.912818,p00208|p00220|p00218|p00216|p00215
p00210,Part 7: Academic Advising and Support,Academic Resource Center,,70,"The Academic Resource Center (ARC) is a learning center with the ultimate goal of helping students to become independent learners. The ARC offers tutoring support, Academic Success Program, Academic Coaching and special events, such as First Friday and Exam Jam. Tutorial support is supplemental to course instruction. Academic Success Tutors, our full-time learning professionals, attend selected courses across the curriculum and work in collaboration with instructors to discern how to best facilitate student learning and development. Students also receive group and one-on-one support from our Peer Tutors, undergraduate students who have successfully completed applicable courses. Peer tutoring is an excellent way to hone skills and strategies in a friendly and supportive community. All tutors receive internationally certified training by the College Reading and Learning Association.",125,7,"Credits, Load, and Grading",5.7837887,9.931497,p00212|p00211|p00209|p00240|p00246
p00211,Part 7: Academic Advising and Support,Academic Resource Center,,70,"The Academic Success Program provides incoming students with information and skills they need to transition to college-level coursework and achieve academic success. The program consists of a series of workshops on motivation, time management, study skills, and academic stress management. In this program, students will participate in structured training to learn campus resources and practical skills to navigate their first year of college. Students who fulfill all the requirements of the program will receive the Academic Success Certificate.",78,7,"Credits, Load, and Grading",5.6422386,9.748504,p00212|p00170|p00210|p00038|p00209
p00212,Part 7: Academic Advising and Support,Academic Resource Center,,70,"Academic Success Coaching is offered as a series of one-on-one sessions to help guide students through examining academic concerns and perceived barriers to success. Professionals in the ARC help students discover personal academic success strategies on learning preferences, study skills, time management, motivation, etc. through coaching. Students work on various learning strategies so that they can improve their academic performance and enhance the overall quality of their college experience.",69,2,Media and Arts,5.518999,9.871616,p00211|p00210|p00209|p00220|p00216
p00213,Part 7: Academic Advising and Support,Academic Resource Center,,70,"Other support offices such as Counseling and Psychological Services (CAPS), Student Health Services, Student Accessibility Office, the Writing and Language Studio, the Office of Global Education, and the Office of Career Services can help students identify academic strategies and refine their interests and goals. Students should refer to selected majors for specific curriculum requirements required for degree completion.",58,7,"Credits, Load, and Grading",6.237861,9.543467,p00239|p00254|p00255|p00222|p00058
p00214,Part 7: Academic Advising and Support,Seven Principles of Duke Kunshan University Academic Advising,,70,"Academic advising cultivates academic citizens who are knowledgeable about how their curricular and career interests influence their local, national, and international communities (Rooted Globalism).",24,2,Media and Arts,5.2724147,9.934774,p00218|p00220|p00216|p00215|p00219
p00215,Part 7: Academic Advising and Support,Seven Principles of Duke Kunshan University Academic Advising,,70,Academic advising is a collaborative experience between Advisor and Advisee that teaches problem solving skills to successfully navigate college and life circumstances (Collaborative Problem Solving).,25,2,Media and Arts,5.3389597,9.962354,p00218|p00220|p00208|p00217|p00216
p00216,Part 7: Academic Advising and Support,Seven Principles of Duke Kunshan University Academic Advising,,71,Academic advising leverages curricular teachings with practical experience to assist with critical thinking and career readiness (Research and Practice).,19,2,Media and Arts,5.3217483,9.951939,p00220|p00218|p00214|p00215|p00219
p00217,Part 7: Academic Advising and Support,Seven Principles of Duke Kunshan University Academic Advising,,71,Academic advising promotes effective discourse between Advisee and Advisor that nurtures good decision-making practices (Lucid Communication).,16,2,Media and Arts,5.334356,9.998765,p00218|p00220|p00215|p00219|p00216
p00218,Part 7: Academic Advising and Support,Seven Principles of Duke Kunshan University Academic Advising,,71,"Academic advising is an environment where Advisees are responsible for charting their academic, social, and career pathways through inquiry, reflection, personal choice and consultation with Advisors (Independence and Creativity).",29,2,Media and Arts,5.2917385,9.917437,p00215|p00220|p00208|p00217|p00219
p00219,Part 7: Academic Advising and Support,Seven Principles of Duke Kunshan University Academic Advising,,71,"Academic advising teaches ethical principles that promote holistic student development, authentic academic workmanship, innovative thinking, and research (Wise Leadership).",19,2,Media and Arts,5.2744727,9.985891,p00220|p00218|p00217|p00215|p00216
p00220,Part 7: Academic Advising and Support,Seven Principles of Duke Kunshan University Academic Advising,,71,"Academic advising teaches and encourages Advisees to grow, discover, and enhance academic grit to persevere through academic and life challenges (A Purposeful Life).",23,2,Media and Arts,5.298218,9.999428,p00218|p00219|p00215|p00216|p00214
p00221,"Part 8: Career Services, Study Away, and Research Opportunities",Career Services,,72,"The Career Services Office at Duke Kunshan University is committed to assisting graduate and undergraduate students as well as alumni with discovering and refining their career pathways and ultimately realizing their future career goals. The Office will provide both guidance and resources to students and alumni that will help them to explore different job and career opportunities as well as help them to gain important skills, knowledge, and experience in order to be competitive and successful in achieving their long-term career goals. The Career Services Office encourages students to make the most of their Duke Kunshan University experience by accessing relevant campus resources, developing career interests and values, and establishing and maintaining relationships with their peers as well as faculty, staff and alumni. The Office also provides Career Development Mentorship Program which is designed to help Duke Kunshan University Undergraduate students from year three onward, improve career skills and knowledge by connecting students with alumni or a professional across a variety of fields. This opportunity is optional to students. Mentors are encouraged to interact with their students on three separate occasions (or more) per academic term. Interactions may occur in-person or remotely. The Career Services Office will also follow the seven principles of Duke Kunshan University when creating programs and providing services. The services and support will be done with the aid of a network that engages offices such as Academic Advising and Student Affairs, students, faculty, staff, alumni, external partners and other stakeholders to support students’ career development needs. Key services that the Career Services Office offers include: •",260,5,University Policy and Transfer Credit,6.579108,9.974859,p00251|p00252|p00068|p00229|p00010
p00222,"Part 8: Career Services, Study Away, and Research Opportunities",Career Services,"Resources & Tools: including online platform, assessment tools, online and offline",72,"resources for information research, and other career development tools to help students with goal identification and career path planning. •",20,2,Media and Arts,5.794713,9.679572,p00213|p00031|p00209|p00223|p00221
p00223,"Part 8: Career Services, Study Away, and Research Opportunities",Career Services,Coaching & Advising: career development coaching (one-on-one coaching appointments,72,with career coaches) and graduate school advising (group sessions and one-on-one meeting with coaches and advisors). •,17,2,Media and Arts,5.4315734,9.909374,p00208|p00216|p00220|p00218|p00144
p00224,"Part 8: Career Services, Study Away, and Research Opportunities",Career Services,"Workshops and Events: including skill workshops, specialized seminars and conferences,",72,"guest speakers, case competitions, internship fairs and on campus recruitment events etc. •",13,2,Media and Arts,6.0934324,9.908816,p00226|p00250|p00078|p00246|p00225
p00225,"Part 8: Career Services, Study Away, and Research Opportunities",Career Services,"Specialized Career Programs: including engagement programs with corporate partners,",72,"engagement programs with alumni, and development programs with other external partners such as government and research institutions. •",18,2,Media and Arts,5.9427586,9.797158,p00246|p00226|p00214|p00043|p00223
p00226,"Part 8: Career Services, Study Away, and Research Opportunities",Career Services,Opportunities Development: the Career Services Office works to build and maintain,72,"relationships with alumni and employers who can provide internships, learning opportunities, and full-time opportunities. •",15,2,Media and Arts,5.876917,9.873499,p00225|p00224|p00214|p00223|p00208
p00227,"Part 8: Career Services, Study Away, and Research Opportunities",Career Services,"Internship Facilitation & Processing: works with student mobility, keeps all records of",72,"foreign student internships in China on record, advises on legal requirements, keeps up-to-date on relevant changes and opportunities. Summer and short-term internship opportunities are collected and shared with students, and individual consultation allows for focused guidance on how to secure summer internships. •",43,3,Language and Communication,7.942466,9.091887,p00136|p00095|p00777|p00087|p00258
p00228,"Part 8: Career Services, Study Away, and Research Opportunities",Career Services,"Handling Student Work Program: including review position openings and hiring,",73,"managing time sheets, processing student workers’ monthly stipend, reporting tax to government, and providing training for both hiring departments and student workers.",22,7,"Credits, Load, and Grading",7.7917695,8.786386,p00132|p00213|p00106|p00257|p00158
p00229,"Part 8: Career Services, Study Away, and Research Opportunities",Student Research Opportunities,,73,"Research experience is an important component of the Duke Kunshan University undergraduate program. Students can do research with Duke Kunshan faculty for credit during the academic year. In limited cases, research for pay is an option. Depending on a student’s particular interests, research may also play a role in their signature work project. In addition, the University Summer Research Scholars (SRS) program supports students participating in collaborative research supervised by Duke Kunshan or Duke faculty over the summer. Students interested in either summer or academic year research are encouraged to discuss their interests directly with faculty whose research areas align. In addition to research centers and research programs at Duke Kunshan University and research experience during a student’s study abroad period at Duke or elsewhere, research institutions outside of Duke Kunshan University, including international corporations, organizations, and NGOs in Kunshan, Suzhou and Shanghai areas, further enhance research and internship opportunities for Duke Kunshan University students. Career Services and individual faculty can help students identify off-campus opportunities.",166,5,University Policy and Transfer Credit,6.5272236,9.843392,p00020|p00221|p00230|p00004|p00068
p00230,"Part 8: Career Services, Study Away, and Research Opportunities",Office of Global Education and Study Away,,73,Students who are in good standing at Duke Kunshan University will have the opportunity to attend a study away program for one academic term in their junior year and/or summer terms. The Office of Global Education is responsible for vetting and approving all academic study programs undertaken for credit abroad or off campus. The Office also facilitates the course credit transfer request process for students studying in such programs.,69,5,University Policy and Transfer Credit,7.46577,9.107733,p00129|p00128|p00231|p00125|p00119
p00231,"Part 8: Career Services, Study Away, and Research Opportunities",Office of Global Education and Study Away,Eligibility,73,"Students must apply and receive approval to participate in any credit-bearing study away opportunities through the Office of Global Education. Approved programs (either on DKU’s preapproved program list, or approved by individual petition) will be eligible for credit transfer back to DKU. All students who plan to study away must apply through DKU, receive approval to participate, and sign the DKU Participation Agreement before committing or accepting enrollment in any credit-bearing program. Students may study away and transfer credits for one academic term in their junior year, as well as during summers. The application process for term study away programs starts in the fall term of the sophomore year, but planning for study away should start in first-year academic planning. Students must be in good academic, conduct, and financial standing in order to study away. Students placed on academic or conduct probation that will be in effect during their planned term away are not eligible to study away. Students accepted into study away programs who are then placed on academic or conduct probation may be liable for the program costs, even if they withdraw from the program. Students should refer to the ""DKU Global Education Sakai Site"" for complete eligibility requirements. Students who do not meet the eligibility requirements may not study away. All students who study away must sign the appropriate legal documents before departure. Students may not apply for study away while on Leave of Absence or academic suspension. Students should contact the Office of Global Education upon return to campus. Students may not take summer courses that conflict with Military Training and/or the summer Chinese Society and Culture courses.",272,7,"Credits, Load, and Grading",7.747095,9.276519,p00235|p00230|p00129|p00128|p00236
p00232,"Part 8: Career Services, Study Away, and Research Opportunities",Office of Global Education and Study Away,Study Away Opportunities,74,"DKU maintains a rich network of opportunities for global learning. Programs around the world include the option of studying at Duke University and a wide variety of international exchanges, university direct enrollment programs, and provider-based programs. Regardless of the program type or location, students must first start their search and application process with the DKU Office of Global Education. Students should refer to the Office of Global Education website for the most up-to-date information on advising for global learning experiences, preapproved program lists, application processes, and credit-transfer processes.",88,5,University Policy and Transfer Credit,7.4532,9.459824,p00235|p00128|p00230|p00258|p01208
p00233,"Part 8: Career Services, Study Away, and Research Opportunities",Office of Global Education and Study Away,Study Away at Duke University,74,"Eligible students will have the opportunity to attend Duke University in Durham, North Carolina, in either the fall or spring term of their junior year. The Office of Global Education will take into account individual timing (fall/spring term) preferences. However, students may not be admitted to preferred terms due to capacity limitations. Students will also have the option to attend Duke Summer Session. Normally, students would be encouraged to take the summer session either immediately before or after their junior-year term assignment. Students will be able to choose from a wide range of course options at Duke. They will also have access to extra- and co-curricular activities and clubs, as well as other student services on campus. While at Duke, students must abide by Duke's policies and procedures. Please see the Duke University website (https://dukekunshanprograms.duke.edu/welcome) for more details. Students interested in programs or events offered by departments or academic divisions at Duke University, including but not limited to Duke Immerse, Duke BASS Connection, or summer research programs, should consult with both the DKU Office of Global Education and Duke Office of DKU Relations (dkurelations@duke.edu) before applying. Students who are interested in marine biology or oceanography may also have the opportunity to study at the Duke Marine Lab for fall term and/or a six-week summer term II before the junior fall term. Students studying at Duke University during the term will pay the same tuition they would have paid for a term at DKU, with the same merit scholarship and/or financial aid. Students will be required to cover all other costs, including housing, board, insurance, travel, and living expenses.",268,5,University Policy and Transfer Credit,7.362373,9.12703,p00011|p00232|p00236|p00151|p00125
p00234,"Part 8: Career Services, Study Away, and Research Opportunities",Office of Global Education and Study Away,Study Away at Duke University,75,"It should be noted that such costs are higher than at Duke Kunshan. Currently, the total cost for one regular term at Duke (including housing, dining plan, insurance, and student fees) is estimated at USD $13,500; this does not include visa and travel expenses. Students are responsible for the full costs of all summer programs, including those at Duke; DKU merit scholarships and/or financial aid cannot be used to cover the cost of summer programs. The cost of a summer term at Duke including tuition is currently calculated to be approximately USD $9,500 for international students and RMB 63,000 for Chinese students (students who choose courses with science labs will pay approximately USD $1,000 more for one science course). Detailed cost breakdowns for study at Duke are available in the Sakai Site. Note: US Federal Financial Aid cannot be applied towards costs at Duke University. The use of other scholarships or financial aid towards Duke costs should be verified in advance.",161,5,University Policy and Transfer Credit,7.8700995,9.23727,p00094|p00089|p00097|p00011|p00125
p00235,"Part 8: Career Services, Study Away, and Research Opportunities",Office of Global Education and Study Away,Other Study Away Programs,75,"DKU maintains an active list of preapproved study away opportunities that include exchange partnerships, direct enrollment in universities, and provider-based programs. Students may have the option of individually petitioning to participate in a program on the basis of academic interests or needs that are not represented among preapproved programs. Students must receive approval in advance for both the program and individual courses. Although financial accessibility is considered in the range of programs that are preapproved, costs vary significantly by geographical region of study and program type, and are the full responsibility of the student. With the exception of approved exchange partnerships (where tuition is paid to DKU, and housing/program fees are paid to the host institution), DKU merit scholarships and/or financial aid cannot be used to cover the cost. Students may seek additional information on financial planning for study away opportunities and advice for researching program costs on the Office of Global Education website, or by arranging an individual advising session with the Office. Students assume full responsibility for their own financial commitments and payments for programs, whether they are preapproved or approved by petition (including but not limited to deposits, tuition, housing, cost of living, and other program fees).",200,7,"Credits, Load, and Grading",7.705102,9.392352,p00231|p00232|p00091|p00230|p00128
p00236,"Part 8: Career Services, Study Away, and Research Opportunities",Office of Global Education and Study Away,Course Approval and Credit Transfer,75,"Students may transfer up to a maximum of 40 credits taken outside of the Duke Kunshan University campus, including advanced placement credits. A maximum of 8 credits may be from coursework undertaken while on voluntary leave of absence for personal or medical reasons. No credit will be accepted for coursework taken while a Duke Kunshan University student is withdrawn, suspended, or on involuntary leave of absence. All courses must be pre-approved for transfer credit. Policies and procedures for course approvals are available from the Office of Global Education. (See also Transfer of Work Taken Elsewhere, Part 6.) For courses taken at Duke University: All grades earned at Duke University are entered on the official record at Duke Kunshan University and are used in determining the grade point average. Courses taken while a DKU student is studying away at Duke University may be taken on a Duke Satisfactory/Unsatisfactory basis, subject to Duke’s processes, regulations and deadlines – which may differ from those at DKU. Courses taken at Duke on a S/U basis will transfer back to DKU and be recorded using DKU’s CR/NC system. Such courses will be subject to all regulations and limitations stated for the DKU CR/NC policy in the DKU Bulletin, including all restrictions on the number of credits and which courses can be taken on this basis. Students declaring S/U at Duke are required to consult their DKU academic advisor to ensure that they will be using a DKU CR/NC option in an appropriate manner. Students who use S/U on a Duke course that cannot be transferred over as CR/NC at DKU will not earn credits for the course and may be ineligible to retake it at either institution. For courses taken at universities other than Duke University: Transfer of academic credit from non Duke host institutions or programs is neither automatic nor guaranteed. Students should approach course planning carefully and thoroughly familiarize themselves with advising materials and the course approval and transfer process detailed in the Office of Global Education website and Sakai site. Students should complete the course approval process before committing to attend any program. Most courses taken on study away programs are eligible to transfer to DKU as general elective credits, although suitable courses may be submitted for review as full equivalencies or thematic area equivalencies that fulfill major requirements. Only courses taken in which grades of C- or better have been earned are acceptable for transfer credit; courses taken at other institutions with CR/NC grading or the equivalent are not accepted for transfer credit. Students must be able to submit an official transcript, with credits and grades provided by the host institution to the Office of Registrar, DKU. All courses approved for transfer are listed on the student’s permanent record at Duke Kunshan University, but grades earned are not recorded or used in determining the grade point average.",476,5,University Policy and Transfer Credit,7.441018,8.551063,p00074|p00129|p00122|p00127|p00125
p00237,"Part 8: Career Services, Study Away, and Research Opportunities",Office of Global Education and Study Away,Insurance,76,"Students are required to have insurance that covers them on-site while studying away. Medical costs and insurance fees/coverage vary by country; students and parents are ultimately responsible for their own medical coverage, and should carefully research and consider their needs throughout participation in a program. Some programs require proof of insurance separately, and others include insurance coverage in program participation fees.",61,7,"Credits, Load, and Grading",8.370652,9.150763,p00101|p00112|p00103|p00105|p00102
p00238,"Part 8: Career Services, Study Away, and Research Opportunities",Office of Global Education and Study Away,Visas,76,"Although most programs provide assistance or advice for arranging visas, students ultimately bear responsibility for understanding immigration policies for students in their study away countries, and for ensuring they are compliant with local immigration policy and laws. Similarly, students should research and understand all immigration policies related to their successful return to their home countries and/or DKU following their study away experience.",62,5,University Policy and Transfer Credit,7.4535527,9.650303,p00258|p00235|p00231|p00259|p00232
p00239,Part 9: Student Affairs and Campus Life,Student Affairs,,77,"The Office of Student Affairs supports the physical and psychological wellbeing of students while providing a global student centered co-curricular experience that encourages them to lead purposeful and productive lives. We promote an inclusive and holistic community by challenging and supporting students with opportunities that foster self-awareness, cross cultural competence, and leadership skills while encouraging a sustained commitment to learning, integrity, and mutual respect.",64,2,Media and Arts,6.406313,9.692122,p00240|p00242|p00213|p00245|p01113
p00240,Part 9: Student Affairs and Campus Life,Student Affairs Conceptual Framework,,77,"Every area in Student Affairs is guided by best practices rooted in student development theory. Student Affairs practitioners fully understand the developmental stages of college students and provide programs, services, and initiatives that meet the diverse needs of our domestic and international students from across the globe. Our intent is to challenge and support every student to be the best version of themselves academically, personally, and socially. In-keeping with the joint-venture nature of Duke Kunshan University, Student Affairs is a member of NASPA (Student Affairs Administrators in Higher Education) and ACPA (College Student Educators International), based in the United States, and also a member of APSSA (Asia Pacific Student Services Association) and IASAS (International Association of Student Affairs and Services). Student Affairs staff access professional development journals and training materials consistently to update themselves so that they may provide programs and services that meet the diverse needs of students from China and countries across the globe.",156,5,University Policy and Transfer Credit,6.6942825,9.744374,p00239|p00004|p00008|p00068|p00258
p00241,Part 9: Student Affairs and Campus Life,Student Affairs Conceptual Framework,Core Values,77,• Cultural Competence: • Health and wellness • Critical Thinking • Leadership • Social Responsibility • Respect,17,0,Politics and Global Affairs,3.5384984,9.088209,p01113|p00002|p00245|p00239|p00401
p00242,Part 9: Student Affairs and Campus Life,Residence Life,,77,"Our mission is to create opportunities to live, learn, and lead. Committed to creating these opportunities, Residence Life works collaboratively with students, parents, faculty, and staff to help residents navigate their DKU journey in a safe, diverse, inclusive, stimulating, and vibrant community. Along the way, we challenge and support residents to develop their potential, achieve their goals, and prepare for global citizenry. We are a department within the office of Student Affairs, reporting to the Dean of Student Affairs. Simply, Residence Life is responsible for the community building aspects of living on campus. We oversee the RLC team, RA teams, community events and programs, and residential student conduct as well as the room application, assignment, and billing processes. For more information about Residence Life, see our website (https://dukekunshan.edu.cn/en/student-life/residence-life) or email us at residencelife@dukekunshan.edu.cn.",133,5,University Policy and Transfer Credit,7.235855,9.6485,p00244|p01208|p00260|p00239|p00258
p00243,Part 9: Student Affairs and Campus Life,Residence Life,,78,"We work closely with, but are separate from, the Housing department, who is responsible for the facilities aspects of living on campus such as cleaning, maintenance, room inspections, work requests, indoor air quality, water drinkability, rental refrigerator coordination, and more.",40,7,"Credits, Load, and Grading",7.2431297,9.512805,p00244|p00242|p00260|p00239|p00240
p00244,Part 9: Student Affairs and Campus Life,Accommodations,,78,"All undergraduate students are required to reside on campus, all four years. On campus includes the main campus as well as any buildings off site that are owned, leased, or operated by the University. Our residence halls are homes for the students who live there. Many people use the word “dorm” to describe the places students live on university campuses. “Dormitory” is word derived from the Latin for “sleep”. Since our facilities are part of something far more impactful and meaningful than sleep alone, we use the term residence hall to describe any of the residential buildings. Each hall is supervised by a full-time Residence Life Coordinator, who also lives in the building. Further, each Residence Life Coordinator supervises a team of Resident Assistants who help students develop a sense of community. Information about each residence hall can be found online: https://dukekunshan.edu.cn/en/student-life/residence-life/residence-halls. Room assignments are made by Residence Life, before the school year begins, through the Mercury system. Within the room assignment application, information about roommate matching, building preferences, and room type preferences will be collected, and students will sign a Room Assignment Agreement. While we collect these preferences, we ask for your understanding that there are limitations that don’t enable us to give everyone exactly what they prefer. The options available and application timelines for different academic programs and levels is slightly different, so be sure to pay attention to emails sent by Residence Life and information posted online: https://dukekunshan.edu.cn/en/student-life/residence-life/applying-room-assignment.",241,7,"Credits, Load, and Grading",7.3808002,9.468954,p00242|p00243|p00260|p00189|p01204
p00245,Part 9: Student Affairs and Campus Life,Leadership Development,,78,"The Global Leadership Academy is designed to help students become global leaders who can positively impact the campus, Kunshan community, and the world. The Global Leadership Academy was created and rooted in a theoretical framework that helps students understand consciousness of self, congruence, commitment, common purpose, controversy with civility, collaboration, and citizenship. Throughout the six term, experience-tiered Academy growing in depth and breadth each term of participation, participants discover who they are as a leader, explore different aspects of leaderships, and blaze their own trail of continued leadership development.",89,2,Media and Arts,3.6974297,9.175102,p01113|p00008|p00239|p00004|p00790
p00246,Part 9: Student Affairs and Campus Life,Campus Engagement,,79,"Campus Engagement serves students by offering programs that foster inter-cultural knowledge building and understanding, co-curricular learning, community involvement, peer-to-peer interaction, arts & cultural exploration, and personal development. These programs are done in partnership within the Campus Engagement areas of Arts & Culture, the Blue Oasis Student Center, Campus Programs, and Clubs and Organizations. https://dukekunshan.edu.cn/en/student-life/campus-engagement.",54,2,Media and Arts,6.3422155,9.969171,p00225|p00250|p00251|p00249|p00020
p00247,Part 9: Student Affairs and Campus Life,Arts and Culture,,79,"Duke Kunshan University provides students an array of opportunities to expand, enhance, and explore the areas of Arts, Culture and Entertainment. This is done through various creative mediums such as visual arts and crafts workshops, performances, excursions incorporating artists and/or personalized crafts plus local cultural excursions to Shanghai and around Jiangsu Province. One DKU’s signature programs is the Arts & Music Festival Week where many of these mediums come to life on campus. Other major series initiatives include, but are not limited to, Arts November, Creative Makers’ Studio, and This is Jiangsu Series. We hope to provide students with opportunities to showcase their artistic talents and connect the community through arts and culture!",113,5,University Policy and Transfer Credit,6.72439,10.296594,p00250|p00001|p00251|p00005|p00008
p00248,Part 9: Student Affairs and Campus Life,Blue Oasis Student Center,,79,"The Blue Oasis – DKU Student Center (BOSC) is a multi-functioned student centered space located by the lake at the Dayu Bay commercial street within less than 10-minute walk from the West Gate of the university. BOSC is a two-floor complex with different room setups to accommodate various types of events and activities. We welcome students to propose ideas and activities to support in implement them. Whether you want to study, hang out with your friends, or just come have fun at BOSC activities, this is the place to be! BOSC is staffed by student workers and is overseen by the Office of Campus Engagement.",105,2,Media and Arts,6.6048017,10.128534,p00249|p00246|p00010|p00242|p00253
p00249,Part 9: Student Affairs and Campus Life,Blue Oasis Student Center,,79,The Blue OASIS – DKU Student Center - ‘It is Student Centered here.’,13,2,Media and Arts,6.624306,10.088527,p00248|p00246|p00005|p00242|p00808
p00250,Part 9: Student Affairs and Campus Life,Campus Programs,,79,"Learning occurs both inside the classroom as well as outside the classroom. At Duke Kunshan University, we believe that students who are involved in campus life through student leadership and participation in co-curricular activities such as sports, group excursions, service learning, voluntary community work, paid or un-paid internships, and cultural, social, and inter-cultural events will not only build self-confidence in their personal development, they will also do work that benefits the campus community and the local community at large. Ultimately, students engaged in student involvement personally benefit from these experiences and community building opportunities. Check out the campus event calendar and opportunities at https://dukekunshan.campuslabs.com/engage. A sample of some of our key student activities for students to engage and cross-culturally connect include weekly programs such as our DKU Cinema and DKU Spotlight programs which showcase movie showings and put on student performances respectively. Activities also include campus wide dances, arts & culture workshops and excursions, boardgame nights, and karaoke to name a few. To help students learn more about China, students can partake in a student excursion program called DKU Quest - Exploring China's Beauty and Mystery where students are taken across China on excursions to places like the Zhejiang Anji Baofu Bamboo Forest, a Sichuan Tibetan Village, Nanjing, Beijing and the Great Wall, Zhang Jia Jie National Park (Avatar Mountains), and Huangshan (Yellow) Mountains.",224,5,University Policy and Transfer Credit,6.7328157,10.204834,p00247|p00005|p00251|p00004|p00259
p00251,Part 9: Student Affairs and Campus Life,Campus Programs,,80,"These activities constitute an exciting and important part of the Duke Kunshan University experience in serving the diverse needs and interests of our students and promoting connections outside the classroom. These opportunities also provide leadership skills, development opportunities and serve to empower students culturally, socially, and intellectually.",47,5,University Policy and Transfer Credit,6.7458005,10.109193,p00008|p00001|p00022|p00018|p00019
p00252,Part 9: Student Affairs and Campus Life,Student Clubs and Organizations,,80,"Duke Kunshan University offers clubs in various categories to meet the diverse cross-cultural and academic interests of the student body. Club categories include Arts and Performance, Community Service, Cultural, General Interest, Professional and Academic, Sports, and Student-Run Publications. As clubs, opportunities are created for leadership development and personal growth. To assist in this, all student clubs and organizations must have an advisor who is a faculty member or a full-time staff. All must go through an online and electronic process to be approved which includes a club/organizational constitution with a description of the organization, mission statement, membership details, and structure of its leadership and overall organization. DKU has over 65 active student clubs and organizations.",115,5,University Policy and Transfer Credit,6.916496,10.186272,p00001|p00005|p00251|p00018|p00221
p00253,Part 9: Student Affairs and Campus Life,Athletics & University Sports,,80,"The Athletics Department oversees the Physical Education, Sport and Recreation programs at DKU. Overall, our varsity sports, recreation and physical activity program is designed to promote diversity in physical activity, reflect on students’ interests, and provide an opportunity for intra varsity competition. We offer over 20 different sports and activities on a rolling basis. Clubs are generally categorized into recreational clubs that are simply for students’ leisure, while varsity clubs have school teams that participate in various leagues and tournaments, and represent the university at the interscholastic competitions. Sport clubs also organize on-campus intramural competitions that run throughout the year. We offer all the necessary support to help you start a new club if there is student interest in creating a club for activities that we do not offer. Recreational activities are designed to take students off-campus and experience non-traditional activities. These activities range from hiking, rafting and caving trips, to visiting BMX ride arenas, professional game events and organizing student teams that compete in events such as the Suzhou Marathon, Dragon Boat race and Shanghai Mile. Our facilities include a soccer stadium, outdoor multi-sport courts, and a fitness center that offers a range of cardio equipment, free weights and exercise machines, and hosts daily fitness classes such as yoga, Pilates, tai-chi, dance, and many others. For more information about the club sports, fitness and recreation, PE program, and additional athletics and recreation programs, visit the DKU Athletics website: https://dukekunshan.edu.cn/en/campus-life/student-life/athletics.",240,3,Language and Communication,6.9115076,10.701645,p00250|p00252|p01046|p00010|p00257
p00254,Part 9: Student Affairs and Campus Life,Counseling and Psychological Services (CAPS),,81,"Counseling services is an important part of the Duke Kunshan University community and it supports DKU student’s mental health needs. We provide assistance to individuals to address mental health issues such as anxiety, depression and adjustment challenges. More importantly, CAPS provides services to help students cultivate resilience and psychological flexibility, and aims to create a healthy community through various community mental health engagement activities. CAPS places deep value in outreach programming and community engagement through various learning series on topics such as diversity, self-identity, self-confidence, how to form healthy intimate relationship, and how to live a meaningful college life.",99,5,University Policy and Transfer Credit,6.662363,9.929052,p00255|p00005|p00252|p00008|p00251
p00255,Part 9: Student Affairs and Campus Life,Counseling and Psychological Services (CAPS),,81,"CAPS is also charged with and is committed to providing educational opportunities for students with disabilities. CAPS uses a multifaceted team-based approach to determine eligibility for services and accommodations to qualiﬁed ﬁrst-year students, sophomores, juniors, and seniors as well as graduate students. Our goal is to provide and coordinate accommodations that enable students with disabilities to have equal access to all Duke Kunshan University programs and activities. Services and accommodations are provided to students with a variety of disabilities including, but not limited to, learning disabilities, psychological disorders, mobility, and chronic health as well as other medical conditions.",98,5,University Policy and Transfer Credit,6.6714177,9.726189,p00254|p00252|p00213|p00251|p00018
p00256,Part 9: Student Affairs and Campus Life,Campus Health Clinic,,81,"The clinic provides basic medical services and first aid to students, and to faculty and staff on an emergency basis. It also provides workshops that educate the campus community on public health issues, and ways to prevent communicable diseases. Protocols are set up to handle medical emergencies on campus. The clinic aims to promote and enhance individual’s personal health and well-being by staying fit, resulting in a healthy campus. All clinical staff members are expected to maintain the strictest confidentiality when handling Personal Health Information (PHI). Student Affairs staff members are trained to maintain confidentiality of student information, student data and records, and disciplinary records (with limited exceptions such as when there is a crisis or crime being committed). The Clinic provides health education workshops to educate the campus community on handling emergency incidents, how to use an Automated External Defibrillator (AED), perform Cardiopulmonary Resuscitation (CPR), and apply First Aid. The clinic also provides seasonal flu immunizations.",157,7,"Credits, Load, and Grading",8.198304,8.866655,p00142|p00239|p00796|p00199|p00210
p00257,Part 9: Student Affairs and Campus Life,Chinese Student Services and Student Mobility,,82,"This office provides military training, transitional support related with Dang'An, Hukou, and train ticket discounts based on MOE's prescriptive procedures only for Chinese mainland students. Military training is essential for Chinese mainland students to learn at minimum military related theory, physical training, and field survival training. The office usually facilitates military training by the end of the first academic year. The office receives the Dang'An from the student's high school, files and keeps it. The file is kept in the office for four years and transfers to the place where students will go after their graduation. The office works with the local the Public Security Bureau (Police) to receive Hukou students transferred from their hometown to be registered as local resident although it's not mandatory. The MOE provides a discount for round-trip train tickets between home and DKU twice a year. The office purchases and places the discount sticker in the student's booklet to certify the discount. In addition to supporting Chinese students, Chinese Student Services provides a series of programs such as social practice, community service, and volunteer programs for all students. The intent is to promote interactions between Chinese students and international students to encourage diversity and inclusion within the DKU community.",204,5,University Policy and Transfer Credit,7.532805,9.530329,p00258|p00259|p00235|p01207|p00046
p00258,Part 9: Student Affairs and Campus Life,International Student Services,,82,"This office provides visa information to international students, and works with the local Public Security Bureau (Police) and Entry-Exit Inspection and Quarantine Bureau (Immigration) to ensure the smooth processing of student visas, temporary residence permits, and residence registration for all students, both domestic Chinese and international students. In addition to helping students with their legal onboarding requirements, International Student Services provides an array of university programs aimed at helping international students' integration with DKU, Kunshan and surrounding areas. Programs offered through this area allow for cross-cultural interaction among the very diverse student body at DKU.",95,5,University Policy and Transfer Credit,7.3190994,9.775693,p00259|p00238|p00232|p00257|p00250
p00259,Part 9: Student Affairs and Campus Life,Host Family Program,,82,International Student Services facilitates pairing international students with local Kunshan families. It provides participants precious opportunities to be a part of the local community during their stay at DKU. The program creates intercultural experiences and language exchange opportunities and helps students expand their support system.,45,5,University Policy and Transfer Credit,6.9060183,10.045213,p00258|p00005|p00250|p00251|p00252
p00260,Part 9: Student Affairs and Campus Life,Student Conduct,,83,"Duke Kunshan University expects students to hold themselves to the highest standards for honesty, integrity, fairness, and responsibility in their academic and co-curricular endeavors. All students are expected to follow all university rules, policies, procedures, and processes. While there are various avenues for this, student need to familiarize themselves with the Student Code of Conduct. The handbook can be accessed via the intranet: http://in.dukekunshan.edu.cn/App. It is located at the bottom left under “Student Affairs.” Students living in on-campus residence are expected to abide by University rules on group living expectations and standards (Residence Life Policies), Health and Safety Policies, plus Residence Life Student Conduct processes and sanctions.",107,5,University Policy and Transfer Credit,7.329994,9.461797,p00018|p00203|p00251|p00198|p00236
p00261,Part 9: Student Affairs and Campus Life,Student Conduct,,83,"The Office of Student Conduct views student conduct as an educational process, when possible. While some violations can be so severe that separation from the community is required, when possible, we take into account the violation, nature of the offense, personal circumstances of the student and what lessons can be learned. The intent is that the student will learn and grow from the experience to become a more productive and engaged citizens of the community.",75,2,Media and Arts,8.457178,8.357002,p00205|p00239|p00201|p00260|p00114
p00262,Part 10: Majors and Courses,Requirements for All Majors,,84,All students regardless of their choice of major will be required to take the following courses. Other specific major requirements are listed under each major.,25,7,"Credits, Load, and Grading",5.5845146,7.786338,p00397|p00286|p00058|p00473|p00389
p00263,Part 10: Majors and Courses,Requirements for All Majors,Course Code Course Name Course Credit,84,"GCHINA 101 China in the World GLOCHALL 201 Global Challenges in Science, Technology, and Health ETHLDR 201 Ethics, Citizenship & the Examined Life",23,4,"China, History, and Culture",-1.0558213,10.7245,p00416|p00461|p00417|p00398|p00777
p00264,Part 10: Majors and Courses,Requirements for All Majors,Distributional Requirement and Quantitative Reasoning Course Requirement (16 Credits),84,Please see details in Part 3: The Curriculum.,8,2,Media and Arts,5.7535453,8.58926,p00267|p00042|p00654|p00048|p00075
p00265,Part 10: Majors and Courses,Requirements for All Majors,Requirements Course Credit,84,Arts and Humanities Distributional Requirement Social Sciences Distributional Requirement Natural and Applied Sciences Distributional Requirement Quantitative Reasoning Course Requirement,19,7,"Credits, Load, and Grading",5.936504,8.057173,p00042|p00049|p00041|p00053|p00034
p00266,Part 10: Majors and Courses,Requirements for All Majors,Language Courses (8-16 Credits),84,Please see details in Part 3: The Curriculum. Students in the English for academic purposes (EAP) track are required to take eight credits of EAP courses - EAP 101A to EAP 102B; they can also take 200+ level EAP elective courses or WOC courses to further develop their academic English skills. Students in the Chinese as Second Language (CSL) track need to take 8-16 credits of CHINESE courses appropriate to their Chinese skill level. Students in the Third Language track can satisfy their foreign language requirement by taking 8 credits of written and oral communication (WOC) courses or Third Language (TLANG) independent study courses through the Language Learning Studio.,109,3,Language and Communication,6.637029,8.7129545,p00055|p00057|p00120|p00166|p00654
p00267,Part 10: Majors and Courses,Requirements for All Majors,Two Signature Work Capstone Courses (8 credits),85,Resulting in a Signature Work Product. Please see details in Part 3: The Curriculum.,14,7,"Credits, Load, and Grading",5.9353704,8.8805275,p00067|p00072|p00068|p00264|p00076
p00268,Part 10: Majors and Courses,Requirements for All Majors,Course Code Course Name Course Credit,85,CAPSTONE 495 Signature Work Capstone I CAPSTONE 496 Signature Work Capstone II,12,1,Natural Science and Computation,5.9837136,9.106743,p00072|p00267|p00067|p00255|p00150
p00269,Part 10: Majors and Courses,Requirements for All Majors,Required Experiential Learning,85,"1 Non-credit Mini-Term Course (Not required for the Class of 2022) 1 Signature Experiential Activity: Research, Internships, Community-Based Field Work, Civic Engagement",22,7,"Credits, Load, and Grading",5.773409,9.1299305,p00067|p00076|p00068|p00072|p00291
p00270,Part 10: Majors and Courses,Majors (listed in alphabetical order),Applied Mathematics and Computational Sciences with tracks in Computer Science and Mathematics,86,The Computer Science track is only available to the Class of 2025 and beyond.,14,1,Natural Science and Computation,5.564694,7.276615,p00310|p00294|p00282|p00292|p00289
p00271,Part 10: Majors and Courses,Majors (listed in alphabetical order),Applied Mathematics and Computational Sciences with tracks in Computer Science and Mathematics,86,"We live in an era where the availability of unprecedented amounts of information and computing resources is erasing the traditional boundaries between disciplines. This is creating new opportunities for multidisciplinary teams to actively engage with and to change the world around them. Experts who combine deep disciplinary knowledge in Mathematics and Computer Science with interdisciplinary skills will play a leading role in such multidisciplinary teams. Applied Mathematics and Computational Sciences is a highly interdisciplinary field which integrates concepts and principles from Mathematics and Computer Science and applies them to Sciences, Engineering, Humanities, and Business. Its distinctive character is an emphasis on modeling and computational thinking that is firmly based on solid theoretical foundations. The vision of the major in Applied Mathematics and Computational Sciences is to educate students who combine world-class disciplinary education with the leadership and communication skills to facilitate interaction with other disciplines, and who can easily adapt to changing circumstances, trends, and societal needs. The major, in coordination with the Zu Chongzhi Center for Applied Mathematics and Computational Sciences, tracks the latest developments in academic and industrial research and prepares students for graduate studies and a competitive job market with a combination of skills that are not typically offered in traditional undergraduate Applied Mathematics and Computer Science programs. The major in Applied Mathematics and Computational Sciences aims to let students explore Mathematics and Computer Science at three levels. First, within each discipline, traditional courses help students acquire the necessary foundational theoretical background. Second, at an interdisciplinary level, students explore the relation between the Mathematics track and the Computer Science track through the interaction of mathematical principles and programming in courses such as Numerical Analysis. The two tracks complement each other and integrate their disciplinary perspectives into coherent and distinctive problem-solving approaches. Third, students go beyond strict disciplinary boundaries in several courses that combine mathematical or computer science foundations with applications to other disciplines and applied projects that also prepare students for Signature Work outside their disciplinary boundaries.",330,1,Natural Science and Computation,3.1224298,5.66342,p00282|p00289|p00658|p00311|p00292
p00272,Part 10: Majors and Courses,Majors (listed in alphabetical order),Major Requirements,87,"(Not every course listed is offered every term, and the course list will be updated periodically. Please refer to the online Course Catalog for Courses offered in 2021-2022.)",28,7,"Credits, Load, and Grading",5.6149087,7.5441027,p00570|p00389|p00305|p00286|p00473
p00273,Part 10: Majors and Courses,Majors (listed in alphabetical order),And complete the following courses,87,BIOL 110 Integrated Science – Biology CHEM 110 Integrated Science – Chemistry PHYS 121 Integrated Science – Physics,18,1,Natural Science and Computation,0.8222509,5.1083217,p00388|p00619|p00383|p00465|p00585
p00274,Part 10: Majors and Courses,Majors (listed in alphabetical order),Course Code Course Name Course Credit Choose one course from the following two courses,87,COMPSCI 101 Introduction to Computer Science STATS 102 Introduction to Data Science,12,1,Natural Science and Computation,3.6284633,5.6223927,p00283|p00366|p00276|p00281|p01169
p00275,Part 10: Majors and Courses,Majors (listed in alphabetical order),And complete the following courses,87,MATH 201 Multivariable Calculus MATH 202 Linear Algebra MATH 205 Probability and Statistics MATH 302 Numerical Analysis,17,1,Natural Science and Computation,2.464476,5.424427,p00293|p00367|p00378|p00287|p00523
p00276,Part 10: Majors and Courses,Majors (listed in alphabetical order),Course Code Course Name Course Credit,88,COMPSCI 201 Introduction to Programming and Data Structures COMPSCI 203 Discrete Math for Computer Science COMPSCI 205 Computer Organization and Programming COMPSCI 308 Design and Analysis of Algorithms,28,1,Natural Science and Computation,3.6603267,5.5624466,p00283|p00274|p00281|p00673|p00366
p00277,Part 10: Majors and Courses,Majors (listed in alphabetical order),And choose one from the following three courses,88,COMPSCI 306 Introduction to Operating Systems COMPSCI 310 Introduction to Databases COMPSCI 311 Computer Network Architecture,16,1,Natural Science and Computation,3.741735,5.5090265,p00283|p00274|p00276|p00280|p00279
p00278,Part 10: Majors and Courses,Majors (listed in alphabetical order),And choose one from the following three courses,88,Electives Courses listed in the table below are recommended electives for the major and the course list will be updated periodically. Students can also select other courses in different disciplines or divisions as electives.,34,7,"Credits, Load, and Grading",5.4430323,7.6821394,p00286|p00473|p00397|p00389|p00305
p00279,Part 10: Majors and Courses,Majors (listed in alphabetical order),Course Code Course Name Course Credit Architectures (Hardware and Cloud),88,COMPSCI 303 Search Engines COMPSCI 401 Cloud Computing,8,1,Natural Science and Computation,3.7744951,5.4531703,p00280|p00313|p00369|p00277|p00314
p00280,Part 10: Majors and Courses,Majors (listed in alphabetical order),Programming and Software Engineering,88,COMPSCI 307 Cloud Computing COMPSCI 320 Search Engines COMPSCI 403 Cloud Computing,12,1,Natural Science and Computation,3.7473881,5.47473,p00279|p00314|p00277|p00369|p00313
p00281,Part 10: Majors and Courses,Majors (listed in alphabetical order),Machine Learning and AI,88,COMPSCI 204 Introduction to Artificial Intelligence COMPSCI 309 Elements of Machine Learning MATH 405 Mathematics of Data Analysis and Machine Learning,21,1,Natural Science and Computation,3.5684133,5.4013124,p00366|p00313|p00283|p00276|p00274
p00282,Part 10: Majors and Courses,Majors (listed in alphabetical order),Machine Learning and AI,89,Applied Mathematics and Computational Sciences/Mathematics (for the Class of 2025 and beyond),12,1,Natural Science and Computation,2.9627597,5.3889894,p00289|p00292|p00271|p00928|p00662
p00283,Part 10: Majors and Courses,Majors (listed in alphabetical order),Course Code Course Name Course Credit Take one from the following three courses,89,COMPSCI 101 Introduction to Computer Science STATS 102 Introduction to Data Science COMPSCI 201 Introduction to Programming and Data Structures,20,1,Natural Science and Computation,3.6844308,5.6157684,p00274|p00276|p00366|p00281|p00661
p00284,Part 10: Majors and Courses,Majors (listed in alphabetical order),Course Code Course Name Course Credit,90,MATH 303 ODE and Dynamical Systems MATH 307 Complex Variables MATH 308 Real Analysis MATH 401 Abstract Algebra,18,1,Natural Science and Computation,2.0868363,5.1502433,p00290|p00293|p00927|p00285|p00931
p00285,Part 10: Majors and Courses,Majors (listed in alphabetical order),And choose one course from the following four courses,90,MATH 403 Partial Differential Equations MATH 404 Stochastic Modeling & Computing MATH 405 Methods for Data Analysis MATH 406 Mathematical Modeling,21,1,Natural Science and Computation,2.4008422,5.359698,p00367|p00275|p00287|p00290|p00293
p00286,Part 10: Majors and Courses,Majors (listed in alphabetical order),And choose one course from the following four courses,90,Courses listed in the table below are recommended electives for the major and the course list will be updated periodically. Students can also select other courses in different disciplines or divisions as electives.,33,7,"Credits, Load, and Grading",5.481234,7.652889,p00278|p00473|p00389|p00397|p00305
p00287,Part 10: Majors and Courses,Majors (listed in alphabetical order),Course Code Course Name Course Credit,90,MATH 301 Advanced Introduction to Probability STATS 301 Statistics MATH 306 Number Theory MATH 316 / ECON 316 Discrete Time Finance,21,1,Natural Science and Computation,2.3128684,5.6009564,p00378|p00477|p00275|p00367|p00293
p00288,Part 10: Majors and Courses,Majors (listed in alphabetical order),Course Code Course Name Course Credit,90,MATH 408 Differential Geometry MATH 409 Topology MATH 450 Measure and Integration,12,1,Natural Science and Computation,2.2869983,5.196638,p00285|p00293|p00499|p00523|p00275
p00289,Part 10: Majors and Courses,Majors (listed in alphabetical order),Course Code Course Name Course Credit,91,Applied Mathematics and Computational Sciences/Mathematics (for the Classes of 2022 2024)11,11,1,Natural Science and Computation,2.989069,5.3142548,p00282|p00292|p00271|p00662|p00928
p00290,Part 10: Majors and Courses,Majors (listed in alphabetical order),Course Code Course Name Course Credit,91,MATH 302 Numerical Analysis MATH 303 ODE and Dynamical Systems,10,1,Natural Science and Computation,2.1818972,5.1581163,p00284|p00926|p00285|p00275|p00927
p00291,Part 10: Majors and Courses,Majors (listed in alphabetical order),And choose two courses from the following four courses,91,11 Students from the Classes of 2022-2024 who prefer to meet the major requirements for Applied,16,7,"Credits, Load, and Grading",6.0659,7.747304,p00063|p00294|p00058|p00075|p00049
p00292,Part 10: Majors and Courses,Majors (listed in alphabetical order),And choose two courses from the following four courses,91,Mathematics and Computational Sciences with a track in Mathematics for the Class of 2025 and beyond must contact the Office of Undergraduate Advising. (See section on Major Requirements in Part 3).,31,1,Natural Science and Computation,3.1083333,5.4797387,p00282|p00289|p00932|p00662|p00271
p00293,Part 10: Majors and Courses,Majors (listed in alphabetical order),Course Code Course Name Course Credit,92,MATH 201 Multivariable Calculus MATH 202 Linear Algebra MATH 205 Probability and Statistics MATH 307 Complex Variables MATH 308 Real Analysis MATH 401 Abstract Algebra,25,1,Natural Science and Computation,2.4660943,5.4165583,p00275|p00367|p00378|p00287|p00523
p00294,Part 10: Majors and Courses,Majors (listed in alphabetical order),Behavioral Science with tracks in Psychology and Neuroscience,93,This major is not available to the Class of 2022. It is available for the Class of 2023 and beyond.,20,7,"Credits, Load, and Grading",5.788208,7.476863,p00310|p00291|p00270|p00063|p00272
p00295,Part 10: Majors and Courses,Majors (listed in alphabetical order),Behavioral Science with tracks in Psychology and Neuroscience,93,"The new field of behavioral science seeks to understand how humans think and act within their environments and how policies can shape that behavior. For example, research showing the power of default options on decision making has led to the introduction of “opt-out” policies for decisions like becoming an organ donor or contributing to one’s retirement account, leading to marked increases in participation (e.g., millions of newly eligible organ donors). Across many institutions – governmental, educational, and corporate – effective interventions rely on an understanding of human behavior. Behavioral science has been commonly applied to problems in marketing, health science, financial investing, charitable giving, human factors and environmental design, and education.",111,6,"Environment, Health, and Policy",1.480086,7.5674543,p00296|p00574|p00582|p00297|p00583
p00296,Part 10: Majors and Courses,Majors (listed in alphabetical order),Behavioral Science with tracks in Psychology and Neuroscience,93,"The twin goals of behavioral science – understanding mechanisms of individual behavior and developing policies that shape that behavior – require students to develop a knowledge base drawn from several disciplines. Empirical behavioral science research draws upon the methods of psychology (and, more recently, neuroscience) to create well-designed experiments and measures. Computational modeling and statistics have become increasingly important for isolating the variables that shape behavior, especially when examining the consequences of large-scale interventions. Applications to policy often require disciplinary knowledge in behavioral economics, political psychology, marketing, or another field. And, considering the implications of new policies benefits from expertise in philosophy and ethics. In summary, an integrated course of study in behavioral science will combine disciplinary knowledge with the abilities to evaluate experimental designs, to draw conclusions from experimental data, and to link concepts across levels of analysis from individual behavior to societal policies.",145,6,"Environment, Health, and Policy",1.5291666,7.7109866,p00297|p00574|p00582|p00575|p00295
p00297,Part 10: Majors and Courses,Majors (listed in alphabetical order),Behavioral Science with tracks in Psychology and Neuroscience,93,"Behavioral science will provide a distinct program of study for DKU undergraduates – one that integrates research approaches and theories currently spread across the social sciences (and some of the natural sciences). Because the most common empirical approaches in sociology, economics, and political science all involve analysis of population-level data (e.g., large panel surveys, census records), students in those majors typically gain expertise working with and evaluating datasets collected by others. Behavioral science provides a complementary approach that develops expertise in experimental methods.",83,6,"Environment, Health, and Policy",1.6149722,7.7884083,p00299|p00296|p00575|p00574|p00298
p00298,Part 10: Majors and Courses,Majors (listed in alphabetical order),Behavioral Science with tracks in Psychology and Neuroscience,93,"To identify the difference between these approaches, consider a student interested in how demography predicts voting behavior. Through a traditional social science major – say, political science or sociology – that student could learn to analyze census data, voting records, and economic variables to create models at the societal level. Or, by choosing to major in Behavioral Science, that same student could conduct laboratory experiments that test predictions about group identity and political affiliation – and then use her findings to design field experiments that manipulate self-identity and measure real-world political preferences. This latter skillset has become increasingly valued by policymakers, who use the methods of behavioral science to guide their social interventions.",113,6,"Environment, Health, and Policy",1.4300647,7.868751,p00297|p00296|p00577|p00575|p01152
p00299,Part 10: Majors and Courses,Majors (listed in alphabetical order),Behavioral Science with tracks in Psychology and Neuroscience,94,"Through its interdisciplinary component, students will gain core skills that have broad relevance for modern societal challenges, while retaining a grounding in a traditional academic discipline like psychology or neuroscience. Moreover, it could be readily integrated with other social science disciplines (e.g., economics, political science, sociology) based on student demand. Because of its focus on how an individual interacts with her environment, it will attract interest from students who think globally or cross-culturally. For example, encouraging pro-environmental behaviors may require somewhat different policies in the US, China, or another country, depending on cultural and economic factors. Students exploring a behavioral science major at DKU will not only receive a broad-based liberal arts education, but also gain highly marketable skills in experimental design, data analysis, and implementing research into policy.",129,2,Media and Arts,6.094924,9.949271,p00297|p00029|p00375|p00250|p00808
p00300,Part 10: Majors and Courses,Majors (listed in alphabetical order),Course Code Course Name Course Credit,95,BIOL 110 Integrated Science - Biology SOSC 101 Foundational Questions in Social Science STATS 101* Introduction to Applied Statistical Methods And choose one from the following 2 courses MATH 101 Introductory Calculus MATH 105 Calculus * Students who are more interested in computational modeling can take MATH 205 Probability and Statistics as a substitute for STATS 101.,57,1,Natural Science and Computation,2.3679767,7.642525,p00378|p00426|p00324|p00469|p00392
p00301,Part 10: Majors and Courses,Majors (listed in alphabetical order),Course Code Course Name Course Credit,95,"BEHAVSCI 101 Introduction to Behavioral Science BEHAVSCI 102 Mechanisms of Human Behavior BEHAVSCI 201 Individuals and Their Decisions BEHAVSCI 202 Institutions, Groups, and Society BEHAVSCI 401 Moving Beyond Nudges",29,6,"Environment, Health, and Policy",1.5487913,7.565572,p00574|p00577|p00575|p00308|p00296
p00302,Part 10: Majors and Courses,Majors (listed in alphabetical order),Course Code Course Name Course Credit,96,PSYCH 101 Introductory Psychology BEHAVSCI 402 Judgement and Decision Making,10,6,"Environment, Health, and Policy",1.4333262,7.4127707,p00303|p00583|p00309|p01092|p00306
p00303,Part 10: Majors and Courses,Majors (listed in alphabetical order),"And choose three courses total from Course Clusters I and II, with at least one course from each cluster Course Cluster I",96,PSYCH 102 Cognitive Psychology PSYCH 103 Developmental Psychology PSYCH 104 Social Psychology,12,2,Media and Arts,1.3054525,7.3509035,p00304|p00302|p01092|p00309|p00487
p00304,Part 10: Majors and Courses,Majors (listed in alphabetical order),Course Cluster II,96,NEUROSCI 102 Biological Basis of Behavior PSYCH 105 Abnormal Psychology NEUROSCI 212 Cognitive Neuroscience,14,1,Natural Science and Computation,1.3061478,7.057255,p00308|p00303|p00580|p00306|p00309
p00305,Part 10: Majors and Courses,Majors (listed in alphabetical order),Course Cluster II,96,Students can choose the recommended electives in their tracks or select other courses in different disciplines or divisions as electives. The course list will be updated periodically.,27,7,"Credits, Load, and Grading",5.4284163,7.6443315,p00397|p00278|p00286|p00473|p00389
p00306,Part 10: Majors and Courses,Majors (listed in alphabetical order),Course Code Course Name Course Credit,96,"PSYCH 110 Mindfulness, Stress, and Health: Eastern and Western Perspectives NEUROSCI 202 Medical Neuroscience BEHAVSCI 203 Comparative Analysis of Behavior BEHAVSCI 204 Experimental Philosophy GLHLTH 301 Global Health Research Methods PUBPOL 303 Policy Choice as Value Conflict ECON 309 Behavioral Finance",41,6,"Environment, Health, and Policy",1.051495,7.2568855,p00309|p00304|p01097|p00302|p00303
p00307,Part 10: Majors and Courses,Majors (listed in alphabetical order),Course Code Course Name Course Credit,97,ECON 333/ SOSC 333 Social and Economic Networks,8,6,"Environment, Health, and Policy",1.8892735,8.116786,p00354|p00478|p00726|p00567|p00549
p00308,Part 10: Majors and Courses,Majors (listed in alphabetical order),Course Code Course Name Course Credit,99,NEUROSCI 102 Biological Basis of Behavior BEHAVSCI 205 Systems and Circuits NEUROSCI 212 Cognitive Neuroscience NEUROSCI 301 Research Methods in Neuroscience BEHAVSCI 301 Computational Neuroscience,25,1,Natural Science and Computation,1.4043969,6.813361,p00304|p00580|p00301|p00986|p00581
p00309,Part 10: Majors and Courses,Majors (listed in alphabetical order),Course Code Course Name Course Credit,99,"PSYCH 110 Mindfulness, Stress, and Health: Eastern and Western Perspectives NEUROSCI 202 Medical Neuroscience BEHAVSCI 203 Comparative Analysis of Behavior BEHAVSCI 204 Experimental Philosophy GLHLTH 301 Global Health Research Methods PUBPOL 303 Policy Choice as Value Conflict ECON 309 Behavioral Finance POLSCI /PSYCH 313 Political Psychology",46,6,"Environment, Health, and Policy",1.0675529,7.398207,p00306|p00304|p01097|p00303|p00403
p00310,Part 10: Majors and Courses,Majors (listed in alphabetical order),"Computation and Design with tracks in Computer Science, Digital Media, and Social Policy",100,This major is only available to the Class of 2025 and beyond.,12,7,"Credits, Load, and Grading",5.852869,7.5701513,p00294|p00270|p00291|p00151|p00077
p00311,Part 10: Majors and Courses,Majors (listed in alphabetical order),"Computation and Design with tracks in Computer Science, Digital Media, and Social Policy",100,"Computer science is an intellectually rich and rapidly growing field that has had a profound effect on our society and everyday lives. Today, this field continues to expand in scope and depth and will remain an exciting place to work and learn in coming years. Computer Science majors are in high demand for well- paying jobs in technology, science, business, healthcare, and other sectors. At the same time, the wide- ranging impact of computer science tools and methods demands careful design of the algorithms and systems by which we deploy them, as well as an ability to critique their assumptions and effects in terms of social policy, media and communications, and the arts. The structure of the Computation and Design major combines foundational computer science knowledge with a diverse range of potential applications, which are presented within a wider context of scientific, social, and cultural challenges. Students in this major take five courses in common: Computation, Society and Culture; Computation and Problem Solving, Programming and Data Structures, Modeling and Predicting, and Digital Design. The major offers three distinct disciplinary tracks: • The Computer Science track focuses on the fundamentals of program design, software development, computer organization, systems and networks, theories of computation, principles of languages, and advanced algorithms and data. • The Social Policy track focuses on database systems, semantic knowledge production, and structured data to inform policy and shape reflective analysis. The track allows students to pursue three domain concentrations: urban design, environmental sustainability, and global networks. • The Digital Media track focuses on the application of computational media methods to cultural production at the intersection of design, technology, and society. It combines core courses on web design and data visualization with a selection of advanced courses such as 3D programming, human-computer interaction, interaction and physical computing, geographic information systems, and speculative and critical design. A focus on design thinking unites these tracks at the outset, and later in the senior seminar course, where students recombine into project groups to pursue collaborative projects. The deeply interdisciplinary focus of the curriculum allows students from a wide range of backgrounds and interests the opportunity to develop sufficient depth in computational methods to engage in informed realization of their potential. The tripartite structure of the major allows students to specialize within the context of Computation and Design while providing opportunities to come together in creative, problem- based teams. We anticipate that this sustained engagement with computation and design as the over-arching framework for their study will help to ensure that the students acquire breadth, depth, and an ability to collaborate in cross-functional teams.",431,1,Natural Science and Computation,3.450785,6.1361656,p00660|p00864|p00658|p00271|p00664
p00312,Part 10: Majors and Courses,Majors (listed in alphabetical order),And complete the following courses,101,"INFOSCI 102 Computation and Problem Solving INFOSCI 103 Computation, Society & Culture INFOSCI 104 Design Perspectives STATS 202 Modeling and Predicting COMPDSGN Senior Seminar",24,1,Natural Science and Computation,3.817087,6.131779,p00318|p00658|p00311|p00276|p00283
p00313,Part 10: Majors and Courses,Majors (listed in alphabetical order),Course Code Course Name Course Credit,102,COMPSCI 204 Introduction to Artificial Intelligence COMPSCI 210 Everything Data ECON 211 Intelligent Economics: An Explainable AI approach COMPSCI 302 Computer Vision STATS 302 Principles of Machine Learning COMPSCI 303 Search Engines COMPSCI 304 Speech Recognition COMPSCI 307 Software Design and Implementation COMPSCI 309 Elements of Machine Learning COMPSCI 320 Software Reliability COMPSCI 401 Cloud Computing STATS 401 Data Acquisition and Visualization,62,1,Natural Science and Computation,3.6455715,5.4073825,p00368|p00281|p00366|p00369|p00536
p00314,Part 10: Majors and Courses,Majors (listed in alphabetical order),Course Code Course Name Course Credit,103,COMPSCI 402 Artificial Intelligence STATS 402 Interdisciplinary Data Analysis STATS 403 Deep Learning,13,1,Natural Science and Computation,3.7079887,5.480954,p00369|p00366|p00313|p00281|p00280
p00315,Part 10: Majors and Courses,Majors (listed in alphabetical order),And choose one of the following two courses,104,ARHU101 The Art of Interpretation: Written Texts ARHU102 The Art of Interpretation: Image and Sound,15,2,Media and Arts,2.2774777,11.130189,p00443|p00409|p00355|p00842|p00568
p00316,Part 10: Majors and Courses,Majors (listed in alphabetical order),Course Code Course Name Course Credit,105,MEDIART 213 Foundations of Web-Based Multimedia Communications INFOSCI 301 Data Visualization and Information Aesthetics,14,2,Media and Arts,2.4799795,11.877603,p00320|p00512|p00516|p00508|p00321
p00317,Part 10: Majors and Courses,Majors (listed in alphabetical order),Course Code Course Name Course Credit,105,And choose three of the following six domain courses,9,7,"Credits, Load, and Grading",5.640905,8.030922,p00061|p00325|p00059|p00058|p00389
p00318,Part 10: Majors and Courses,Majors (listed in alphabetical order),Course Code Course Name Course Credit,105,INFOSCI 201 Interaction & Physical Computing INFOSCI 202 3D Modeling and Animation INFOSCI 303 Historical Geographical Information Systems INFOSCI 304 Unity 3D Programming and Interaction Design,26,1,Natural Science and Computation,3.902146,6.407132,p00312|p00867|p00667|p00323|p00664
p00319,Part 10: Majors and Courses,Majors (listed in alphabetical order),Course Code Course Name Course Credit,105,INFOSCI 306 Machine Reading: APIs for Text and Image Analysis for the Arts and Humanities INFOSCI 309 Speculative and Critical Design,21,2,Media and Arts,2.3200207,11.589203,p00320|p00443|p00842|p00315|p00839
p00320,Part 10: Majors and Courses,Majors (listed in alphabetical order),Course Code Course Name Course Credit,105,"INFOSCI 105 Experimental Interface Design MEDIART 106 The Visual Culture of News, Past and Present COMPSCI 201 Introduction to Programming and Data Structures STATS 201 Introduction to Machine Learning for Social Science GCULS 201 Culture and Industry INFOSCI 206 Urban Data Visualization and Communication Methods MEDIART 208 Comparative Media Systems and Chinese Mass Media COMPSCI 210 Everything Data HIST 211 Media History: Old and New MEDIART 211 Media, Arts, and Critical Theory",72,2,Media and Arts,2.3530247,11.933,p00508|p00321|p00335|p00512|p00316
p00321,Part 10: Majors and Courses,Majors (listed in alphabetical order),Course Code Course Name Course Credit,106,MEDIART 214 Media Theory HIST 220 Global Media History POLSCI 302 Public Opinion INFOSCI 302 Introduction to Geographical Information Science INFOSCI 305 Virtual Museums and Digital Culture Heritage LIT 307 Digital Storytelling INFOSCI 307 Archives Alive MEDIART 307 International Communication INFOSCI 308 Data and Visualization INFOSCI 311 Digital Cities: Representing the Past and Building the Future,56,0,Politics and Global Affairs,2.268635,12.112531,p00510|p00505|p00320|p00335|p00943
p00322,Part 10: Majors and Courses,Majors (listed in alphabetical order),Course Code Course Name Course Credit,106,"SOSC 314 Computational Social Science: Tools to Collect & Analyze Human Behavior Using Data from the Internet SOSC 315 Urban Sociology MEDIART 320 Hashtag Memes, Digital Tribes",27,6,"Environment, Health, and Policy",2.1128113,7.8124104,p00327|p01153|p00354|p00567|p00297
p00323,Part 10: Majors and Courses,Majors (listed in alphabetical order),Course Code Course Name Course Credit,106,INFOSCI 401 How They Got Game: History and Culture of Interactive Simulations and Video Games,15,2,Media and Arts,2.8186586,11.089005,p00972|p00791|p00459|p00318|p00516
p00324,Part 10: Majors and Courses,Majors (listed in alphabetical order),And complete the following courses,107,STATS 101 Introduction to Applied Statistical Methods SOSC101 Foundational Questions in Social Science,13,6,"Environment, Health, and Policy",2.3518076,7.9348283,p00426|p00435|p00337|p00348|p00378
p00325,Part 10: Majors and Courses,Majors (listed in alphabetical order),And complete the following courses,108,(Choose 2 Methods Courses and 3 Concentration Courses from the same concentration),12,7,"Credits, Load, and Grading",5.683235,8.030718,p00317|p00051|p01151|p00042|p00041
p00326,Part 10: Majors and Courses,Majors (listed in alphabetical order),Course Code Course Name Course Credit,108,STATS 201 Introduction to Machine Learning for Social Science COMPSCI 206/ ECON 206 Computational Microeconomics,15,6,"Environment, Health, and Policy",-1.6620195,8.640654,p00534|p00427|p00428|p00396|p00368
p00327,Part 10: Majors and Courses,Majors (listed in alphabetical order),Course Code Course Name Course Credit,108,STATS 305 Study Design: Design of Surveys and Causal Studies SOSC 314 Computational Social Science: Tools to Collect & Analyze Human Behavior Using Data from the Internet SOSC 320 Data in the World: Applied Social Statistics,36,6,"Environment, Health, and Policy",2.094459,7.9030757,p00322|p00567|p00354|p00324|p00348
p00328,Part 10: Majors and Courses,Majors (listed in alphabetical order),Course Code Course Name Course Credit,108,PUBPOL 204 Governing Cities ECON 310 Urban Economics SOSC 315 Urban Sociology SOSC 405 The Future of the City,19,6,"Environment, Health, and Policy",-0.6737371,11.436643,p00474|p00551|p00491|p00478|p01150
p00329,Part 10: Majors and Courses,Majors (listed in alphabetical order),Course Code Course Name Course Credit,108,EHTLDR 204 Environmental Ethics ENVIR 206 Energy and the Environment ENVIR 301 International Environmental Policy ENVIR 302/ECON 302 Environmental Economics & Policy,22,6,"Environment, Health, and Policy",-0.8428747,7.2535844,p00393|p00381|p00377|p00386|p00376
p00330,Part 10: Majors and Courses,Majors (listed in alphabetical order),Course Code Course Name Course Credit,108,CULMOVE 101 Cultures of Globalization POLECON 201 International Political Economy POLSCI 309 Networks in a Globalizing World,17,0,Politics and Global Affairs,-0.45663103,10.309712,p00544|p00563|p00483|p00482|p00338
p00331,Part 10: Majors and Courses,Majors (listed in alphabetical order),Course Code Course Name Course Credit,109,PUBPOL 106 Urbanizing China: Spatial and Social Dynamics in Chinese Cities HIST 205 Shanghai: From Treaty Port to Global Metropolis INFOSCI 206 Urban Data Visualization and Communication Methods SOCIOL 211 Social Inequality,32,4,"China, History, and Culture",-0.35208976,11.68012,p00344|p00474|p00543|p00357|p01100
p00332,Part 10: Majors and Courses,Majors (listed in alphabetical order),Course Code Course Name Course Credit,109,POLSCI 215 The Political History of Modern Architecture: From Revolution through Neoliberalism GCULS 303 Chinatowns: A Cultural History POLSCI 307 Political Economy of Institutions HIST 311 Documenting Durham and the New South INFOSCI 302 Introduction to Geographical Information Science,39,0,Politics and Global Affairs,-0.30392903,10.820574,p00321|p00320|p00558|p00357|p00438
p00333,Part 10: Majors and Courses,Majors (listed in alphabetical order),Course Code Course Name Course Credit,109,"ENVIR 205 Environment, Health, and Development in China INFOSCI 206 Urban Data Visualization and Communication Methods INFOSCI 302 Introduction to Geographical Information Science ECON 311 Economic Analysis of Current Energy Issues ENVIR 401 Energy and Environment Design ENVIR 404/ECON 404 Environmental Justice: The Economics of Race, Place and Pollution",49,6,"Environment, Health, and Policy",-0.87976325,7.7289395,p00331|p00398|p00399|p00377|p00474
p00334,Part 10: Majors and Courses,Majors (listed in alphabetical order),Course Code Course Name Course Credit,109,"SOSC 203 The Social, Political, and Economic Implications of Immigration",10,6,"Environment, Health, and Policy",0.3647217,10.222061,p00352|p01148|p00567|p00354|p00337
p00335,Part 10: Majors and Courses,Majors (listed in alphabetical order),Course Code Course Name Course Credit,110,"INFOSCI 206 Urban Data Visualization and Communication Methods CULANTH 208 Global Migration and Ethics LIT 209 Critical Inter-Asia: Rethinking Local and Global Connections CULANTH 209 Globalization and Alternative-Globalizations GCULS 302 Gender in Global Perspective INFOSCI 302 Introduction to Geographical Information Science MEDIART 307 International Communication ECON 307 History of Monetary & International Crises MEDIART 320 Hashtag Memes, Digital Tribes ECON 333/ SOSC 333 Social and Economic Networks",67,4,"China, History, and Culture",0.03413599,11.1130295,p00321|p00320|p00331|p00333|p00338
p00336,Part 10: Majors and Courses,Majors (listed in alphabetical order),"Cultures and Movements with tracks in Cultural Anthropology, Sociology and World History",111,"Culture and movements are two interdependent areas of inquiry studied across the social sciences that have implications for understanding contemporary public discourse, policy debates, and current events. Culture refers to the ways people act and interact, the material objects that shape their lives, the social and political organizations that shape social action, and how these change over time. Nearly every human action is shaped in some way by the cultural context in which it is embedded. Movements refer to the interactions and dynamics of practices, values, beliefs, economic systems and institutions over time and include—but are not limited to—social, political, and economic changes that reflect where a society has been and that shape where it may go in the future. Cultural perspectives are uniquely positioned to shed light on movements by providing insight into how movements are shaped by—and how they shape—the broader society in which they occur. Cultural perspectives also contribute to understanding movements by clarifying the internal functioning of the social organizations that create and are changed by movements. This major has three tracks, Cultural Anthropology, Sociology, and World History, each of which provides students the opportunities for academic study and applied research and practice. Students in this major will be exposed to interdisciplinary approaches to both theoretical understanding of culture and movements and the methods used to study related issues. Theoretical approaches include individual-centered, pragmatist, structuralism, cognitive, and political orientations. Methodological approaches incorporate ethnographic, survey research, network analysis, computational, and other approaches. By their senior year, students will have the skills to read cutting-edge research in this interdisciplinary field and will be equipped to compete for jobs with policy organizations, corporations, NGOs, and other top employers. They will also be well prepared to apply to graduate programs in the social sciences, public policy, history, and management.",299,0,Politics and Global Affairs,1.8138475,10.067599,p00442|p01159|p00706|p00471|p00705
p00337,Part 10: Majors and Courses,Majors (listed in alphabetical order),Course Code Course Name Course Credit,112,SOSC 101 Foundational Questions in Social Science SOSC 102 Introduction to Research Methods,13,6,"Environment, Health, and Policy",2.2917168,8.174596,p00469|p00568|p00324|p00392|p00426
p00338,Part 10: Majors and Courses,Majors (listed in alphabetical order),Course Code Course Name Course Credit,112,"CULMOVE 101 Cultures of Globalization CULMOVE 201 Migration, Inequality and Culture CULMOVE 202 Culture and Social Movements CULMOVE 203 Wealth, Inequality and Power",23,0,Politics and Global Affairs,0.07554206,10.594295,p00452|p00330|p00444|p00345|p01110
p00339,Part 10: Majors and Courses,Majors (listed in alphabetical order),Course Code Course Name Course Credit,112,CULMOVE 301 Social Science Perspectives on China: From the Socialist Past to the Global Present CULMOVE 390 Junior Seminar: Advanced Topics CULMOVE 490 Senior Seminar: Advanced Topics,27,4,"China, History, and Culture",-0.36484134,11.514301,p00704|p00777|p00543|p00684|p00440
p00340,Part 10: Majors and Courses,Majors (listed in alphabetical order),Course Code Course Name Course Credit,112,"CULANTH 206 The Ethnography of China: New Directions CULANTH 211 Gender, Mobility and Labor",14,4,"China, History, and Culture",0.16547883,10.9021,p00341|p00345|p00342|p00343|p00362
p00341,Part 10: Majors and Courses,Majors (listed in alphabetical order),And choose two courses from the following five courses,113,CULANTH 207 Cultures of New Media CULANTH 208 Global Migration and Ethics CULANTH 304 The Anthropology of Doing Good: China and Beyond CULANTH 305 The Culture of Development: Africa CULANTH 405 Medical Anthropology,33,4,"China, History, and Culture",0.1595268,10.865816,p00342|p00340|p00345|p00343|p00362
p00342,Part 10: Majors and Courses,Majors (listed in alphabetical order),Course Code Course Name Course Credit,113,CULANTH 101 Introduction to Cultural Anthropology CULANTH 105 Sound in Everyday Life; Anthropological Perspectives,14,0,Politics and Global Affairs,0.19900596,10.871598,p00341|p00343|p00340|p00345|p00507
p00343,Part 10: Majors and Courses,Majors (listed in alphabetical order),Course Code Course Name Course Credit,113,"CULANTH 106 Home, House, and Housing: An Anthropological Exploration of Human Dwellings GCULS 106 Our Cities and Ourselves",18,0,Politics and Global Affairs,0.14611024,10.729307,p00342|p00340|p00341|p00345|p00682
p00344,Part 10: Majors and Courses,Majors (listed in alphabetical order),Course Code Course Name Course Credit,113,PUBPOL 106 Urbanizing China: Spatial and Social Dynamics in Chinese Cities,11,4,"China, History, and Culture",-0.3088519,11.741608,p00474|p00331|p00543|p00357|p01100
p00345,Part 10: Majors and Courses,Majors (listed in alphabetical order),Course Code Course Name Course Credit,113,"CULMOVE 115 Displacement and Identity: Stories of Diasporic Migration in China and the World CULMOVE 206 Ethnic and Religious Diversity in the Middle East CULANTH 209 Globalization and Alternative-Globalizations CULANTH 214/POLSCI 214 Authoritarianism and the Struggle for Democracy in Latin America CULANTH 303 Politics of Food: Land, Labor, Health, and Economics CULANTH 306 Borders, Boundaries and Ethnic Peoples in China SOCIOL 306 Contemporary Population Problems CULANTH /POLSCI 314 Refugees and the Biopolitics of Citizenship",74,4,"China, History, and Culture",0.07060193,10.590877,p00353|p00548|p00351|p00437|p00352
p00346,Part 10: Majors and Courses,Majors (listed in alphabetical order),Course Code Course Name Course Credit,113,HIST 315/ CULANTH 315 Why Be a Bandit?,8,1,Natural Science and Computation,0.19178271,10.94538,p00362|p00450|p00507|p00696|p00477
p00347,Part 10: Majors and Courses,Majors (listed in alphabetical order),Course Code Course Name Course Credit,114,SOCIOL 110 Sociological Inquiry SOCIOL 202 Sociology of Culture SOCIOL 305 Theory and Society,14,0,Politics and Global Affairs,1.7918761,9.074183,p01159|p01156|p00349|p01164|p00348
p00348,Part 10: Majors and Courses,Majors (listed in alphabetical order),And choose two courses from the following five courses,114,"STATS 101 Introduction to Applied Statistical Methods SOCIOL 111 Contemporary Social Problems SOCIOL 180 Society, the Self, and the Changing Natural World",22,6,"Environment, Health, and Policy",2.1738915,8.028643,p00324|p00426|p00435|p00327|p00300
p00349,Part 10: Majors and Courses,Majors (listed in alphabetical order),And choose two courses from the following five courses,115,"SOCIOL 204 Identity, Action, and Emotion SOCIOL 211 Social Inequality",10,6,"Environment, Health, and Policy",1.6194565,8.606361,p00347|p01162|p00348|p00350|p00327
p00350,Part 10: Majors and Courses,Majors (listed in alphabetical order),Course Code Course Name Course Credit,115,"SOCIOL 104 Love, Marriage, and Family in Comparative Perspective",9,0,Politics and Global Affairs,1.5521402,8.944048,p01155|p00347|p00349|p00414|p00348
p00351,Part 10: Majors and Courses,Majors (listed in alphabetical order),Course Code Course Name Course Credit,115,CULMOVE 115 Displacement and Identity: Stories of Diasporic Migration in China and the World,14,4,"China, History, and Culture",0.6236867,11.3006935,p00455|p00345|p00699|p00437|p00421
p00352,Part 10: Majors and Courses,Majors (listed in alphabetical order),Course Code Course Name Course Credit,115,"SOSC 203 The Social, Political, and Economic Implications of Immigration SOCIOL 205 Gender, Work, and Organizations CULMOVE 206 Ethnic and Religious Diversity in the Middle East SOCIOL 301 Race, Ethnicity, and Citizenship CULANTH 306 Borders, Boundaries and Ethnic Peoples in China SOCIOL 306 Contemporary Population Problems POLSCI 311/ SOCIOL /PHIL 311 The Political and Social Thought of Hannah Arendt",59,4,"China, History, and Culture",0.07863501,10.417244,p00334|p00345|p00694|p00437|p00546
p00353,Part 10: Majors and Courses,Majors (listed in alphabetical order),Course Code Course Name Course Credit,115,CULANTH /POLSCI 314 Refugees and the Biopolitics of Citizenship,9,0,Politics and Global Affairs,-0.0013697455,10.391791,p00548|p00345|p00695|p00449|p00352
p00354,Part 10: Majors and Courses,Majors (listed in alphabetical order),Course Code Course Name Course Credit,115,SOSC 320 Data in the World: Applied Social Statistics ECON 333/ SOSC 333 Social and Economic Networks,17,6,"Environment, Health, and Policy",2.014651,8.066052,p00567|p00307|p00400|p00327|p00440
p00355,Part 10: Majors and Courses,Majors (listed in alphabetical order),Course Code Course Name Course Credit,116,SOSC 101 Foundational Questions in Social Science ARHU 101 The Art of Interpretation: Written Texts,15,0,Politics and Global Affairs,2.371391,8.416518,p00568|p00409|p00435|p00337|p00469
p00356,Part 10: Majors and Courses,Majors (listed in alphabetical order),And choose one of the following five Pre-Modern World History courses,116,"HIST 111 Ancient Roots to Global Routes HIST 112 History of the Indian Ocean World HIST 113 Peoples and Cultures of Ancient South Asia, 3500BCE-1750CE HIST 202 World History and Global Interactions HIST 312 Southeast Asia and the Rise of Global Trade",42,4,"China, History, and Culture",0.6985298,11.274035,p00445|p00358|p00448|p00363|p00360
p00357,Part 10: Majors and Courses,Majors (listed in alphabetical order),Course Code Course Name Course Credit,117,"PUBPOL 106 Urbanizing China: Spatial and Social Dynamics in Chinese Cities HIST 107 Gandhi and Moral Leadership GCULS 108 Science, Culture, and Politics HIST 114 Modern South Asia",28,4,"China, History, and Culture",-0.24508806,11.654153,p00543|p00344|p00331|p00474|p01100
p00358,Part 10: Majors and Courses,Majors (listed in alphabetical order),Course Code Course Name Course Credit,117,"HIST 115 Brides of the Sea: Trading Cities in the Indian Ocean World, 200BCE to 2000CE HIST 116 Mughal India Through the Eyes of European Travelers HIST 121 Pan-Africanism: Global Story of an American Idea HIST 204 Asia in World History HIST 206 World History in Seven Meals CULMOVE 206 Ethnic and Religious Diversity in the Middle East",58,4,"China, History, and Culture",0.90062946,11.326688,p00448|p00356|p00445|p00363|p00827
p00359,Part 10: Majors and Courses,Majors (listed in alphabetical order),Course Code Course Name Course Credit,117,CULANTH 214/ POLSCI 214 Authoritarianism and the Struggle for Democracy in Latin America,13,0,Politics and Global Affairs,-0.17616716,10.046043,p00484|p00449|p01077|p00689|p00545
p00360,Part 10: Majors and Courses,Majors (listed in alphabetical order),And choose one of the following three Modern World History courses,117,HIST 110 Historical Perspectives on Contemporary Global Issues,8,0,Politics and Global Affairs,0.76059276,10.994198,p00822|p00356|p00445|p00823|p01110
p00361,Part 10: Majors and Courses,Majors (listed in alphabetical order),And choose one of the following three Modern World History courses,117,HIST 313 Southeast Asia from the Age of Imperialism to the Global Cold War HIST 410 The Spice Race: How the Spice Trade shaped our World,26,4,"China, History, and Culture",0.7005168,11.343722,p00859|p00356|p00445|p00363|p00358
p00362,Part 10: Majors and Courses,Majors (listed in alphabetical order),"And a third 4-credit World History course (200-400 level) (i.e., history courses among the electives recommended for this major or other history courses listed under pre-modern or modern World History courses) And one 4-credit non-World History course (100-400 level) (i.e., any history course not listed among the electives recommended for this major)",118,"CULANTH 306 Borders, Boundaries and Ethnic Peoples in China POLSCI 312 Islamic Political Thought HIST 314 Writing the History of War HIST 315/ CULANTH 315 Why Be a Bandit?",29,4,"China, History, and Culture",0.16266036,10.916454,p00450|p00345|p00340|p00346|p00341
p00363,Part 10: Majors and Courses,Majors (listed in alphabetical order),"And a third 4-credit World History course (200-400 level) (i.e., history courses among the electives recommended for this major or other history courses listed under pre-modern or modern World History courses) And one 4-credit non-World History course (100-400 level) (i.e., any history course not listed among the electives recommended for this major)",118,HIST 411 Seeing History from the Mountains and the Seas: Ethnographic histories of Asia HIST 412 Global Labor History,19,4,"China, History, and Culture",0.7962697,11.239689,p00356|p00445|p00358|p00448|p00419
p00364,Part 10: Majors and Courses,Majors (listed in alphabetical order),Data Science,119,"The field of Data Science deals with the theories, methodologies and tools of applying statistical concepts and computational techniques to various data analysis problems related to science, engineering, medicine, business, etc. The objective is to inspect, clean, transform and model data in order to discover useful information, suggest conclusions and support decision-making. It is an emerging topic that plays a critical role in almost every discipline of today’s science and technology and has become an indispensable component.",77,1,Natural Science and Computation,3.3917184,6.00122,p00365|p01178|p01172|p00274|p00366
p00365,Part 10: Majors and Courses,Majors (listed in alphabetical order),Data Science,119,"Data science is a highly interdisciplinary field. Data Science methodologies are mostly derived from statistics theories. The computational algorithms for implementing these statistical methodologies are based upon numerical computation and optimization, and are often executed on a large-scale hardware platform composed of massive computing units and storage devices. These kinds of data analyses can be applied to a wide range of specific problems across the natural and social sciences and serve as the foundation for artificial intelligence. Data Science can be extensively applied to economics, biology, health care, quantitative social science including global health and environmental science, and humanities (e.g., digital media). Numerous new applications are being discovered, and established techniques are being applied in new ways to solve emerging problems. Meanwhile, a variety of career opportunities are open to students with appropriate training in interdisciplinary data science.",138,1,Natural Science and Computation,3.3690438,5.904352,p01178|p00364|p01170|p01169|p00366
p00366,Part 10: Majors and Courses,Majors (listed in alphabetical order),Course Code Course Name Course Credit,120,COMPSCI 201 Introduction to Programming and Data Structures STATS 302 Principles of Machine Learning STATS 303 Statistical Machine Learning STATS 401 Data Acquisition and Visualization STATS 402 Interdisciplinary Data Analysis,30,1,Natural Science and Computation,3.6727133,5.535795,p00283|p00281|p00274|p00313|p01173
p00367,Part 10: Majors and Courses,Majors (listed in alphabetical order),Course Code Course Name Course Credit,120,"MATH 201 Multivariable Calculus MATH 202 Linear Algebra MATH 205 Probability and Statistics STATS 210 Probability, Random Variables and Stochastic Processes COMPSCI 301 Algorithms and Databases MATH 304 Numerical Analysis and Optimization MATH 305 Advanced Linear Algebra",37,1,Natural Science and Computation,2.6340396,5.3227196,p00275|p00293|p00928|p00378|p00287
p00368,Part 10: Majors and Courses,Majors (listed in alphabetical order),Course Code Course Name Course Credit,120,STATS 102 Introduction to Data Science COMPSCI 207 Image Data Science ECON 211 Intelligent Economics: An Explainable AI approach COMPSCI 302 Computer Vision,23,6,"Environment, Health, and Policy",-1.3685429,7.992133,p00536|p00313|p00714|p00429|p00326
p00369,Part 10: Majors and Courses,Majors (listed in alphabetical order),Course Code Course Name Course Credit,121,COMPSCI 303 Search Engines COMPSCI 304 Speech Recognition STATS 304 Bayesian and Modern Statistics COMPSCI 320 Software Reliability SOSC 320 Data in the World: Applied Social Statistics COMPSCI 401 Cloud Computing COMPSCI 402 Artificial Intelligence STATS 403 Deep Learning STATS 404 Probabilistic Graphical Models,44,1,Natural Science and Computation,3.7481463,5.4356265,p00313|p00314|p00366|p00274|p00279
p00370,Part 10: Majors and Courses,Majors (listed in alphabetical order),"Environmental Science with tracks in Biogeochemistry, Biology, Chemistry, and Public Policy",122,"The pressing needs for sustainable development and acceptable environmental quality are placing increasing demands upon governments and industries locally, nationally, and worldwide. To help meet those demands, the Environmental Science major provides training for students intending to enter environmental professions or to pursue graduate study in environmental science and related fields such as biology, chemistry, public health, law, and policy. The major offers an interdisciplinary course of study that combines elements of the natural and social sciences relevant to understanding the biosphere and its interaction with human society.",88,6,"Environment, Health, and Policy",-0.25973654,6.797702,p00375|p00741|p00373|p00371|p00746
p00371,Part 10: Majors and Courses,Majors (listed in alphabetical order),"Environmental Science with tracks in Biogeochemistry, Biology, Chemistry, and Public Policy",122,"The Biogeochemistry track is designed for students interested in analysis of links between environmental systems and other Earth system processes including biological, chemical, and geologic forces. Studies focus on global and local cycles of chemicals like carbon, nitrogen, and water that ultimately lead to global environmental change. Students selecting this major and track will receive interdisciplinary training in environmental science with a focus on ecosystem sciences and will be uniquely prepared to solve short and long-term challenges related to human-mediated global climate change and environmental degradation.",86,1,Natural Science and Computation,-0.13606358,6.4689245,p00373|p00372|p00370|p00598|p00617
p00372,Part 10: Majors and Courses,Majors (listed in alphabetical order),"Environmental Science with tracks in Biogeochemistry, Biology, Chemistry, and Public Policy",122,"The Biology track is designed for students interested in a biological perspective on environmental science. Students learn the processes that connect living organisms to their environment at the molecular, cellular, physiological, organismal, and population levels. The track is designed to encourage breadth in the life sciences and allows students to acquire depth in a chosen area of scientific concentration through the choice of electives. This track prepares students for careers in research, medicine, agriculture, and environmental management.",77,1,Natural Science and Computation,0.011839222,6.7594643,p00373|p00371|p00462|p00374|p00370
p00373,Part 10: Majors and Courses,Majors (listed in alphabetical order),"Environmental Science with tracks in Biogeochemistry, Biology, Chemistry, and Public Policy",122,"The Chemistry track within the Environmental Science major is designed for students interested in a scientific perspective on environmental issues, in particular chemistry, toxicology, and pollutant fate and transport. The track is designed to encourage breadth in the physical sciences and allows students to acquire depth in a chosen area of scientific concentration through the choice of electives. This track prepares students for careers in research, chemistry, and environmental management.",70,1,Natural Science and Computation,-0.012540073,6.6035137,p00372|p00371|p00375|p00370|p00617
p00374,Part 10: Majors and Courses,Majors (listed in alphabetical order),"Environmental Science with tracks in Biogeochemistry, Biology, Chemistry, and Public Policy",122,"The Public Policy track is designed for students interested in the social, cultural, economic, and political aspects of environmental sciences. The track provides a healthy balance between basic sciences and public policy aspects to prepare graduates for translating this knowledge into meaningful action and innovative policy solutions.",47,6,"Environment, Health, and Policy",-0.0037193326,7.713027,p00462|p00373|p00372|p01098|p01116
p00375,Part 10: Majors and Courses,Majors (listed in alphabetical order),"Environmental Science with tracks in Biogeochemistry, Biology, Chemistry, and Public Policy",122,"The Environmental Science major includes both coursework and experiential learning about the underlying science, and the social, political, legal and economic factors that both encourage and hinder environmental cooperation and competition around the world. All students pursuing this major must complete a set of required Divisional Foundational courses that provide the required background and fundamentals in the discipline essential to advanced work in the major. The major includes a set of five required interdisciplinary courses (four set courses plus one to choose from a list of three courses) which provide a well-rounded, in-depth examination of environmental science and policy issues. In addition to the foundational and interdisciplinary and disciplinary requirements, students also have the choice of a number of elective courses that provide flexibility to add depth in their specific field of study, and/or explore other subject matters as they see fit.",142,6,"Environment, Health, and Policy",-0.2182265,6.7975497,p00370|p00373|p00741|p00740|p00745
p00376,Part 10: Majors and Courses,Majors (listed in alphabetical order),Course Code Course Name Course Credit,123,ENVIR 101 Introduction to Environmental Sciences ENVIR 102 Dynamic Earth and Oceans: Physical and Biological Sciences for the Environment ENVIR 201 Applied Environmental Science and Policy ENVIR 301 International Environmental Policy,31,6,"Environment, Health, and Policy",-0.79538083,6.9632926,p00385|p00519|p00381|p00393|p00377
p00377,Part 10: Majors and Courses,Majors (listed in alphabetical order),And choose one from the following three courses,123,"ENVIR 202 Biodiversity and Conservation ENVIR/ECON 302 Environmental Economics & Policy ENVIR/ECON 404 Environmental Justice: The Economics of Race, Place and Pollution",22,6,"Environment, Health, and Policy",-0.94181526,7.2073765,p00381|p00393|p00386|p00394|p00382
p00378,Part 10: Majors and Courses,Majors (listed in alphabetical order),And choose one from the following two courses,124,STATS 101 Introduction to Applied Statistical Methods MATH 205 Probability and Statistics,12,1,Natural Science and Computation,2.5146708,5.926214,p00300|p00426|p00324|p00275|p00287
p00379,Part 10: Majors and Courses,Majors (listed in alphabetical order),And choose one from the following two courses,124,BIOL 313 Ecosystem Service BIOL 319 Global Change Biology,9,1,Natural Science and Computation,-0.11311769,5.7138047,p00521|p00380|p00520|p00519|p00383
p00380,Part 10: Majors and Courses,Majors (listed in alphabetical order),Course Code Course Name Course Credit,124,BIOL 201 Cell and Molecular Biology ENVIR 202 Biodiversity and Conservation INFOSCI 302 Introduction to Geographical Information Science ENVIR 304 Environmental Chemistry and Toxicology PUBPOL 317 Plastic Planet: Pollution and Solutions BIOL 318 Food Web Ecology BIOL 405 Microbial Ecology ENVIR 306 Water Pollution,44,1,Natural Science and Computation,-0.07346125,5.839616,p00521|p00384|p00383|p00465|p00379
p00381,Part 10: Majors and Courses,Majors (listed in alphabetical order),And choose one from the following three courses,125,ENVIR 202 Biodiversity and Conservation ENVIR/ECON Environmental Economics & Policy,10,6,"Environment, Health, and Policy",-0.9707494,7.0667577,p00393|p00386|p00377|p00329|p00376
p00382,Part 10: Majors and Courses,Majors (listed in alphabetical order),And choose one from the following three courses,125,"ENVIR/ECON Environmental Justice: The Economics of Race, Place and Pollution",10,6,"Environment, Health, and Policy",-1.016518,7.21574,p00394|p00387|p00377|p00480|p00729
p00383,Part 10: Majors and Courses,Majors (listed in alphabetical order),Course Code Course Name Course Credit,126,BIOL 201 Cell and Molecular Biology CHEM 201 Organic Chemistry I BIOL 208 General Ecology BIOL 212 Microbiology BIOL 202 Genetics and Evolution BIOL 305 Introduction to Biochemistry,28,1,Natural Science and Computation,0.17443849,5.462836,p00465|p00521|p00522|p00380|p00526
p00384,Part 10: Majors and Courses,Majors (listed in alphabetical order),Course Code Course Name Course Credit,126,"BIOL 203 Molecular, Behavioral and Social Evolution: Evolution of Genomes, Traits, Behaviors and Societies GLHLTH 301 Global Health Research Methods INFOSCI 302 Introduction to Geographical Information Science BIOL 306 Cell Signaling and Diseases ENVIR 306 Water Pollution BIOL 307 Cancer Genetics BIOL 308 Evolution of Infectious Diseases BIOL 309 Comparative Vertebrate Anatomy BIOL 310 Developmental Biology PUBPOL 317 Plastic Planet: Pollution and Solutions",63,1,Natural Science and Computation,-0.13118027,5.592847,p00466|p00527|p00380|p00529|p00521
p00385,Part 10: Majors and Courses,Majors (listed in alphabetical order),Course Code Course Name Course Credit,127,ENVIR 102 Dynamic Earth and Oceans: Physical and Biological Sciences for the Environment ENVIR 201 Applied Environmental Science and Policy ENVIR 301 International Environmental Policy,25,6,"Environment, Health, and Policy",-0.7681153,6.8731084,p00376|p00519|p00381|p00393|p00377
p00386,Part 10: Majors and Courses,Majors (listed in alphabetical order),And choose one course from the following three courses,127,ENVIR 202 Biodiversity and Conservation ENVIR 302 / ECON 302 Environmental Economics,12,6,"Environment, Health, and Policy",-0.9410008,6.9407067,p00393|p00381|p00377|p00329|p00385
p00387,Part 10: Majors and Courses,Majors (listed in alphabetical order),And choose one course from the following three courses,127,"ENVIR 404 / ECON 404 Environmental Justice: The Economics of Race, Place and Pollution",14,6,"Environment, Health, and Policy",-1.0503273,7.3205314,p00394|p00382|p00480|p00377|p00432
p00388,Part 10: Majors and Courses,Majors (listed in alphabetical order),Course Code Course Name Course Credit,128,PHYS 122 General Physics II CHEM 150 General Chemistry II MATH 201 Multivariable Calculus CHEM 201 Organic Chemistry I CHEM 202 Organic Chemistry II CHEM 301 Elements of Physical Chemistry CHEM 401 Analytical Chemistry CHEM 402 Inorganic Chemistry,38,1,Natural Science and Computation,1.1551328,4.9637485,p00273|p00619|p00499|p00616|p00465
p00389,Part 10: Majors and Courses,Majors (listed in alphabetical order),Course Code Course Name Course Credit,128,Courses listed in the table below are recommended electives for the major and the course list will be updated periodically. The course list will be updated periodically.,27,7,"Credits, Load, and Grading",5.4834614,7.69823,p00286|p00473|p00278|p00397|p00305
p00390,Part 10: Majors and Courses,Majors (listed in alphabetical order),Course Code Course Name Course Credit,128,CHEM 130 Science of Cooking ENVIR 203 The Theory and Practice of Sustainability ENVIR 303 Climate Change and Society in China ENVIR 304 Environmental Chemistry and Toxicology ENVIR 306 Water Pollution ENVIR 311 / BIOL 311 Biogeochemistry,37,1,Natural Science and Computation,0.30261636,5.7016335,p00496|p00521|p00380|p00465|p00376
p00391,Part 10: Majors and Courses,Majors (listed in alphabetical order),Course Code Course Name Course Credit,128,PUBPOL 317 Plastic Planet: Pollution and Solutions ENVIR 402 Chemical Transformation of Environmental Contaminants CHEM 403 Advanced Topics in Physical Chemistry,21,1,Natural Science and Computation,0.2988499,5.905817,p00497|p00411|p00496|p01126|p00549
p00392,Part 10: Majors and Courses,Majors (listed in alphabetical order),And complete the following courses,129,SOSC 101 Foundational Questions in Social Science SOSC 102 Introduction to Research Methods BIOL 110 Integrated Science – Biology CHEM 110 Integrated Science – Chemistry,25,6,"Environment, Health, and Policy",2.3085482,8.142757,p00469|p00337|p00300|p00568|p00273
p00393,Part 10: Majors and Courses,Majors (listed in alphabetical order),And choose one course from the following three courses,129,ENVIR 202 Biodiversity and Conservation ENVIR /ECON 302 Environmental Economics & Policy,12,6,"Environment, Health, and Policy",-0.9113607,7.019368,p00386|p00381|p00377|p00329|p00385
p00394,Part 10: Majors and Courses,Majors (listed in alphabetical order),And choose one course from the following three courses,129,"ENVIR /ECON 404 Environmental Justice: The Economics of Race, Place and Pollution",12,6,"Environment, Health, and Policy",-1.0309876,7.309153,p00387|p00382|p00480|p00377|p00729
p00395,Part 10: Majors and Courses,Majors (listed in alphabetical order),Course Code Course Name Course Credit,130,STATS 101 Introduction to Applied Statistical Methods PUBPOL 101 Introduction to Policy Analysis PUBPOL 301 Political Analysis for Public Policy PUBPOL 303 Policy Choice as Value Conflict,27,6,"Environment, Health, and Policy",-0.8976967,8.7930765,p00551|p00491|p00481|p01117|p00493
p00396,Part 10: Majors and Courses,Majors (listed in alphabetical order),And choose one course from the following two courses,130,ECON 201 Intermediate Microeconomics I PUBPOL 304 Microeconomic Policy Tools,10,6,"Environment, Health, and Policy",-1.5493966,8.760116,p00534|p00427|p00428|p00535|p00326
p00397,Part 10: Majors and Courses,Majors (listed in alphabetical order),And choose one course from the following two courses,130,Students can choose the recommended electives in the major or select other courses in different disciplines or divisions as electives. The course list will be updated periodically.,27,7,"Credits, Load, and Grading",5.4503684,7.695716,p00286|p00278|p00305|p00473|p00389
p00398,Part 10: Majors and Courses,Majors (listed in alphabetical order),Course Code Course Name Course Credit,130,"GCULS 108 Science, Culture, and Politics PUBPOL 201 Climate Change Law and Policy PUBPOL 202 Global Disasters: Science and Policy ENVIR 203 The Theory and Practice of Sustainability ENVIR 204 Global Environmental Issues and Policies PUBPOL 209 The Politics of Environmental Crises PUBPOL 220 Introduction to Regulatory Governance INFOSCI 302 Introduction to Geographical Information Science ENVIR 303 Climate Change and Society in China",63,6,"Environment, Health, and Policy",-0.6101009,7.6183095,p00333|p00399|p00470|p00376|p00385
p00399,Part 10: Majors and Courses,Majors (listed in alphabetical order),Course Code Course Name Course Credit,130,ENVIR 305 Environment and Development Economics in Developing Countries ENVIR 306 Water Pollution PUBPOL 317 Plastic Planet: Pollution and Solutions PUBPOL 318 How to Change the World: The Role of Non-State Actors,32,6,"Environment, Health, and Policy",-0.56256884,7.532797,p00411|p00549|p00377|p00376|p00381
p00400,Part 10: Majors and Courses,Majors (listed in alphabetical order),Course Code Course Name Course Credit,131,SOSC 320 Data in the World: Applied Social Statistics ENVIR 403 Energy Economics and Policy,15,6,"Environment, Health, and Policy",2.046416,8.069968,p00567|p00354|p00549|p00327|p00440
p00401,Part 10: Majors and Courses,Majors (listed in alphabetical order),"Ethics and Leadership with tracks in Philosophy, Public Policy, Religious Studies",132,"The human sciences have made significant advances in understanding what makes for effective leaders and organizations and the qualities of character needed to make sound decisions. For example, social and organizational psychology and history have identified qualities of leaders and group dynamics that foster loyalty, trust, and creativity. Political science, economics and history have explored different models for supportive and regulatory relationships between governments and markets. Expertise of this kind is crucial for enabling leaders to deal with the challenges posed by globalization, climate change, and profound changes in technology that are drastically altering the kinds of work available in a constantly changing economy. The Ethics and Leadership major meets a critical need to integrate such expertise from the human sciences with the best of thought from philosophy, religion, psychology, and literature about the ultimate ends of human life, about right and wrong, rights, duties and the common good. Leaders need the ability to see, frame, and think wisely about the ethical issues that confront them. The major is not just for those who aspire to hold political office or high-ranking positions within various organizations. Citizens or members of organizations should have thoughtful and informed conceptions of what makes a good leader, so that they may choose wisely or be prepared to become one. People often serve as leaders or co-leaders in smaller groups within their organizations. People find themselves in social contexts where they may be called upon to lead, and they may decide to do so simply not because they desired to be leaders all along, but because they are needed. This interdisciplinary major, drawing from fields such as philosophy, political theory, history, literature, religion, and the social and natural sciences, seeks to provide students with the specific expertise that is needed to address issues such as global health, pollution and the environment or regulation of corporations and markets. Students will be encouraged and guided in the task of framing specific expertise with a broader and deeper framework of thinking about what kinds of leaders and citizens they should be, and what their ultimate values ought to be. The major will encourage them to know more and to think more deeply about their own cultural tradition, but also will take them through different traditions of thought about how to make ethical decisions, about the virtues of leaders, the virtues of those they lead, and the right relationship between the two. Students will be encouraged to identify and form views about the differences as well as the similarities between different cultural traditions of thought about these matters, as well as about ultimate values that go into thinking about justice and the good life and how such values relate to conceptions of human spirituality, the divine, and the sacred, how this affects the way human beings relate to one another and with the natural world. Such global perspectives, rooted in one’s own traditions, are more than ever crucial for leadership. Students can choose among three disciplinary tracks: Philosophy, Religious Studies, and Public Policy.",503,0,Politics and Global Affairs,3.5630639,9.13146,p00760|p01113|p00765|p00766|p00403
p00402,Part 10: Majors and Courses,Majors (listed in alphabetical order),Course Code Course Name Course Credit,133,"ETHLDR 101 Ethics and Leadership ETHLDR 202 Ethics, Markets, and Politics ETHLDR 203 Conceptions of Democracy and Meritocracy ETHLDR 390 Junior Seminar: Advanced Topics ETHLDR 490 Senior Seminar: Advanced Topics",30,0,Politics and Global Affairs,0.6623879,9.115236,p00403|p00410|p00766|p00765|p00406
p00403,Part 10: Majors and Courses,Majors (listed in alphabetical order),And choose two courses from the following six courses,133,ETHLDR 204 Environmental Ethics ETHLDR 205 Trust and Cross-Cultural Leadership ETHLDR 206 Global Justice and Health Care ETHLDR 209 The Psychology of Justice ETHLDR 301 Ethics of Nudging ETHLDR 302 The Sociology of Morality and Politics,36,6,"Environment, Health, and Policy",0.76692766,8.778256,p00402|p00329|p01003|p01144|p00406
p00404,Part 10: Majors and Courses,Majors (listed in alphabetical order),Course Code Course Name Course Credit,134,PHIL 101 Introduction to Western Philosophy PHIL 102 Introduction to Classical Chinese Philosophy PHIL 105 History of Modern European Philosophy PHIL 204 Theory of Knowledge PHIL 205 Logic,28,4,"China, History, and Culture",1.6557368,9.719902,p00405|p00441|p00991|p00433|p00989
p00405,Part 10: Majors and Courses,Majors (listed in alphabetical order),Course Code Course Name Course Credit,134,PHIL 103 Chinese and Mediterranean Philosophy PHIL 106 Global Philosophy,10,4,"China, History, and Culture",1.67656,9.653465,p00404|p00441|p00991|p00993|p00433
p00406,Part 10: Majors and Courses,Majors (listed in alphabetical order),Course Code Course Name Course Credit,134,"PHIL 107 What’s the Right Thing to Do? Ethics and Justice in the Modern World ETHLDR 108 Democracy and Inclusion: Hopes, Prospects, Dilemmas GCULS 108 Science, Culture, and Politics PHIL 108 Philosophy and Ethics of Artificial Intelligence PHIL 109 Philosophy Through Computer Science PHIL 110 Philosophy and Sport PHIL 111 Non-Human Animal Ethics PHIL 112 Thinking and Doing PHIL 202 Problems in Philosophy of Science POLSCI 204 The U.S. Constitution and its Critics PHIL 206 Climate Change Ethics PHIL 301 Philosophy of Mind",83,0,Politics and Global Affairs,1.333306,9.374727,p00433|p00402|p00410|p00403|p00405
p00407,Part 10: Majors and Courses,Majors (listed in alphabetical order),Course Code Course Name Course Credit,135,POLSCI 311/ SOCIOL 311 /PHIL 311 The Political and Social Thought of Hannah Arendt,14,0,Politics and Global Affairs,-0.9771381,9.62929,p00434|p00566|p01005|p00439|p00486
p00408,Part 10: Majors and Courses,Majors (listed in alphabetical order),Course Code Course Name Course Credit,135,POLSCI 312 Islamic Political Thought POLSCI 313 /PSYCH 313 Political Psychology,11,0,Politics and Global Affairs,1.0272956,8.138289,p00547|p00487|p00414|p01089|p00541
p00409,Part 10: Majors and Courses,Majors (listed in alphabetical order),Course Code Course Name Course Credit,136,ARHU 101 The Art of Interpretation: Written Texts SOSC 101 Foundational Questions in Social Science SOSC 102 Introduction to Research Methods,21,0,Politics and Global Affairs,2.385934,8.351593,p00568|p00355|p00435|p00337|p00443
p00410,Part 10: Majors and Courses,Majors (listed in alphabetical order),Course Code Course Name Course Credit,137,"ETHLDR 108 Democracy and Inclusion: Hopes, Prospects, Dilemmas GCULS 108 Science, Culture, and Politics POLSCI 204 The U.S. Constitution and its Critics PUBPOL 110 Introduction to Human Rights PUBPOL 215 Law, Ethics and Responsibility",34,0,Politics and Global Affairs,0.34753287,9.49974,p00562|p00402|p00482|p00569|p00492
p00411,Part 10: Majors and Courses,Majors (listed in alphabetical order),Course Code Course Name Course Credit,138,PUBPOL 317 Plastic Planet: Pollution and Solutions PUBPOL 318 How to Change the World: The Role of Non-State Actors,19,6,"Environment, Health, and Policy",-0.49908522,7.5786138,p00549|p00399|p01126|p00391|p00489
p00412,Part 10: Majors and Courses,Majors (listed in alphabetical order),Course Code Course Name Course Credit,140,"RELIG 101 Comparative Religious Studies RELIG 106 Religion and Leadership RELIG 201 Confucianism, Daoism and Buddhism RELIG 203 Judaism, Christianity, and Islam RELIG 302 Religious and Philosophical Thought on the Environment",31,0,Politics and Global Affairs,1.1444072,8.906257,p00441|p00413|p00414|p01143|p01142
p00413,Part 10: Majors and Courses,Majors (listed in alphabetical order),Course Code Course Name Course Credit,140,RELIG 102 Prophets and Priests RELIG 103 Law and Revelation RELIG 104 Myth and Nation RELIG 105 Gods and People RELIG 107 Readings in Religious Literature RELIG 202 Modern Buddhism RELIG 204 The Problem of Evil CULMOVE Ethnic and Religious Diversity in the Middle East,45,0,Politics and Global Affairs,1.0356569,8.98106,p00441|p00412|p00414|p00703|p01143
p00414,Part 10: Majors and Courses,Majors (listed in alphabetical order),Course Code Course Name Course Credit,140,RELIG 303 The Human Condition RELIG 304 Ethics in Religious Perspective POLSCI 312 Islamic Political Thought POLSCI 313 / PSYCH 313 Political Psychology,23,0,Politics and Global Affairs,1.062703,8.349095,p00408|p00547|p00487|p00412|p01143
p00415,Part 10: Majors and Courses,Majors (listed in alphabetical order),"Global China Studies with tracks in Chinese History, Economics, Philosophy, Political Science and Religious Studies",141,"This major prepares students to engage, work with, and understand China in the twenty-first century. It provides students with opportunities to gain deep historical knowledge of China in the ancient, pre-modern, and modern periods, while focusing on the place and impact of China in the world—past, present, and future. Students will be exposed to debates about China’s philosophical traditions and their force in shaping China’s history and present; the political dynamics of development, decision-making, and grassroots protest; the importance of religion, entrepreneurialism, innovation, and social networks in China and beyond its borders; and the role of digital media, visual culture, and the internet in everyday social, economic and political life. This major recognizes that China has continually had a global presence for many centuries, deeply influencing people, cultures, technologies, ecologies and economies elsewhere in our world, and that its influence is now deepening even further as China prepares to become a major player in the realm of global politics and economics. This major will query the meanings of “China” as a nation state, a region, and culture in a global setting, and provide students with a new set of analytical and critical thinking skills in order to purposefully engage the changing landscape of academics, business, government, policy, and the arts. This major has tracks in Chinese History, Economics, Philosophy, Religious Studies and Political Science. The major in Global China Studies prepares students for a world in which China—and Chinese firms, organizations, and individuals—are at the center of shaping the 21st century. It prepares international students for their lifelong engagement with China: its polity, economy, and society. It prepares Chinese students to navigate the wider world with a firm understanding of their own roots, their unique history and institutions, and the ability to see their own country as others see it. It prepares students for careers in business, the professions, and public service with a foundational knowledge of China’s global role, past, present and future.",324,4,"China, History, and Culture",0.14681724,11.671623,p00771|p00788|p00772|p00684|p00777
p00416,Part 10: Majors and Courses,Majors (listed in alphabetical order),Course Code Course Name Course Credit,142,GCHINA 201 From Empire to Nation GCHINA 202 Modern Chinese Politics GCHINA 203 Visual China GCHINA 301/ POLECON 302 China’s Economic Transition,22,4,"China, History, and Culture",-1.3166906,10.84155,p00554|p00490|p00550|p00479|p00540
p00417,Part 10: Majors and Courses,Majors (listed in alphabetical order),Course Code Course Name Course Credit,142,GCHINA 302 The Factory: From Socialist Industrialism to World Assembly GCHINA 390 Junior Seminar: Advanced Topics GCHINA 490 Senior Seminar: Advanced Topics,22,4,"China, History, and Culture",-1.3024242,10.802554,p00416|p00554|p00490|p00263|p00479
p00418,Part 10: Majors and Courses,Majors (listed in alphabetical order),Course Code Course Name Course Credit Take one of the following two Pre-Modern Chinese History courses,142,HIST 101 Ancient Chinese History HIST 102 Medieval Chinese History,10,4,"China, History, and Culture",0.38119027,11.881617,p00419|p00425|p00421|p00422|p00813
p00419,Part 10: Majors and Courses,Majors (listed in alphabetical order),And take the following two courses,142,HIST 103 Premodern Chinese History HIST 201 History Methods and Research,11,4,"China, History, and Culture",0.35128978,11.905681,p00418|p00425|p00423|p00421|p00424
p00420,Part 10: Majors and Courses,Majors (listed in alphabetical order),Course Code Course Name Course Credit,143,POLECON 105 China and the Global South HIST 108 Shanghai Nightscapes: A Nocturnal History of the City LIT / MEDIART 108 Love and Dreams on the Chinese Stage,28,4,"China, History, and Culture",0.84014815,12.12457,p00820|p00421|p00513|p00837|p00829
p00421,Part 10: Majors and Courses,Majors (listed in alphabetical order),Course Code Course Name Course Credit,143,"HIST 109 Everyday Maoism in Objects: Revolution, Culture, and Life CULMOVE 115 Displacement and Identity: Stories of Diasporic Migration in China and the World HIST 117 Sounds and the Chinese City: Live Music Scenes in Urban China HIST 205 Shanghai: From Treaty Port to Global Metropolis HIST / MEDIART 217 Ancient and Imperial Chinese Art",55,4,"China, History, and Culture",0.7176355,11.96065,p00455|p00419|p00418|p00821|p00420
p00422,Part 10: Majors and Courses,Majors (listed in alphabetical order),Course Code Course Name Course Credit,143,HIST 301 China in Global Perspective 1: China and the Silk Roads World: 500-1500,14,4,"China, History, and Culture",0.29782534,11.702029,p00423|p00846|p00424|p00419|p00418
p00423,Part 10: Majors and Courses,Majors (listed in alphabetical order),Course Code Course Name Course Credit,143,HIST 302 China in Global Perspective 2: The Internationalization of Modern China,12,4,"China, History, and Culture",0.2759891,11.903873,p00424|p00422|p00419|p00425|p00418
p00424,Part 10: Majors and Courses,Majors (listed in alphabetical order),Course Code Course Name Course Credit,143,HIST 303 China and the US Comparative 1: The United States and China in War and Revolution,17,4,"China, History, and Culture",0.2443117,11.849222,p00423|p00425|p00422|p00419|p01064
p00425,Part 10: Majors and Courses,Majors (listed in alphabetical order),Course Code Course Name Course Credit,143,"HIST 304 China and the US Comparative 2 The World of Universities in China and the United States HIST 305 Special Topics course in History of Chinese Institutions HIST 306 The United States and China in War and Revolution CULANTH 306 Borders, Boundaries and Ethnic Peoples in China",48,4,"China, History, and Culture",0.35579762,11.998688,p00424|p00419|p00418|p00423|p00654
p00426,Part 10: Majors and Courses,Majors (listed in alphabetical order),Course Code Course Name Course Credit,144,SOSC 101 Foundational Questions in Social Science STATS 101 Introduction to Applied Statistical Methods,14,6,"Environment, Health, and Policy",2.3315098,7.882639,p00324|p00435|p00337|p00378|p00348
p00427,Part 10: Majors and Courses,Majors (listed in alphabetical order),Course Code Course Name Course Credit,144,ECON 101 Economics Principles ECON 201 Intermediate Microeconomics I ECON 202 Intermediate Microeconomics II ECON 203 Introduction to Econometrics ECON 204 Intermediate Macroeconomics,23,6,"Environment, Health, and Policy",-1.5586749,8.677501,p00534|p00396|p00709|p00713|p00428
p00428,Part 10: Majors and Courses,Majors (listed in alphabetical order),Course Code Course Name Course Credit,145,POLECON 105 China and the Global South COMPSCI 206 / ECON 206 Computational Microeconomics,14,6,"Environment, Health, and Policy",-1.698672,9.341327,p00535|p00534|p00396|p00533|p00427
p00429,Part 10: Majors and Courses,Majors (listed in alphabetical order),Course Code Course Name Course Credit,145,ECON 211 Intelligent Economics: An Explainable AI approach ECON 301 Health Economics ECON 302/ENVIR 302 Environmental Economics & Policy,19,6,"Environment, Health, and Policy",-1.2809309,7.825323,p00475|p00536|p00368|p00329|p00714
p00430,Part 10: Majors and Courses,Majors (listed in alphabetical order),Course Code Course Name Course Credit,145,ECON 303 Financial Institutions ECON 304 Economic Growth ECON 307 History of Monetary & International Crises,16,6,"Environment, Health, and Policy",-1.47091,8.893822,p00538|p00476|p00719|p00431|p00396
p00431,Part 10: Majors and Courses,Majors (listed in alphabetical order),Course Code Course Name Course Credit,145,ECON 308 Economic History and Modernization of the Islamic Middle East ECON 309 Behavioral Finance ECON 310 Urban Economics ECON 314 International Trade MATH 316 / ECON 316 Discrete Time Finance,31,6,"Environment, Health, and Policy",-1.3494037,8.81778,p00539|p00476|p00720|p00477|p00538
p00432,Part 10: Majors and Courses,Majors (listed in alphabetical order),Course Code Course Name Course Credit,145,"ECON 401 Competitive Strategy & Industrial Organization ECON 402 International Finance ECON 404/ENVIR 404 Environmental Justice: The Economics of Race, Place and Pollution POLSCI 307 Political Economy of Institutions POLECON 401 / GCHINA 401 Political Economy of the Chinese Reform",40,6,"Environment, Health, and Policy",-1.5569013,10.474851,p00540|p00479|p00480|p00550|p00490
p00433,Part 10: Majors and Courses,Majors (listed in alphabetical order),Course Code Course Name Course Credit,147,PHIL 107 What’s the Right Thing to Do? Ethics and Justice in the Modern World PHIL 108 Philosophy and Ethics of Artificial Intelligence PHIL 109 Philosophy Through Computer Science PHIL 110 Philosophy and Sport PHIL 112 Thinking and Doing PHIL 202 Problems in Philosophy of Science,46,0,Politics and Global Affairs,1.6662825,9.403784,p00406|p00404|p00405|p00402|p00403
p00434,Part 10: Majors and Courses,Majors (listed in alphabetical order),Course Code Course Name Course Credit,147,POLSCI 311/ SOCIOL 311 / PHIL 311 The Political and Social Thought of Hannah Arendt,15,0,Politics and Global Affairs,-0.94776356,9.6484585,p00407|p00566|p01005|p00439|p00486
p00435,Part 10: Majors and Courses,Majors (listed in alphabetical order),Course Code Course Name Course Credit,148,SOSC 101 Foundational Questions in Social Science ARHU 101 The Art of Interpretation: Written Texts STATS 101 Introduction to Applied Statistical Methods,22,6,"Environment, Health, and Policy",2.3517196,8.113616,p00568|p00409|p00426|p00324|p00355
p00436,Part 10: Majors and Courses,Majors (listed in alphabetical order),Course Code Course Name Course Credit,148,POLSCI 101 International Politics POLSCI 201 Political Institutions and Processes ETHLDR 203 Conceptions of Democracy and Meritocracy POLSCI 303 International Politics of East Asia POLSCI 302 Public Opinion,28,0,Politics and Global Affairs,-0.422243,9.965092,p00561|p00541|p00438|p00565|p00437
p00437,Part 10: Majors and Courses,Majors (listed in alphabetical order),Course Code Course Name Course Credit,149,POLSCI 102 Social Choice and Democracy POLSCI 105 Contemporary Political Ideologies POLECON 105 China and the Global South CULMOVE Displacement and Identity: Stories of Diasporic Migration in China and the World POLSCI 208 Political and Social Inequality POLSCI 209 Democratic Erosion POLSCI 210 International Relations in East Asia POLSCI 211/LIT 211 Politics and Literature,54,4,"China, History, and Culture",-0.28701606,10.434472,p00542|p00482|p00438|p00561|p00345
p00438,Part 10: Majors and Courses,Majors (listed in alphabetical order),Course Code Course Name Course Credit,149,"POLSCI 212 Pathologies of Modern Society: Foundational Ideas POLSCI 216 War and Peace: Foundations of the International Political Order POLSCI 221 US/China Relations POLSCI 303 International Politics of East Asia CULANTH Borders, Boundaries and Ethnic Peoples in China",38,4,"China, History, and Culture",-0.51548314,10.174171,p00437|p00561|p00542|p00565|p00436
p00439,Part 10: Majors and Courses,Majors (listed in alphabetical order),Course Code Course Name Course Credit,149,POLSCI 307 Political Economy of Institutions POLSCI 308 Global Governance POLSCI 311/ SOCIOL /PHIL 311 The Political and Social Thought of Hannah Arendt,23,0,Politics and Global Affairs,-0.77053165,9.577624,p00486|p00546|p00434|p00566|p00407
p00440,Part 10: Majors and Courses,Majors (listed in alphabetical order),Course Code Course Name Course Credit,149,SOSC 320 Data in the World: Applied Social Statistics POLECON 401 /GCHINA 401 Political Economy of the Chinese Reform,19,4,"China, History, and Culture",-1.4201812,10.764196,p00554|p00550|p00490|p00472|p00533
p00441,Part 10: Majors and Courses,Majors (listed in alphabetical order),Course Code Course Name Course Credit,151,"RELIG 102 Prophets and Priests PHIL 102 Introduction to Classical Chinese Philosophy RELIG 103 Law and Revelation PHIL 103 Chinese and Mediterranean Philosophy RELIG 104 Myth and Nation RELIG 105 Gods and People RELIG 107 Readings in Religious Literature RELIG 202 Modern Buddhism RELIG 204 The Problem of Evil RELIG 303 The Human Condition RELIG 304 Ethics in Religious Perspective CULANTH Borders, Boundaries and Ethnic Peoples in China",68,4,"China, History, and Culture",1.2316319,9.240263,p00413|p00412|p00404|p00405|p00653
p00442,Part 10: Majors and Courses,Majors (listed in alphabetical order),Global Cultural Studies with tracks in World History and World Literature,152,"Cultural Studies is an interdisciplinary field of research and teaching that investigates the forms of life and culture produced in today’s interconnected world. Combining the strengths of the social sciences and the humanities, and drawing on methods and theories from literary studies, cultural anthropology, history, sociology, media studies, film studies, communications, economics, etc., Cultural Studies explores ways in which “culture” creates and transforms individual experiences, everyday life, social relations and power. With its attentiveness to power relations, hegemony, inequality and diversity, Cultural Studies has a productive role to play in building a better world. Put simply, Cultural Studies is not just an abstract academic field but a production of knowledge that has real world implications. Focusing on the practical and theoretical issues arising from cross-cultural encounters around the world, Cultural Studies examines conventional cultural products (literature, history, film, visual art, music, social media, new technology, etc.) and also their broader political and social contexts (colonialism, modernity, capitalism, etc.). In today's era of economic globalization and neoliberal restructuring, the language of culture is increasingly heard in debates about issues as diverse as nationalism, political conflicts, human rights, immigration, trade, the environment, media, history, literacy, and education. In the new millennium, increasing students’ capacity to live with and understand the heterogeneity and flux that characterize global flows of people, culture, and capital is of paramount importance. The major in Global Cultural Studies has tracks in World Literature and in World History and imparts students with skills and competency in critical thinking, cultural analysis, and communication for careers in education, creative industry, NGOs and international business and law.",265,0,Politics and Global Affairs,2.195534,10.749111,p00779|p00943|p01159|p00336|p00503
p00443,Part 10: Majors and Courses,Majors (listed in alphabetical order),Course Code Course Name Course Credit,153,ARHU 101 The Art of Interpretation: Written Texts ARHU 102 The Art of Interpretation: Images and Sound,17,2,Media and Arts,2.180707,11.209962,p00315|p00409|p00355|p00818|p00568
p00444,Part 10: Majors and Courses,Majors (listed in alphabetical order),Course Code Course Name Course Credit,153,"GCULS 105 Critical Comparative Studies GCULS 201 Culture and Industry CULMOVE 201 Migration, Inequality and Culture GCULS 202 Empires and Culture GCULS 302 Gender and Globality GCULS 390 Junior Seminar: Advanced Topics GCULS 490 Senior Seminar: Advanced Topics",38,4,"China, History, and Culture",0.09560197,10.681513,p00452|p00338|p00335|p00398|p00330
p00445,Part 10: Majors and Courses,Majors (listed in alphabetical order),And choose one of the following five Pre-Modern World History courses,154,"HIST 111 Ancient Roots to Global Routes HIST 112 History of the Indian Ocean World HIST 113 Peoples and Cultures of Ancient South Asia, 3500BCE-1750CE 4 HIST 202 World History and Global Interactions HIST 312 Southeast Asia and the Rise of Global Trade",43,4,"China, History, and Culture",0.6852648,11.348875,p00356|p00358|p00448|p00363|p00360
p00446,Part 10: Majors and Courses,Majors (listed in alphabetical order),Course Code Course Name Course Credit,154,"GCULS 107 Berlin-Paris: Sex, Cigarettes, and the Meaning of Life HIST 107 Gandhi and Moral Leadership GCULS 108 Science, Culture, and Politics MEDIART 112 Race on Film",27,0,Politics and Global Affairs,1.6785349,11.444213,p00454|p00357|p00781|p00510|p00458
p00447,Part 10: Majors and Courses,Majors (listed in alphabetical order),Course Code Course Name Course Credit,155,HIST 114 Modern South Asia MEDIART 114 Film Musicals and Musical Films,12,4,"China, History, and Culture",1.889753,11.881544,p00953|p00513|p00507|p00448|p00358
p00448,Part 10: Majors and Courses,Majors (listed in alphabetical order),Course Code Course Name Course Credit,155,"HIST 115 Brides of the Sea: Trading Cities in the Indian Ocean World, 200BCE to 2000CE HIST 116 Mughal India Through the Eyes of European Travelers HIST 121 Pan-Africanism: Global Story of an American Idea HIST 204 Asia in World History CULMOVE 206 Ethnic and Religious Diversity in the Middle East HIST 206 World History in Seven Meals",58,4,"China, History, and Culture",0.8445797,11.223784,p00358|p00356|p00445|p00363|p00827
p00449,Part 10: Majors and Courses,Majors (listed in alphabetical order),Course Code Course Name Course Credit,155,HIST 209 Refugees and War since 1914 MEDIART 215 Documenting City Life CULANTH 214/POLSCI Authoritarianism and the Struggle for Democracy in Latin America,23,0,Politics and Global Affairs,-0.25885916,10.122444,p00359|p00484|p00353|p00548|p00345
p00450,Part 10: Majors and Courses,Majors (listed in alphabetical order),Course Code Course Name Course Credit,155,"GCULS 305 Translation for Stage and Screen CULANTH 306 Borders, Boundaries and Ethnic Peoples in China POLSCI 312 Islamic Political Thought HIST 314 Writing the History of War HIST 315/ CULANTH 315 Why Be a Bandit?",36,4,"China, History, and Culture",0.24736348,11.041317,p00362|p00346|p00345|p00341|p00458
p00451,Part 10: Majors and Courses,Majors (listed in alphabetical order),Course Code Course Name Course Credit,155,HIST 317 The Global First World War MEDIART 405/ GCULS 405 The Curatorial: Theory and Practice,16,0,Politics and Global Affairs,2.0789683,11.95528,p00510|p00505|p00321|p00507|p00459
p00452,Part 10: Majors and Courses,Majors (listed in alphabetical order),Course Code Course Name Course Credit,156,"GCULS 105 Critical Comparative Studies GCULS 201 Culture and Industry CULMOVE Migration, Inequality and Culture GCULS 202 Empires and Culture GCULS 302 Gender and Globality GCULS 390 Junior Seminar: Advanced Topics GCULS 490 Senior Seminar: Advanced Topics",37,4,"China, History, and Culture",0.06490746,10.690745,p00444|p00338|p00335|p00398|p00330
p00453,Part 10: Majors and Courses,Majors (listed in alphabetical order),Course Code Course Name Course Credit,156,LIT 203 Reading Empire LIT 209 Critical Inter-Asia: Rethinking Local and Global Connections LIT 214 Introduction to Literary Research Writ Large,21,4,"China, History, and Culture",1.2993805,11.398186,p00894|p00560|p00458|p00886|p00788
p00454,Part 10: Majors and Courses,Majors (listed in alphabetical order),Course Code Course Name Course Credit,157,"GCULS 106 Our Cities and Ourselves GCULS 107 Berlin-Paris: Sex, Cigarettes, and the Meaning of Life LIT 107 From Data to Narrative: A Workshop in Non-fiction Writing GCULS 108 Science, Culture, and Politics LIT 109 Writing Stories for Children MEDIART 112 Race on Film MEDIART 114 Film Musicals and Musical Films",51,0,Politics and Global Affairs,1.8911884,11.452732,p00446|p00514|p00560|p00458|p00459
p00455,Part 10: Majors and Courses,Majors (listed in alphabetical order),Course Code Course Name Course Credit,157,CULMOVE 115 Displacement and Identity: Stories of Diasporic Migration in China and the World LIT 204 Online Novels and the Chinese Public Sphere,23,4,"China, History, and Culture",0.9482621,11.628902,p00351|p00699|p00345|p00437|p00458
p00456,Part 10: Majors and Courses,Majors (listed in alphabetical order),Course Code Course Name Course Credit,157,LIT 208 From Cool Japan to the Korean Wave: Popular Culture from East Asia,14,4,"China, History, and Culture",1.3933952,11.845628,p00509|p00893|p00894|p00458|p00453
p00457,Part 10: Majors and Courses,Majors (listed in alphabetical order),Course Code Course Name Course Credit,157,LIT 210 Robots and Monsters: Unruly Human Creations in World Literature LIT 211/ POLSCI 211 Politics and Literature,18,0,Politics and Global Affairs,1.4735467,9.892758,p00895|p00562|p00896|p00453|p00556
p00458,Part 10: Majors and Courses,Majors (listed in alphabetical order),Course Code Course Name Course Credit,157,LIT 212 Extinctionism: Representing the Survival of the Fittest in Literature and Culture LIT 213 Literature and Global Citizenship MEDIART 215 Documenting City Life GCULS 301 Religion and Sexuality GCULS 303 Chinatowns: A Cultural History GCULS 304 Chinese Culture and Ideology in the 20th Century and Now GCULS 305 Translation for Stage and Screen LIT 306 Melodrama East and West,60,4,"China, History, and Culture",1.244085,11.552612,p00787|p00455|p00886|p00699|p00454
p00459,Part 10: Majors and Courses,Majors (listed in alphabetical order),Course Code Course Name Course Credit,158,"LIT 307 Digital Storytelling GCULS 401 Games and Culture: Politics, Pleasure and Pedagogy GCULS 402 Digital Tribes MEDIART 405 / GCULS 405 The Curatorial: Theory and Practice",27,2,Media and Arts,2.4220307,11.595759,p00510|p00516|p00454|p00791|p00321
p00460,Part 10: Majors and Courses,Majors (listed in alphabetical order),Global Health with Tracks in Biology and Public Policy,159,"The global health major introduces students to global health as an area of study, research, and practice that places a priority on improving health and achieving equity in health for all people worldwide. A synthesis of population-based prevention with individual-level clinical care, global health aims to reduce health disparities through attention to modifiable determinants of health and provision of sustainable health services and human development. As a field of study, global health has emerged from tropical medicine, public health, and international health to encompass the complex transactions between societies that are a defining feature of globalization. Because many global health problems stem from economic, social, environmental, political, and healthcare inequalities, defining these problems and designing solutions is highly interdisciplinary and involves fields that span across health sciences, medicine, and public health, but also that bridge to a broad range of academic fields, including biology, agriculture, anthropology, business, computer science, engineering, environmental sciences, economics, history, law, psychology, public policy, and sociology, among others. To introduce students to this interdisciplinary field, the global health major integrates courses in the natural and social sciences and encourages students to take relevant electives in the humanities.",191,6,"Environment, Health, and Policy",0.24927166,7.6695356,p00804|p00795|p00462|p00801|p00461
p00461,Part 10: Majors and Courses,Majors (listed in alphabetical order),Global Health with Tracks in Biology and Public Policy,159,"Health issues do not know borders. The advances in transportation and the increasing amount of human travel propels nations to address health issues in a timely manner and more deeply than ever before. Given the size of China’s population and its geographic location, there is no better place for students to immerse themselves in the study of global health. Every nation has faced challenges related to global health: from HIV/AIDS to Ebola, COVID-19, and SARS, as well as health issues that arise from poverty, famine and natural disasters. The opportunity for students to study these issues in China will not just provide a generation of global health experts for China itself, but also for the entire world.",117,4,"China, History, and Culture",0.30260673,7.651615,p00795|p00460|p00804|p00462|p00801
p00462,Part 10: Majors and Courses,Majors (listed in alphabetical order),Global Health with Tracks in Biology and Public Policy,159,"The Biology track within the Global Health major is designed for students interested in a biological perspective on global health, in particular cell and molecular biology, infectious diseases, microbiology, and anatomy and physiology. The track is designed to encourage breadth in the life sciences but also allows students to acquire depth in a chosen area of scientific concentration through the choice of electives, as is encouraged for students who desire to pursue graduate studies or intend to pursue a career in research. The Public Policy track is designed for students most interested in the social, cultural, economic, and political aspects of global health. The track provides a healthy balance between basic sciences and public policy aspects to prepare graduates for translating this knowledge into meaningful action and innovative policy solutions.",130,6,"Environment, Health, and Policy",0.1928345,7.5240374,p00804|p00372|p00460|p00374|p00795
p00463,Part 10: Majors and Courses,Majors (listed in alphabetical order),And choose one from the following three courses,160,GLHLTH 203 Global Disease Control Programs and Policies,8,6,"Environment, Health, and Policy",0.22032697,7.234622,p00464|p00800|p00468|p00795|p00470
p00464,Part 10: Majors and Courses,Majors (listed in alphabetical order),And complete the following courses,161,GLHLTH 306 Evolution of Health and Disease GLHLTH 307 Global Mental Health,12,6,"Environment, Health, and Policy",0.30283305,6.9258146,p00468|p00463|p00466|p00807|p00306
p00465,Part 10: Majors and Courses,Majors (listed in alphabetical order),Course Code Course Name Course Credit,161,CHEM 201 Organic Chemistry I BIOL 201 Cell and Molecular Biology BIOL 202 Genetics and Evolution BIOL 208 General Ecology BIOL 212 Microbiology BIOL 305 Introduction to Biochemistry,28,1,Natural Science and Computation,0.2208042,5.523032,p00383|p00522|p00521|p00380|p00526
p00466,Part 10: Majors and Courses,Majors (listed in alphabetical order),Course Code Course Name Course Credit,161,"BIOL 203 Molecular, Behavioral and Social Evolution: Evolution of Genomes, Traits, Behaviors and Societies GLHLTH 301 Global Health Research Methods INFOSCI 302 Introduction to Geographical Information Science BIOL 306 Cell Signaling and Diseases ENVIR 306 Water Pollution BIOL 307 Cancer Genetics",41,1,Natural Science and Computation,-0.1552326,5.553905,p00384|p00527|p00529|p00380|p00526
p00467,Part 10: Majors and Courses,Majors (listed in alphabetical order),Course Code Course Name Course Credit,162,BIOL 308 Evolution of Infectious Diseases BIOL 309 Comparative Vertebrate Anatomy BIOL 310 Developmental Biology,15,1,Natural Science and Computation,-0.16416341,5.5986853,p00384|p00529|p00518|p00527|p00526
p00468,Part 10: Majors and Courses,Majors (listed in alphabetical order),And choose one from the following four courses,163,GLHLTH 110 Ecosystem Health and Human Well-Being GLHLTH 305 Biological Basis of Disease GLHLTH 306 Evolution of Health and Disease GLHLTH 307 Global Mental Health,25,6,"Environment, Health, and Policy",0.055856567,6.500266,p00464|p00466|p00463|p00384|p00797
p00469,Part 10: Majors and Courses,Majors (listed in alphabetical order),Course Code Course Name Course Credit,163,SOSC 101 Foundational Questions in Social Science SOSC 102 Introduction to Research Methods BIOL 110 Integrated Science - Biology,19,6,"Environment, Health, and Policy",2.318775,8.1747055,p00392|p00337|p00568|p00300|p00324
p00470,Part 10: Majors and Courses,Majors (listed in alphabetical order),Course Code Course Name Course Credit,164,"PUBPOL 102 Introduction to the United States Health Care System GCULS 108 Science, Culture, and Politics GLHLTH 202 Media and Health Communication PUBPOL 220 Introduction to Regulatory Governance GLHLTH 301 Global Health Research Methods INFOSCI 302 Introduction to Geographical Information Science PUBPOL 305 War and Public Health in Africa ENVIR 306 Water Pollution PUBPOL 306 International Development and Poverty SOCIOL 306 Contemporary Population Problems PUBPOL 317 Plastic Planet: Pollution and Solutions PUBPOL 318 How to Change the World: The Role of Non-State Actors SOSC 320 Data in the World: Applied Social Statistics",92,6,"Environment, Health, and Policy",-0.30317104,7.8482375,p00549|p00398|p00569|p00399|p00795
p00471,Part 10: Majors and Courses,Majors (listed in alphabetical order),"Institutions and Governance with tracks in Economics, Political Science, and Public Policy",165,"The Institutions and Governance major enables students to study the formal and informal rules that societies use to govern themselves at the local, national, and global levels. By focusing on institutions and governance as a guiding framework, students can better understand the dynamics of wealth and poverty, innovation versus technological/economic stagnation, and stability versus turmoil in different states and societies. Students in this major will be exposed to the deep political science, economic, sociological, historical and anthropological explorations of institutional designs in a variety of constructs, such as governments, interest groups and social movements, media, and religion, among others. By their senior year, students will be able to speak authoritatively on the comparative theory of institutions, the history of institutional and policy development, the drivers of institutional change, and distributional effects of institutional choices. Particular attention will be paid to the challenges of governance, such as the processes and structures that societies adopt to manage their collective affairs, with an emphasis on the implementation and evaluation of government programs. The world is more and more interconnected at a variety of levels and students are going to need a better understanding of the institutions that govern this global integration. The more that students can identify, analyze and engage with global institutions and understand their governing processes, the more they will be able to navigate these complexities. This focus in Institutions and Governance will prepare students for a variety of careers requiring expertise in public administration, international development, political risk analysis, multinational investment and work in the non profit sector at both the domestic and international levels. Students can choose among three disciplinary tracks: Economics, Political Science, or Public Policy.",278,0,Politics and Global Affairs,-0.2089206,8.994707,p01086|p01087|p01067|p00532|p00439
p00472,Part 10: Majors and Courses,Majors (listed in alphabetical order),Course Code Course Name Course Credit,166,STATS 101 Introduction to Applied Statistical Methods POLSCI 201 Political Institutions and Processes GCHINA 202 Modern Chinese Politics ETHLDR 203 Conceptions of Democracy and Meritocracy POLSCI 307 Political Economy of Institutions POLSCI 308 Global Governance INSTGOV 490 Senior Seminar: Advanced Topics,41,4,"China, History, and Culture",-1.1824507,10.607187,p00533|p00561|p00440|p00436|p00416
p00473,Part 10: Majors and Courses,Majors (listed in alphabetical order),Course Code Course Name Course Credit,167,Courses listed in the table below are recommended electives for this major and the course list will be updated periodically. Students can also select other courses in different disciplines or divisions as electives.,33,7,"Credits, Load, and Grading",5.466268,7.7071905,p00286|p00278|p00389|p00397|p00305
p00474,Part 10: Majors and Courses,Majors (listed in alphabetical order),Course Code Course Name Course Credit,167,PUBPOL 106 Urbanizing China: Spatial and Social Dynamics in Chinese Cities 2 COMPSCI 206 /ECON 206 Computational Microeconomics,18,4,"China, History, and Culture",-0.52206624,11.659511,p00344|p00331|p00543|p00357|p01100
p00475,Part 10: Majors and Courses,Majors (listed in alphabetical order),Course Code Course Name Course Credit,167,PUBPOL 220 Introduction to Regulatory Governance ECON 211 Intelligent Economics: An Explainable AI approach ECON 301 Health Economics ECON 302/ ENVIR 302 Environmental Economics & Policy,26,6,"Environment, Health, and Policy",-1.0899022,7.9637403,p00429|p00537|p00536|p00480|p00329
p00476,Part 10: Majors and Courses,Majors (listed in alphabetical order),Course Code Course Name Course Credit,167,ECON 303 Financial Institutions ECON 304 Economic Growth ECON 307 History of Monetary & International Crises ECON 308 Economic History and Modernization of the Islamic Middle East 4,28,6,"Environment, Health, and Policy",-1.3956391,8.942902,p00431|p00539|p00430|p00538|p00720
p00477,Part 10: Majors and Courses,Majors (listed in alphabetical order),Course Code Course Name Course Credit,168,ECON 309 Behavioral Finance ECON 310 Urban Economics MATH 316 / ECON 316 Discrete Time Finance,16,6,"Environment, Health, and Policy",-1.3107401,8.794025,p00287|p00539|p00431|p00396|p00430
p00478,Part 10: Majors and Courses,Majors (listed in alphabetical order),Course Code Course Name Course Credit,168,PUBPOL 318 How to Change the World: The Role of Non-State Actors ECON 333/ SOSC 333 Social and Economic Networks,20,6,"Environment, Health, and Policy",-0.53758556,8.36738,p00489|p00549|p00307|p00328|p00470
p00479,Part 10: Majors and Courses,Majors (listed in alphabetical order),Course Code Course Name Course Credit,168,ECON 401 Competitive Strategy & Industrial Organization POLECON401 /GCHINA 401 Political Economy of the Chinese Reform,16,4,"China, History, and Culture",-1.5167567,10.685952,p00540|p00554|p00550|p00490|p00432
p00480,Part 10: Majors and Courses,Majors (listed in alphabetical order),Course Code Course Name Course Credit,168,"ECON 402 International Finance ECON 404/ ENVIR 404 Environmental Justice: The Economics of Race, Place and Pollution",17,6,"Environment, Health, and Policy",-1.0528725,7.3591437,p00394|p00387|p00382|p00377|p00432
p00481,Part 10: Majors and Courses,Majors (listed in alphabetical order),Course Code Course Name Course Credit,169,"POLSCI 101 International Politics ETHLDR 202 Ethics, Markets and Politics PUBPOL 301 Political Analysis for Public Policy POLSCI 301 Program Evaluation POLSCI 302 Public Opinion",25,0,Politics and Global Affairs,-0.6573936,9.61823,p00541|p00561|p00436|p00546|p00565
p00482,Part 10: Majors and Courses,Majors (listed in alphabetical order),Course Code Course Name Course Credit,170,"POLSCI 102 Social Choice and Democracy POLSCI 105 Contemporary Political Ideologies POLECON 105 China and the Global South POLSCI 106 Political Rhetoric, Crisis, and Leadership ETHLDR 108 Democracy and Inclusion: Hopes, Prospects, Dilemmas WOC 201 Academic Writing 1: Argumentation Across Disciplines HIST 202 World History and Global Interactions",48,0,Politics and Global Affairs,-0.32386532,10.085071,p00562|p00542|p00437|p00561|p00438
p00483,Part 10: Majors and Courses,Majors (listed in alphabetical order),Course Code Course Name Course Credit,170,POLECON 202 The Politics of International Economic Relations: America in the World Economy GCHINA 202 Modern Chinese Politics POLSCI 204 The U.S. Constitution and its Critics CULMOVE 206 Ethnic and Religious Diversity in the Middle East POLSCI 208 Political and Social Inequality POLSCI 209 Democratic Erosion POLSCI 210 International Relations in East Asia POLECON 211 Risk Analysis and Forecasting POLSCI 211/LIT Politics and Literature,64,4,"China, History, and Culture",-0.74749386,10.301953,p00544|p00563|p00482|p00542|p00330
p00484,Part 10: Majors and Courses,Majors (listed in alphabetical order),Course Code Course Name Course Credit,170,POLSCI 212 Pathologies of Modern Society: Foundational Ideas POLSCI 213 Populism CULANTH 214/ POLSCI 214 Authoritarianism and the Struggle for Democracy in Latin America,24,0,Politics and Global Affairs,-0.28458148,9.993537,p00359|p00545|p00564|p01077|p00689
p00485,Part 10: Majors and Courses,Majors (listed in alphabetical order),Course Code Course Name Course Credit,170,POLSCI 216 War and Peace: Foundations of the International Political Order,11,0,Politics and Global Affairs,-0.6723763,10.046681,p00565|p00438|p01078|p00541|p00562
p00486,Part 10: Majors and Courses,Majors (listed in alphabetical order),Course Code Course Name Course Credit,171,"POLSCI 219/ PUBPOL 219 The U.S. Legal System: Lawyers, Judges, Lawmakers, & Bureaucrats PUBPOL 220 Introduction to Regulatory Governance POLSCI 303 International Politics of East Asia POLSCI 311/ SOCIOL /PHIL 311 The Political and Social Thought of Hannah Arendt",39,0,Politics and Global Affairs,-0.6773141,9.554036,p00546|p00565|p00439|p00493|p00488
p00487,Part 10: Majors and Courses,Majors (listed in alphabetical order),Course Code Course Name Course Credit,171,POLSCI 312 Islamic Political Thought POLSCI /PSYCH 313 Political Psychology,10,0,Politics and Global Affairs,1.0233493,8.052677,p00547|p00408|p00414|p01089|p00541
p00488,Part 10: Majors and Courses,Majors (listed in alphabetical order),Course Code Course Name Course Credit,171,POLSCI 315 American Politics in Comparative Perspective PUBPOL 316/ HIST 316 The Modern Regulatory State,15,6,"Environment, Health, and Policy",-0.70852447,9.374878,p00493|p00553|p00558|p00486|p00546
p00489,Part 10: Majors and Courses,Majors (listed in alphabetical order),Course Code Course Name Course Credit,171,PUBPOL 318 How to Change the World: The Role of Non-State Actors,12,0,Politics and Global Affairs,-0.57809526,8.522187,p00478|p00411|p00549|p01127|p00486
p00490,Part 10: Majors and Courses,Majors (listed in alphabetical order),Course Code Course Name Course Credit,171,POLECON /GCHINA 401 Political Economy of the Chinese Reform,9,4,"China, History, and Culture",-1.4414225,10.732243,p00550|p00554|p00540|p00479|p00416
p00491,Part 10: Majors and Courses,Majors (listed in alphabetical order),Course Code Course Name Course Credit,172,PUBPOL 303 Policy Choice as Value Conflict PUBPOL 315/ECON 315 Economics of the Public Sector,15,6,"Environment, Health, and Policy",-1.0065688,8.672436,p00551|p00395|p00328|p00475|p00537
p00492,Part 10: Majors and Courses,Majors (listed in alphabetical order),Course Code Course Name Course Credit,173,"PUBPOL 106 Urbanizing China: Spatial and Social Dynamics in Chinese Cities POLSCI 107 Political Psychology ETHLDR 108 Democracy and Inclusion: Hopes, Prospects, Dilemmas POLSCI 204 The U.S. Constitution and its Critics CULMOVE 206 Ethnic and Religious Diversity in the Middle East POLECON 211 Risk Analysis and Forecasting PUBPOL 213 Authoritarian Regimes POLSCI 213 Populism CULANTH 214/ POLSCI 214 Authoritarianism and the Struggle for Democracy in Latin America POLSCI 219/ PUBPOL 219 The U.S. Legal System: Lawyers, Judges, Lawmakers, & Bureaucrats PUBPOL 220 Introduction to Regulatory Governance PUBPOL 308 Managing the Oceans to Solve Global Problems PUBPOL 309 War and Public Health in Africa PUBPOL 311 Economic and Political History of the European Union CULANTH /POLSCI 314 Refugees and the Biopolitics of Citizenship",122,0,Politics and Global Affairs,-0.5635638,9.99346,p00552|p00543|p00546|p00558|p00482
p00493,Part 10: Majors and Courses,Majors (listed in alphabetical order),Course Code Course Name Course Credit,173,POLSCI 315 American Politics in Comparative Perspective PUBPOL 316/HIST 316 The Modern Regulatory State,14,6,"Environment, Health, and Policy",-0.73076665,9.326157,p00488|p00553|p00558|p00486|p00546
p00494,Part 10: Majors and Courses,Majors (listed in alphabetical order),Materials Science with tracks in Chemistry and Physics,175,"Many of tomorrow’s innovations in fields such as fast computing, renewable energy generation, batteries, plastics, textiles, and transportation will rely on the unique and novel properties of materials. The development of such materials requires integrated knowledge in physics, chemistry, and biology, along with advanced mathematics and computation. The Materials Science major introduces students to the interdisciplinary study in materials science, which includes atomic and molecular structure, mechanical and thermodynamic properties, electric and magnetic properties, and fabrication methods and applications, together with disciplinary training in either physics or chemistry. This major can prepare students for advanced studies in various departments in graduate school such as physics, chemistry, materials science and mechanical engineering, chemical engineering, electrical engineering, etc. Within the requirements of this major, student have the flexibility to design a curriculum that emphasizes more on one particular field of study, for example, physics, chemistry or materials science. Students with more interests in industrial positions can also customize their backgrounds for domestic and international manufacturers or companies specializeing in automobiles, aircrafts, batteries, cosmetics, pharmaceuticals, electronics, etc.",174,1,Natural Science and Computation,1.2297049,4.433753,p00627|p00914|p00915|p00616|p00910
p00495,Part 10: Majors and Courses,Majors (listed in alphabetical order),Course Code Course Name Course Credit,176,"MATSCI 201 Fundamentals of Materials Science MATSCI 301 Materials Synthesis and Characterization (Lab) MATSCI 302 Electronic, Optical and Magnetic Properties of Materials MATSCI 401 Mechanical Properties of Materials",28,1,Natural Science and Computation,1.1844233,4.2965817,p00498|p00912|p00502|p00909|p00627
p00496,Part 10: Majors and Courses,Majors (listed in alphabetical order),Course Code Course Name Course Credit,177,CHEM 130 Science of Cooking MATSCI 303 Phase Transformations ENVIR 304 Environmental Chemistry and Toxicology PHYS 310 Physics of Particulate Materials CHEM 315/ ENVIR 315 Aqueous Geochemistry,27,1,Natural Science and Computation,0.7113637,5.3875256,p00390|p00391|p00497|p00388|p00520
p00497,Part 10: Majors and Courses,Majors (listed in alphabetical order),Course Code Course Name Course Credit,177,ENVIR 402 Chemical Transformation of Environmental Contaminants MATSCI 402 Introduction to Nanoscale Functional Materials PHYS 402 Solid State and Soft Matter Physics CHEM 403 Advanced Topics in Physical Chemistry MATSCI 403 Quantum Physics for Materials Science MATSCI 404 Polymers and Biomaterials CHEM 410 Introduction to Materials Chemistry,47,1,Natural Science and Computation,1.0099729,4.573936,p00391|p00502|p00496|p00627|p00625
p00498,Part 10: Majors and Courses,Majors (listed in alphabetical order),Course Code Course Name Course Credit,178,"CHEM 201 Organic Chemistry I MATSCI 201 Fundamentals of Materials Science MATSCI 301 Materials Synthesis and Characterization (Lab) MATSCI 302 Electronic, Optical and Magnetic Properties of Materials MATSCI 401 Mechanical Properties of Materials",33,1,Natural Science and Computation,1.1146196,4.252882,p00495|p00912|p00502|p00497|p00627
p00499,Part 10: Majors and Courses,Majors (listed in alphabetical order),Course Code Course Name Course Credit,179,PHYS 122 General Physics II MATH 201 Multivariable Calculus PHYS 201 Optics and Modern Physics MATH 202 Linear Algebra PHYS 302 Thermal and Statistical Physics PHYS 405 Advanced Physics Laboratory and Seminar,32,1,Natural Science and Computation,1.8528149,4.9918876,p00523|p00501|p00388|p00275|p00293
p00500,Part 10: Majors and Courses,Majors (listed in alphabetical order),And choose two from the following courses,179,PHYS 301 Classical Mechanics PHYS 304 Electricity and Magnetism PHYS 401 Quantum Mechanics,13,1,Natural Science and Computation,1.785445,4.8948126,p00524|p00523|p00499|p01007|p01013
p00501,Part 10: Majors and Courses,Majors (listed in alphabetical order),Course Code Course Name Course Credit,179,PHYS 101 Frontiers of 21st Century Physics PHYS 105 The Science of Asian Sound PHYS 134 Introductory Astronomy COMPSCI 201 Introduction to Programming and Data Structures MATSCI 202 Mathematical Methods for Materials Science MATH 205 Probability and Statistics MATH 303 ODE and Dynamical Systems MATSCI 303 Phase Transformations PHYS 310 Physics of Particulate Materials,54,1,Natural Science and Computation,1.5729244,5.026713,p00499|p00523|p00525|p00496|p00388
p00502,Part 10: Majors and Courses,Majors (listed in alphabetical order),Course Code Course Name Course Credit,180,MATSCI 402 Introduction to Nanoscale Functional Materials PHYS 402 Solid State and Soft Matter Physics MATSCI 403 Quantum Physics for Materials Science MATSCI 404 Polymers and Biomaterials PHYS 403 Introduction to Nuclear and Particle Physics PHYS 404 Nonlinear Dynamics,39,1,Natural Science and Computation,1.2362758,4.3101315,p00497|p01020|p00498|p00627|p00495
p00503,Part 10: Majors and Courses,Majors (listed in alphabetical order),Media and Arts with tracks in Art History and Creative Practice,181,"The Media and Arts major captures the breadth of both media as a communications process and art as creative and documentary expressions. By exploring the history of media and arts as well as emerging technologies and cultures, students in this major will gain a depth of understanding that is broadly applicable to future life choices. Media studies might include communications studies, journalism, science, technology and society at the local, as well as national and global levels. Arts studies might address visual art in film, photography, and sound; music; theater; and literature. The intersection of media and arts will provide both a well-rounded foundation as well as the opportunity to immerse oneself in a particular field of study or practice. Understanding of media and the arts is foundational to the concept of interdisciplinarity that is the basis for a liberal arts education at Duke Kunshan University. On the one hand, exposure to the arts provides for the complete student: a well-rounded individual who is able to see the world in both its breadth and depth, thus creatively seeking, discovering and implementing solutions to global problems. In particular, the documentary arts intersect history with creativity; the understanding of cultural tradition with the artistic imagination. On the other hand, media literacy is not a luxury. In this interconnected world, it is a necessity. Students in this major will gain a more complete understanding of the evolution of media, broadly defined, and how the media and media systems of today interact with the institutions, individuals and ideas in society. The Media and Arts major has two tracks: 1) Art History and 2) Creative Practice. The Art History track provides a mixture of humanities and social science approaches to understanding media and arts, creating a foundation for work in the field or further graduate-level study. The Creative Practice track will focus on providing opportunities for students to create the media and arts that interest them, with a strong academic foundation.",325,2,Media and Arts,2.7193942,11.907038,p00943|p00504|p00960|p00961|p00842
p00504,Part 10: Majors and Courses,Majors (listed in alphabetical order),Course Code Course Name Course Credit,182,"MEDIART 101 Introduction to Media Studies and the Arts MEDIART 210 Media and Arts Practicum MEDIART 211 Media, Arts and Critical Theory MEDIART 390 Junior Seminar: Advanced Topics MEDIART 490 Senior Seminar: Advanced Topics",34,2,Media and Arts,2.717214,11.863844,p00503|p00506|p00511|p00943|p00516
p00505,Part 10: Majors and Courses,Majors (listed in alphabetical order),And choose one from the following three History courses,182,HIST 207 History of Media Art HIST 210 Global Art History HIST 220 Global Media History,16,4,"China, History, and Culture",2.1502736,12.004645,p00507|p00510|p00321|p00451|p00509
p00506,Part 10: Majors and Courses,Majors (listed in alphabetical order),And choose one from the following four Creative Practice courses,182,MEDIART 103 Introduction to Moving Image Practice MEDIART 104 Introduction to Photography MEDIART 110 Audio Documentary & Storytelling MEDIART 111 Archive,21,2,Media and Arts,2.8351989,11.737543,p00511|p00515|p00516|p00504|p00512
p00507,Part 10: Majors and Courses,Majors (listed in alphabetical order),Course Code Course Name Course Credit,183,HIST 201 History Methods and Research HIST 106 Art History 1 CULANTH 201 New Media and Society,17,0,Politics and Global Affairs,1.8899349,11.896192,p00505|p00419|p00321|p00557|p00510
p00508,Part 10: Majors and Courses,Majors (listed in alphabetical order),Course Code Course Name Course Credit,183,"MEDIART 106 The Visual Culture of News, Past and Present MEDIART 109 Introduction to Visual Culture MEDIART 112 Race on Film MEDIART 114 Film Musicals and Musical Films GCULS 201 Culture and Industry GCHINA 203 Visual China HIST 207 History of Media Art MEDIART 208 Comparative Media Systems and Chinese Mass Media",52,4,"China, History, and Culture",2.2526193,12.035539,p00512|p00513|p00320|p00774|p00948
p00509,Part 10: Majors and Courses,Majors (listed in alphabetical order),Course Code Course Name Course Credit,183,"LIT 208 From Cool Japan to the Korean Wave: Popular Culture from East Asia HIST 210 Global Art History MEDIART 215 Documenting City Life MEDIART 216 Performance, Embodiment and Cultural Memory HIST /MEDIART 217 Ancient and Imperial Chinese Art",39,4,"China, History, and Culture",1.6009815,11.969875,p00456|p00505|p00508|p00893|p00458
p00510,Part 10: Majors and Courses,Majors (listed in alphabetical order),Course Code Course Name Course Credit,184,HIST 220 Global Media History POLSCI 302 Public Opinion GCULS 305 Translation for Stage and Screen MEDIART 307 International Communication MEDIART 405/ GCULS 405 The Curatorial: Theory and Practice,29,0,Politics and Global Affairs,2.1932733,12.04401,p00321|p00505|p00451|p00459|p00973
p00511,Part 10: Majors and Courses,Majors (listed in alphabetical order),And choose one from the following four Creative Practice courses,185,MEDIART 103 Introduction to Moving Image Practice MEDIART 104 Introduction to Photography MEDIART 110 Audio Documentary & Storytelling MEDIART111 Archive,20,2,Media and Arts,2.8220906,11.613442,p00506|p00515|p00516|p00504|p00512
p00512,Part 10: Majors and Courses,Majors (listed in alphabetical order),Course Code Course Name Course Credit,186,"MEDIART 109 Introduction to Visual Culture MEDIART 202 Ideas, Imagination, and Creativity",12,2,Media and Arts,2.5481505,11.719455,p00948|p00508|p00842|p00511|p00506
p00513,Part 10: Majors and Courses,Majors (listed in alphabetical order),Course Code Course Name Course Credit,186,MEDIART 105 Introduction to Film Studies MEDIART 108 / LIT 108 Love and Dreams on the Chinese Stage,18,4,"China, History, and Culture",1.9450059,12.070698,p00508|p00420|p00515|p00883|p00509
p00514,Part 10: Majors and Courses,Majors (listed in alphabetical order),Course Code Course Name Course Credit,186,LIT 109 Writing Stories for Children MEDIART 112 Race on Film MEDIART 113 Exploring Music MEDIART 114 Film Musicals & Musical Films INFOSCI 201 Interaction & Physical Computing MEDIART 203 Audio Documentary MEDIART 204 The Photographic Essay MEDIART 205 Digital Imaging MEDIART 206 Computer Graphics MEDIART 207 Creative Writing and Elements of Story,53,2,Media and Arts,2.8341923,11.385133,p00454|p00560|p00515|p00504|p00884
p00515,Part 10: Majors and Courses,Majors (listed in alphabetical order),Course Code Course Name Course Credit,187,MEDIART 212 Editing for Film and Video MEDIART 215 Documenting City Life MEDIART 218 Music and Cinema MEDIART 301 Experimental Filmmaking MEDIART 302 Contemporary Documentary Film MEDIART 303 Documentary Photography and the Cultural Landscape,34,2,Media and Arts,2.7583876,11.663944,p00511|p00506|p00516|p00969|p00504
p00516,Part 10: Majors and Courses,Majors (listed in alphabetical order),Course Code Course Name Course Credit,187,MEDIART 304 The On-Going Moment: Presentations of Time in Still and Moving Images MEDIART 305 Producing Docu-Fiction MEDIART 306 Foundations of Interactive Game Design MEDIART 310 Screenwriting MEDIART 311 Cinematography MEDIART 312 Graphic Design in Motion MEDIART 313 Sports Documentary MEDIART 405/ GCULS 405 The Curatorial: Theory and Practice,49,2,Media and Arts,2.7626646,11.723909,p00515|p00506|p00511|p00504|p00459
p00517,Part 10: Majors and Courses,Majors (listed in alphabetical order),"Molecular Bioscience with Tracks in Biogeochemistry, Biophysics, Cell and Molecular Biology, Genetics and Genomics",188,"All biological sciences rest on two central principles – all organisms and their characteristics are the product of evolution, and all life processes have a physical and chemical basis. Simply put, at the most fundamental level, there is a shared molecular basis of life. Despite the astonishing diversity of living organisms, from bacteria living in deep ocean hydrothermal vents to cherry trees flowering in the spring to complex modern humans shaping the world around us, many features of all organisms at the cellular and molecular levels are fundamentally similar because of shared evolutionary history. Discoveries of fundamental molecular mechanisms in one species - a bacteria or fungus or fruit fly, for example - often apply to other distantly related organisms like humans. Solving many of the most perplexing and challenging biological, agricultural, medical, societal, and environmental problems in today’s world requires a broad and deep understanding of the molecular basis of life. The highly interdisciplinary field of molecular bioscience seeks to understand at the level of atoms and molecules how living things acquire energy and chemical nutrients from their environment, how they use that energy to fuel the basic biochemical reactions and cellular functions required for life, how they use molecular information encoded in their DNA to grow, survive, and reproduce, and how their metabolic and biochemical processes transform the environment in which we all live. The broad goal of molecular bioscience, to understand the mechanisms of life processes at the physical, chemical, and cellular levels, requires students to integrate knowledge from several disciplines that traditionally are treated as separate realms of knowledge. Molecular bioscience is at the intersection of biology, chemistry, and physics, but most undergraduate programs require that students focus on one discipline at the exclusion of the other two. In contrast, the Molecular Bioscience major at DKU is designed to integrate fully the fields of biology, chemistry, and physics throughout the major’s course of study, so DKU students trained in molecular bioscience will be better prepared to understand and make fundamental advances on the tremendous challenges facing our current and future generations in human health, agriculture, biotechnology, and global environmental change. Through the required interdisciplinary introductory courses including Biochemistry, Biophysics, Genetics and Evolution, and Biomedical Ethics, all molecular bioscience students will gain core foundational knowledge and skills that uniquely will enable them to pursue one of four more specialized tracks of courses that focus some of the most exciting fields of science today. Students who choose the Cell and Molecular Biology track, for example, will learn of stunning new discoveries of how cells work at the molecular level, and how that knowledge is critical for advances in cancer biology and medicine, pharmacology, biochemistry, virology, immunology, developmental biology, and the Biotech industries. The Genetics and Genomics track will provide students with deep insight into how the explosive fields of functional genomics, bioinformatics, and computational biology are revolutionizing our understanding of life. Students will learn how genomics is revealing the complex and highly orchestrated mechanisms that organisms use to regulate genes and genomes, how genomes evolve via population genomic processes, and how new methods like DNA editing promise to transform medicine, agriculture, and our understanding of basic biological processes. The Biophysics track will allow students to apply principles of physics to biological systems at molecular, organismal, and ecological levels. These students will learn how such integrated applications of these principles are leading to the incredible breadth of advances biophysicists are making in bioelectronics, quantum biology, nanotechnology, structural biology, biomechanics, biochemistry, and cell and molecular biology. Finally, students who choose the Biogeochemistry track will discover how the activities of biological systems and other chemical, physical, and geological processes drive the global or local cycles of chemicals like carbon and nitrogen, and ultimately lead to global environmental change. These students, with their interdisciplinary training in molecular bioscience with a focus on ecosystem science, will be uniquely prepared to solve existential challenges like human-mediated global climate change and environmental degradation.",658,1,Natural Science and Computation,0.42888686,5.38705,p00871|p00465|p00585|p00383|p00522
p00518,Part 10: Majors and Courses,Majors (listed in alphabetical order),Course Code Course Name Course Credit,190,BIOL 202 Genetics and Evolution PHYS 303 Introduction to Biophysics BIOL 305 Introduction to Biochemistry BIOL 320 Bioethics,18,1,Natural Science and Computation,0.09325793,5.4150157,p00522|p00383|p00526|p00527|p00465
p00519,Part 10: Majors and Courses,Majors (listed in alphabetical order),Course Code Course Name Course Credit,190,ENVIR 102 Dynamic Earth and Oceans: Physical and Biological Sciences for the Environment BIOL 208 General Ecology,17,1,Natural Science and Computation,-0.663769,6.5873427,p00385|p00376|p00742|p00379|p00380
p00520,Part 10: Majors and Courses,Majors (listed in alphabetical order),And choose one course from the following two courses,190,BIOL 312 Ecophysiology ENVIR 315/ CHEM 315 Aqueous Geochemistry,9,1,Natural Science and Computation,0.06275532,5.74468,p00379|p00521|p00383|p00380|p00465
p00521,Part 10: Majors and Courses,Majors (listed in alphabetical order),Course Code Course Name Course Credit,191,BIOL 201 Cell and Molecular Biology ENVIR 202 Biodiversity and Conservation ENVIR 304 Environmental Chemistry and Toxicology BIOL 318 Food Web Ecology BIOL 405 Microbial Ecology,26,1,Natural Science and Computation,-0.035103776,5.639243,p00380|p00383|p00465|p00379|p00526
p00522,Part 10: Majors and Courses,Majors (listed in alphabetical order),Course Code Course Name Course Credit,192,CHEM 201 Organic Chemistry I BIOL 202 Genetics and Evolution PHYS 303 Introduction to Biophysics BIOL 305 Introduction to Biochemistry BIOL 320 Bioethics,23,1,Natural Science and Computation,0.2726252,5.4071593,p00518|p00465|p00383|p00521|p00273
p00523,Part 10: Majors and Courses,Majors (listed in alphabetical order),Course Code Course Name Course Credit,192,PHYS 122 General Physics II MATH 201 Multivariable Calculus PHYS 201 Optics and Modern Physics MATH 202 Linear Algebra PHYS 302 Thermal and Statistical Physics,25,1,Natural Science and Computation,1.9244238,5.055805,p00499|p00275|p00501|p00293|p00388
p00524,Part 10: Majors and Courses,Majors (listed in alphabetical order),And choose two courses from the following four courses,193,PHYS 301 Classical Mechanics PHYS 304 Electricity and Magnetism PHYS 401 Quantum Mechanics PHYS 404 Nonlinear Dynamics,17,1,Natural Science and Computation,1.9147898,4.952957,p00500|p00499|p00523|p00502|p00284
p00525,Part 10: Majors and Courses,Majors (listed in alphabetical order),Course Code Course Name Course Credit,193,BIOL 201 Cell and Molecular Biology MATH 303 ODE and Dynamical Systems PHYS 310 Physics of Particulate Materials BIOL 316 Quantitative Physiology MATH 403 Partial Differential Equations CHEM 404 Physical Biochemistry MATH 410 Modeling Biological Systems,36,1,Natural Science and Computation,1.2614167,5.2996736,p00941|p00383|p00273|p00501|p00522
p00526,Part 10: Majors and Courses,Majors (listed in alphabetical order),Course Code Course Name Course Credit,195,BIOL 201 Cell and Molecular Biology BIOL 212 Microbiology BIOL 304 Molecular Genetic Analysis BIOL 306 Cell Signaling and Diseases BIOL 315 Experimental Molecular Biology,25,1,Natural Science and Computation,-0.02286139,5.2917876,p00528|p00383|p00527|p00518|p00465
p00527,Part 10: Majors and Courses,Majors (listed in alphabetical order),Course Code Course Name Course Credit,195,"BIOL 203 Molecular, Behavioral and Social Evolution: Evolution of Genomes, Traits, Behaviors and Societies BIOL 401 Advanced Biochemistry: Cell Metabolism BIOL 310 Developmental Biology BIOL 314 Computational Biology and Bioinformatics CHEM 404 Physical Biochemistry BIOL 307 Cancer Genetics",38,1,Natural Science and Computation,-0.012735045,5.2929983,p00466|p00529|p00384|p00528|p00383
p00528,Part 10: Majors and Courses,Majors (listed in alphabetical order),Course Code Course Name Course Credit,196,BIOL 201 Cell and Molecular Biology BIOL 304 Molecular Genetic Analysis BIOL 314 Computational Biology and Bioinformatics BIOL 403 Experimental Methods in Functional Genomics,24,1,Natural Science and Computation,-0.07180155,5.3635073,p00526|p00527|p00518|p00383|p00530
p00529,Part 10: Majors and Courses,Majors (listed in alphabetical order),Course Code Course Name Course Credit,197,"BIOL 203 Molecular, Behavioral and Social Evolution: Evolution of Genomes, Traits, Behaviors and Societies BIOL 212 Microbiology",17,1,Natural Science and Computation,-0.07051884,5.51634,p00527|p00466|p00384|p00526|p00383
p00530,Part 10: Majors and Courses,Majors (listed in alphabetical order),Course Code Course Name Course Credit,197,"BIOL 310 Developmental Biology: Development, Stem Cells, and Regeneration BIOL 317 Systems Biology BIOL 404 Genomics of Adaptation",18,1,Natural Science and Computation,-0.09930643,5.4123325,p00528|p00527|p00518|p00526|p00379
p00531,Part 10: Majors and Courses,Majors (listed in alphabetical order),"Political Economy with tracks in Economics, Political Science, and Public Policy",198,"Within the field of international relations in general, and international political economy in particular, interested Duke Kunshan University students will have a chance to explore--both broadly and deeply, a large array of the world's most pressing issues--issues that will determine the balance between peace and conflict over the coming decades. Given the growing impact of globalization and the rather profound structural changes occurring in international affairs, it is imperative that we train a new generation of international relations theorists and practitioners who can appreciate, manage and lead in the increasingly complex world that we face on a daily basis.",99,0,Politics and Global Affairs,-0.6064405,10.599015,p01083|p01078|p01074|p00532|p01080
p00532,Part 10: Majors and Courses,Majors (listed in alphabetical order),"Political Economy with tracks in Economics, Political Science, and Public Policy",198,"The field of international political economy utilizes an interdisciplinary approach to examine the reciprocal relationships between politics and markets, both within and among countries, employing a variety of analytical and research tools, including those of economics. Its concerns include interactions among economic and political development; cooperation and conflict among nations, groups, and individuals; the distribution of material resources and political/economic power; the effects of political actors and institutions on economic outcomes and vice versa; the causes and consequences of technological change, growth, and globalization; and regulation and global governance. The curriculum will provide students an overview of the changing face of international relations as well as impart to them the critical tools and techniques that inform the study of international political economy. Students will have an opportunity to examine and assess a broad range of global issues using the lens and conceptual frameworks of political economy. Students can choose among the three disciplinary tracks: Economics, Political Science, or Public Policy.",160,0,Politics and Global Affairs,-0.7674472,10.090972,p01054|p01055|p00471|p01059|p00563
p00533,Part 10: Majors and Courses,Majors (listed in alphabetical order),Course Code Course Name Course Credit,199,"STATS 101 Introduction to Applied Statistical Methods ECON 101 Economics Principles POLECON 201 International Political Economy ETHLDR 202 Ethics, Markets, Politics POLECON 301 Development POLECON 302 / GCHINA 301 China’s Economic Transition",32,4,"China, History, and Culture",-1.4024868,10.575893,p00472|p00440|p00416|p00554|p00490
p00534,Part 10: Majors and Courses,Majors (listed in alphabetical order),Course Code Course Name Course Credit,199,ECON 201 Intermediate Microeconomics I ECON 202 Intermediate Microeconomics II ECON 203 Introduction to Econometrics,15,6,"Environment, Health, and Policy",-1.646197,8.7014675,p00427|p00396|p00428|p00326|p00535
p00535,Part 10: Majors and Courses,Majors (listed in alphabetical order),Course Code Course Name Course Credit,199,POLECON 105 China and the Global South MATH 201 Multivariable Calculus COMPSCI /ECON 206 Computational Microeconomics,16,6,"Environment, Health, and Policy",-1.6982319,9.247394,p00428|p00396|p00534|p00427|p00533
p00536,Part 10: Majors and Courses,Majors (listed in alphabetical order),Course Code Course Name Course Credit,199,ECON 211 Intelligent Economics: An Explainable AI approach,8,6,"Environment, Health, and Policy",-1.3894994,8.025499,p00429|p00368|p00714|p00475|p00313
p00537,Part 10: Majors and Courses,Majors (listed in alphabetical order),Course Code Course Name Course Credit,200,POLECON 211 Risk Analysis and Forecasting PUBPOL 220 Introduction to Regulatory Governance ECON 301 Health Economics ECON 302/ ENVIR 302 Environmental Economics & Policy,24,6,"Environment, Health, and Policy",-0.9335969,7.8163505,p00475|p00393|p00329|p00429|p00381
p00538,Part 10: Majors and Courses,Majors (listed in alphabetical order),Course Code Course Name Course Credit,200,ECON 303 Financial Institutions ECON 304 Economic Growth SOCIOL 306 Contemporary Population Problems ECON 307 History of Monetary & International Crises POLSCI 307 Political Economy of Institutions,27,6,"Environment, Health, and Policy",-1.4183128,8.918575,p00430|p00476|p00719|p00431|p00427
p00539,Part 10: Majors and Courses,Majors (listed in alphabetical order),Course Code Course Name Course Credit,200,ECON 308 Economic History and Modernization of the Islamic Middle East ECON 309 Behavioral Finance ECON 310 Urban Economics MATH 316/ ECON 316 Discrete Time Finance,26,6,"Environment, Health, and Policy",-1.3392154,8.779957,p00431|p00476|p00477|p00720|p00538
p00540,Part 10: Majors and Courses,Majors (listed in alphabetical order),Course Code Course Name Course Credit,200,ECON 401 Competitive Strategy & Industrial Organization POLECON 401 /GCHINA 401 Political Economy of the Chinese Reform,17,4,"China, History, and Culture",-1.5082178,10.728633,p00479|p00550|p00490|p00554|p00432
p00541,Part 10: Majors and Courses,Majors (listed in alphabetical order),Course Code Course Name Course Credit,201,POLSCI 101 International Politics POLSCI 201 Political Institutions and Processes ETHLDR 203 Conceptions of Democracy and Meritocracy POLSCI 301 Program Evaluation POLSCI 302 Public Opinion,25,0,Politics and Global Affairs,-0.46895164,9.7814665,p00561|p00436|p00481|p00562|p00482
p00542,Part 10: Majors and Courses,Majors (listed in alphabetical order),Course Code Course Name Course Credit,202,"POLSCI 102 Social Choice and Democracy POLSCI 105 Contemporary Political Ideologies POLECON 105 China and the Global South POLSCI 106 Political Rhetoric, Crisis, and Leadership",25,4,"China, History, and Culture",-0.34096897,10.106168,p00482|p00437|p00562|p00561|p00438
p00543,Part 10: Majors and Courses,Majors (listed in alphabetical order),Course Code Course Name Course Credit,202,"PUBPOL 106 Urbanizing China: Spatial and Social Dynamics in Chinese Cities ETHLDR 108 Democracy and Inclusion: Hopes, Prospects, Dilemmas WOC 201 Academic Writing 1: Argumentation Across Disciplines GCHINA 202 Modern Chinese Politics HIST 202 World History and Global Interactions",39,4,"China, History, and Culture",-0.30993435,11.694762,p00344|p00357|p00331|p00474|p01100
p00544,Part 10: Majors and Courses,Majors (listed in alphabetical order),Course Code Course Name Course Credit,202,POLECON 202 The Politics of International Economic Relations: America in the World Economy POLSCI 204 The U.S. Constitution and its Critics CULMOVE 206 Ethnic and Religious Diversity in the Middle East POLSCI 208 Political and Social Inequality POLSCI 209 Democratic Erosion POLSCI 210 International Relations in East Asia POLSCI 211/ LIT 211 Politics and Literature,55,0,Politics and Global Affairs,-0.72213584,10.203089,p00563|p00483|p00330|p00482|p00542
p00545,Part 10: Majors and Courses,Majors (listed in alphabetical order),Course Code Course Name Course Credit,202,POLECON 211 Risk Analysis and Forecasting POLSCI 212 Pathologies of Modern Society: Foundational Ideas POLSCI 213 Populism CULANTH 214/ POLSCI 214 Authoritarianism and the Struggle for Democracy in Latin America,30,0,Politics and Global Affairs,-0.43381304,9.972608,p00484|p00359|p00564|p00483|p00544
p00546,Part 10: Majors and Courses,Majors (listed in alphabetical order),Course Code Course Name Course Credit,203,"POLSCI 219/ PUBPOL 219 The U.S. Legal System: Lawyers, Judges, Lawmakers, & Bureaucrats PUBPOL 220 Introduction to Regulatory Governance POLSCI 221 US/China Relations POLSCI 303 International Politics of East Asia SOCIOL 306 Contemporary Population Problems POLSCI 311/ SOCIOL /PHIL 311 The Political and Social Thought of Hannah Arendt",48,0,Politics and Global Affairs,-0.6332209,9.69617,p00486|p00565|p00439|p00492|p00552
p00547,Part 10: Majors and Courses,Majors (listed in alphabetical order),Course Code Course Name Course Credit,203,POLSCI 312 Islamic Political Thought POLSCI 313/ PSYCH 313 Political Psychology,11,0,Politics and Global Affairs,1.0482715,8.127796,p00408|p00487|p00414|p01089|p00541
p00548,Part 10: Majors and Courses,Majors (listed in alphabetical order),Course Code Course Name Course Credit,203,CULANTH 314 / POLSCI 314 Refugees and the Biopolitics of Citizenship,11,0,Politics and Global Affairs,0.022413721,10.372161,p00353|p00345|p00695|p00449|p00359
p00549,Part 10: Majors and Courses,Majors (listed in alphabetical order),Course Code Course Name Course Credit,203,PUBPOL 317 Plastic Planet: Pollution and Solutions PUBPOL 318 How to Change the World: The Role of Non-State Actors SOSC 320 Data in the World: Applied Social Statistics ECON 333/ SOSC 333 Social and Economic Networks,36,6,"Environment, Health, and Policy",-0.3884719,7.8733,p00411|p00399|p00478|p00470|p01126
p00550,Part 10: Majors and Courses,Majors (listed in alphabetical order),Course Code Course Name Course Credit,203,POLECON 401/ GCHINA 401 Political Economy of the Chinese Reform,10,4,"China, History, and Culture",-1.4787871,10.754064,p00490|p00554|p00540|p00479|p00416
p00551,Part 10: Majors and Courses,Majors (listed in alphabetical order),Course Code Course Name Course Credit,204,PUBPOL 303 Policy Choice as Value Conflict PUBPOL 315 / ECON 315 Economics of the Public Sector,17,6,"Environment, Health, and Policy",-0.95835596,8.647203,p00491|p00395|p00328|p00475|p00537
p00552,Part 10: Majors and Courses,Majors (listed in alphabetical order),Course Code Course Name Course Credit,205,"PUBPOL 106 Urbanizing China: Spatial and Social Dynamics in Chinese Cities POLSCI 107 Political Psychology ETHLDR 108 Democracy and Inclusion: Hopes, Prospects, Dilemmas PUBPOL 120 Globalization and Corporate Citizenship WOC 201 Academic Writing 1: Argumentation Across Disciplines POLSCI 204 The U.S. Constitution and its Critics CULMOVE 206 Ethnic and Religious Diversity in the Middle East PUBPOL 210 Development and Africa POLECON 211 Risk Analysis and Forecasting PUBPOL 211 Globalization and Public Policy PUBPOL 214 Globalization and History POLSCI 214/ CULANTH 214 Authoritarianism and the struggle for democracy in Latin America CULANTH 214/ POLSCI 214 Authoritarianism and the Struggle for Democracy in Latin America POLSCI 219/ PUBPOL 219 The U.S. Legal System: Lawyers, Judges, Lawmakers, & Bureaucrats PUBPOL 220 Introduction to Regulatory Governance SOCIOL 306 Contemporary Population Problems PUBPOL 307 Market Power and Public Policy POLSCI 307 Political Economy of Institutions CULANTH 314/ POLSCI 314 Refugees and the Biopolitics of Citizenship",150,0,Politics and Global Affairs,-0.5215393,10.014853,p00492|p00546|p00543|p00558|p00484
p00553,Part 10: Majors and Courses,Majors (listed in alphabetical order),Course Code Course Name Course Credit,206,PUBPOL 316/ HIST 316 The Modern Regulatory State,8,6,"Environment, Health, and Policy",-0.8215558,9.159482,p00493|p00488|p00537|p00491|p00551
p00554,Part 10: Majors and Courses,Majors (listed in alphabetical order),Course Code Course Name Course Credit,206,POLECON401 /GCHINA 401 Political Economy of the Chinese Reform,9,4,"China, History, and Culture",-1.4364725,10.774929,p00490|p00550|p00479|p00540|p00416
p00555,Part 10: Majors and Courses,Majors (listed in alphabetical order),"US Studies with tracks in American History, American Literature, Political Science, and Public Policy",207,"America is a unique experiment in self-governance, economic formation, and cultural production. It is rooted in Puritan settlement and the American Revolution and has been reshaped from the beginning by racial, religious, regional, linguistic, and sexual minorities upwardly mobile and on the-make. U.S. nationality therefore includes both patriotic nationalism and pointed dissent. There is also a long history to U.S. connections with Asia and of Asian—especially Chinese—impact on the United States, which is now taking on ever greater force as China and the United States engage on the global stage. US Studies fosters understanding of the ideas, cultures, art, institutions, aspirations, and realities that have played an important role in the development of American society and public life. Particular attention is paid to core ideas of American citizenship and to the ways in which institutions have facilitated and constrained efforts by marginalized groups to achieve full citizenship. U.S. Studies is therefore both an appreciation and a critique. It captures the utopian impulse in the American narrative, its far-reaching and inspiring vision, and its many successes including the achievement of a revelatory ironic and self-critical literature. It also examines ideas of nationhood that transcend national boundaries and forms of nationalist ideology that have produced anti-nationalist dissent. The courses offered in the program examine the formation of historical, philosophical, religious, social, artistic and political traditions that shape American political thought, institutions, culture and literature. Students can choose among four disciplinary tracks with the overall US Studies major: American History, American Literature, Political Science, and Public Policy.",254,0,Politics and Global Affairs,1.1119455,10.712164,p01064|p00886|p01088|p01186|p00835
p00556,Part 10: Majors and Courses,Majors (listed in alphabetical order),Course Code Course Name Course Credit,208,POLSCI 103 American Ideas and the Idea of America LIT 106 American Otherness and Otherness in America POLSCI 207 Democratic Institutions in America LIT 215 Self-Making in the American Imagination POLSCI 310 America in the World USTUD 390 Junior Seminar: Advanced Topics USTUD 490 Senior Seminar: Advanced Topics,48,0,Politics and Global Affairs,0.27538165,9.898145,p00558|p00562|p01071|p00482|p01088
p00557,Part 10: Majors and Courses,Majors (listed in alphabetical order),Course Code Course Name Course Credit,208,HIST 104 American History to 1876 HIST 105 American History from Reconstruction to the Present HIST 201 History Methods and Research,21,0,Politics and Global Affairs,1.08872,10.796652,p00816|p00507|p00419|p00817|p00833
p00558,Part 10: Majors and Courses,Majors (listed in alphabetical order),Course Code Course Name Course Credit,209,"POLSCI 106 Political Rhetoric, Crisis, and Leadership HIST 118 The American Empire HIST 120 Writing Historical Fiction HIST 121 Pan-Africanism: Global Story of an American Idea POLSCI 202 U.S. Citizenship: History, Meaning and Conflict HIST 203 America in Asia, Asians in America POLSCI 203 Civil Rights and Civil Liberties POLSCI 204 The U.S. Constitution and its Critics HIST 208 America Fractured POLSCI 219/ PUBPOL 219 The U.S. Legal System: Lawyers, Judges, Lawmakers, & Bureaucrats POLSCI 221 US/China Relations SOSC 301 Religion and Community in America SOCIOL 301 Race, Ethnicity, and Citizenship POLSCI 304 Revolutions and Foundings: A Comparative Perspective POLSCI 305 American Capitalism in the World HIST 306 The United States and China in War and Revolution HIST 307 Cold War America HIST 308 Immigration and the American Experience HIST 311 Documenting Durham and the New South PUBPOL 316/ HIST 316 The Modern Regulatory State",145,0,Politics and Global Affairs,-0.37047988,9.922673,p00556|p00482|p00542|p00492|p00552
p00559,Part 10: Majors and Courses,Majors (listed in alphabetical order),Course Code Course Name Course Credit,210,LIT 105 The Epic of America (the Novel) LIT 205 American Lyric Across Borders (Poetry) LIT 308 American Icons,19,0,Politics and Global Affairs,1.4699571,10.957431,p00560|p00880|p01186|p00453|p00886
p00560,Part 10: Majors and Courses,Majors (listed in alphabetical order),Course Code Course Name Course Credit,211,LIT 109 Writing Stories for Children LIT 110 The Art of the Interview LIT 201 Asian-American Arts and Letters LIT 202 African American Literature and Culture POLSCI 204 The U.S. Constitution and its Critics LIT 206 Early Literatures from Colonization to Revolution LIT 207 The American Renaissance and Its Rivals HIST 208 America Fractured USTUD 210 American Musicals LIT 301 The Realist Moment USTUD 301 The Western Across Boundaries LIT 302 America’s Novel Modernity LIT 303 The Literary Arts of the Cold War LIT 304 The Center Stage of Ethnic and Women’s Writing LIT 305 The U.S. and the Contemporary Global Imagination,102,0,Politics and Global Affairs,1.7304556,11.013792,p00559|p00514|p00453|p00454|p00905
p00561,Part 10: Majors and Courses,Majors (listed in alphabetical order),Course Code Course Name Course Credit,212,POLSCI 101 International Politics POLSCI 201 Political Institutions and Processes ETHLDR 203 Conceptions of Democracy and Meritocracy POLSCI 221 US/China Relations POLSCI 302 Public Opinion,25,4,"China, History, and Culture",-0.51263976,10.073201,p00541|p00436|p00542|p00438|p00482
p00562,Part 10: Majors and Courses,Majors (listed in alphabetical order),Course Code Course Name Course Credit,213,"POLSCI 102 Social Choice and Democracy POLSCI 105 Contemporary Political Ideologies POLSCI 106 Political Rhetoric, Crisis, and Leadership ETHLDR 108 Democracy and Inclusion: Hopes, Prospects, Dilemmas WOC 201 Academic Writing 1: Argumentation Across Disciplines HIST 202 World History and Global Interactions",41,0,Politics and Global Affairs,-0.081232995,9.747402,p00482|p00542|p00541|p00436|p00437
p00563,Part 10: Majors and Courses,Majors (listed in alphabetical order),Course Code Course Name Course Credit,213,POLECON 202 The Politics of International Economic Relations: America in the World Economy POLSCI 204 The U.S. Constitution and its Critics CULMOVE 206 Ethnic and Religious Diversity in the Middle East HIST 208 America Fractured POLSCI 208 Political and Social Inequality POLSCI 209 Democratic Erosion POLSCI 210 International Relations in East Asia POLSCI 211/LIT Politics and Literature,57,0,Politics and Global Affairs,-0.69638735,10.186194,p00544|p00483|p00330|p00482|p00542
p00564,Part 10: Majors and Courses,Majors (listed in alphabetical order),Course Code Course Name Course Credit,213,POLSCI 212 Pathologies of Modern Society: Foundational Ideas POLSCI 213 Populism,11,0,Politics and Global Affairs,-0.3133526,9.97164,p00484|p00542|p00545|p00562|p00482
p00565,Part 10: Majors and Courses,Majors (listed in alphabetical order),Course Code Course Name Course Credit,213,"POLSCI 216 War and Peace: Foundations of the International Political Order POLSCI 219/ PUBPOL 219 The U.S. Legal System: Lawyers, Judges, Lawmakers, & Bureaucrats POLSCI 303 International Politics of East Asia",31,0,Politics and Global Affairs,-0.61192524,9.849902,p00546|p00485|p00486|p00438|p00436
p00566,Part 10: Majors and Courses,Majors (listed in alphabetical order),Course Code Course Name Course Credit,214,POLSCI 311/ SOCIOL 311/ PHIL 311 The Political and Social Thought of Hannah Arendt,14,0,Politics and Global Affairs,-0.9767571,9.613806,p00407|p00434|p01005|p00439|p00486
p00567,Part 10: Majors and Courses,Majors (listed in alphabetical order),Course Code Course Name Course Credit,214,SOSC 320 Data in the World: Applied Social Statistics,9,6,"Environment, Health, and Policy",2.1849935,8.014462,p00354|p00327|p00400|p00426|p00440
p00568,Part 10: Majors and Courses,Majors (listed in alphabetical order),Course Code Course Name Course Credit,215,SOSC 101 Foundational Questions in Social Science ARHU 101 The Art of Interpretation: Written Texts SOSC 102 Introduction to Research Methods,21,0,Politics and Global Affairs,2.401428,8.362348,p00409|p00355|p00435|p00337|p00469
p00569,Part 10: Majors and Courses,Majors (listed in alphabetical order),Course Code Course Name Course Credit,216,"PUBPOL 102 Introduction to the United States Health Care System ETHLDR 108 Democracy and Inclusion: Hopes, Prospects, Dilemmas WOC 201 Academic Writing 1: Argumentation Across Disciplines POLSCI 204 The U.S. Constitution and its Critics PUBPOL 212 Immigrant Dreams, U.S. Realities: Immigration Policy History PUBPOL 216 Civic Participation and Public Policy POLSCI 219/ PUBPOL 219 The U.S. Legal System: Lawyers, Judges, Lawmakers, & Bureaucrats PUBPOL 220 Introduction to Regulatory Governance POLSCI 315 American Politics in Comparative Perspective",76,6,"Environment, Health, and Policy",-0.6249047,9.420607,p00492|p00493|p00488|p00552|p00470
p00570,Part 10: Majors and Courses,Course Descriptions,,217,"Not every course listed is offered every term, and the course list and course information will be updated periodically. Please refer to the online Course Catalog for Courses offered in AY2021-2022.",31,7,"Credits, Load, and Grading",5.650874,7.5125027,p00272|p00389|p00305|p00286|p00397
p00571,Part 10: Majors and Courses,Course Descriptions,"ARTS 21 General Art, Studio (4 credits)",217,Credit for advanced placement on the basis of the College Board examination in Studio Art.,15,7,"Credits, Load, and Grading",7.4743943,4.964568,p00809|p00982|p00731|p00730|p01167
p00572,Part 10: Majors and Courses,Course Descriptions,ARHU 101: The Art of Interpretation: Written Texts (4 credits),218,"Training in close reading and analysis of text remains a foundational skill in the arts and humanities, whether the text is literary or documentary. This core course combines practical training in close reading of a variety of texts, with strategies of analysis that are theoretically informed without, however, offering a comprehensive treatment of theory per se. The course will focus both on reading and analysis of literary texts, and on the nuanced unpacking of documents (official, unofficial, personal) with a view to historical method.",84,2,Media and Arts,2.4638221,11.098775,p00899|p00833|p01199|p00882|p00884
p00573,Part 10: Majors and Courses,Course Descriptions,ARHU 102: The Art of Interpretation: Images and Sound (4 credits),218,"This class will train students to develop skill and sophistication in viewing and analysis of images, including art objects, film, and new media; and in sound studies, including sonic culture, film music, and traditional musical arts. The goal is audiovisual literacy – the creation and interpretation of sound and image that has become central to the ways we experience and understand the world. This core course combines practical training (how to see, how to hear) with a variety of modes of analysis.",82,2,Media and Arts,3.1018777,11.735737,p00966|p00681|p00960|p00503|p00948
p00574,Part 10: Majors and Courses,Course Descriptions,BEHAVSCI 101 Introduction to Behavioral Science (4 credits),219,"This course provides a broad overview of the research methods and applications of behavioral science. It introduces core phenomena of human behavior including but not limited to decision making, perception and action, and group interactions. It also considers how behavior is influenced by institutions (e.g., governmental policies, business, and environment). The course is expressly interdisciplinary, drawing upon theories and empirical research in psychology, behavioral economics, political science, and other social sciences.",71,6,"Environment, Health, and Policy",1.547684,7.649914,p00575|p00582|p00296|p00576|p00297
p00575,Part 10: Majors and Courses,Course Descriptions,BEHAVSCI 102 Mechanisms of Human Behavior (4 credits),219,"This course introduces students to the primary empirical approaches in behavioral science through a combination of directed readings and hands-on experience with the primary methods in the field. Students will design, conduct, and analyze experiments that explore perception, action, and decision making in a laboratory setting. Students will also explore complex social behavior by implementing online experiments and analyzing the resulting data.",62,2,Media and Arts,1.6604321,7.6911926,p00574|p00297|p00296|p00576|p00582
p00576,Part 10: Majors and Courses,Course Descriptions,BEHAVSCI 201 Individuals and Their Decisions (4 credits),219,"This course is a team-taught, question-driven introduction to the certificate and the fundamentals of how humans make decisions. The primary goal is to provide hands-on and problem-focused instruction designed to connect students to research as quickly as possible. Substantive topics include behavioral and experimental economics, consumer behavior and marketing research, game theory, medical decision making, neuroeconomics, and political psychology.",59,6,"Environment, Health, and Policy",1.6416135,7.5374117,p00583|p00574|p01152|p00575|p00582
p00577,Part 10: Majors and Courses,Course Descriptions,"BEHAVSCI 202 Institutions, Groups, and Society (4 credits)",219,"Through this course, students will gain a deeper appreciation of how the behavior of individuals is influenced by macroscopic factors: group memberships and identity, commercial and political institutions, and cultural and societal norms. Sample topics include voting behavior, legal decision making, how diversity shapes group dynamics, cross-cultural differences in perception and decision making, and the rise and fall of cultural memes. The course will also explore the incorporation of behavioral science into public policy through “nudges” that can shape individual behavior.",81,6,"Environment, Health, and Policy",1.4314548,7.9741797,p00574|p00582|p00298|p01072|p00575
p00578,Part 10: Majors and Courses,Course Descriptions,BEHAVSCI 203 Comparative Analysis of Behavior (4 credits),220,"This course explores commonalities and differences in behavior across species, with a particular focus on how behavior has been shaped by evolutionary pressures (e.g., ecological niches). It will identify ways in which human behavior is mirrored in other great ape species, while also considering evidence for and against uniquely human behavioral capacities. The course will draw upon concepts from psychology, evolutionary anthropology, and related disciplines.",65,6,"Environment, Health, and Policy",1.2423973,8.421593,p00612|p00588|p00998|p00680|p00301
p00579,Part 10: Majors and Courses,Course Descriptions,BEHAVSCI 204 Experimental Philosophy (4 credits),220,"This course investigates the interrelations between the experimental methods of the social/neural sciences and the fundamental questions of philosophy. Students will consider whether and how empirical research could influence a range of philosophical ideas; key topics include the nature of free will, questions of personal responsibility, and ethical judgments and decisions. The limitations of empirical methods – and the challenges of integrating theories across disciplines – will also be explored.",70,6,"Environment, Health, and Policy",1.5063342,7.571622,p00296|p00576|p01000|p00575|p01145
p00580,Part 10: Majors and Courses,Course Descriptions,BEHAVSCI 205 Systems and Circuits (4 credits),220,"This course will focus on how brain mechanisms enable behavior. We will examine the neural basis of homeostatic control, voluntary actions, motivation, emotion, and decision making. We will use systems analysis to elucidate how volition, intentionality, and purpose can be emergent properties of neuronal interactions. We will also explore how different neurological and psychiatric disorders can result from specific defects in hierarchical neural networks. Addiction, mental health disorders.",68,1,Natural Science and Computation,1.332094,6.895654,p00304|p00985|p00986|p00308|p00301
p00581,Part 10: Majors and Courses,Course Descriptions,BEHAVSCI 301 Computational Neuroscience (4 credits),220,"Students will explore a variety of computational models that have been applied to brain physiology and function. The course will emphasize both understanding of the theoretical underpinnings of those models and applying those models within simulations or data analyses. It will span levels of analysis from neural circuits (e.g., computations in local populations of neurons) to high-level cognition and behavior (e.g., coding properties within sensory systems). The course will include hands-on laboratory exercises; thus, prior programming experience is recommended.",79,1,Natural Science and Computation,1.4922181,6.5171556,p00986|p00988|p00308|p00985|p01016
p00582,Part 10: Majors and Courses,Course Descriptions,BEHAVSCI 401 Moving Beyond Nudges (4 credits),220,"This capstone course explores the ethical issues associated with the rise of behavioral science, with particular focus on the intersections between individual autonomy and policy. It is organized around a series of case studies that illustrate applications of behavioral science to different domains; students will work in groups to analyze those applications and their impact upon society. Topics will be drawn from both past and current events, and could include legal decision making, the impact of nudging policies upon disadvantaged groups, new intrusive forms of marketing, the rise of misinformation in news media, or how advances in technology limit human behavior (e.g., self driving cars). Students will gain skills in analyzing complex problems, formulating policies, and communicating potential solutions.",119,6,"Environment, Health, and Policy",1.5052575,7.722981,p00574|p00296|p00576|p00575|p00577
p00583,Part 10: Majors and Courses,Course Descriptions,BEHAVSCI 402 Judgement and Decision Making (4 credits),221,"Building upon the foundational courses in this disciplinary track, this course explores how psychological processes shape human judgment and decision making. Core concepts include understanding rational choice models and their limitations; decision variables like probability, ambiguity, and risk; applications of heuristics to decision making; effective and ineffective uses of incentives; decision rules and aids; and types of interventions that can shape choices.",62,6,"Environment, Health, and Policy",1.6453189,7.4679856,p00576|p01151|p00302|p00574|p01056
p00584,Part 10: Majors and Courses,Course Descriptions,BIOL 20 General Biology (4 credits),222,Credit for Advanced Placement on the basis of the College Board Examination in Biology.,14,7,"Credits, Load, and Grading",7.415825,4.9345694,p00614|p01167|p00879|p00730|p00731
p00585,Part 10: Majors and Courses,Course Descriptions,BIOL 110 Integrated Science – Biology (4 credits),222,"Integrated Science-Biology employs five themes that describe properties of life and will be reiterated over again in Integrated Science-Biology: Organization (Structure and Function), Cycling of Energy and Matter, Information (Genetic Variation), Homeostasis (Interactions), and Evolution. These themes will be unified under the organizational principles of the Scientific Methods, formulating hypothesis and testing hypothesis with experiments. Students in Integrated Science Biology will develop the understanding of key concepts in the context of cross-talks with chemistry and physics. While no previous knowledge is required, some background is advantageous.",86,1,Natural Science and Computation,0.899391,5.190986,p00273|p00619|p00392|p00372|p00616
p00586,Part 10: Majors and Courses,Course Descriptions,BIOL 201 Cell and Molecular Biology (4 credits),222,"Introduces major concepts in eukaryotic cell biology with a focus on molecular biology. A major emphasis is placed on transcription, translation, protein targeting and transport. In addition, the structure and function of organelles and how they function in metabolism and energetics will be examined. The role of the cytoskeleton and extra cellular matrix in governing cell shape and motility will be addressed as well as the genetic regulation of DNA replication and its place in the cell cycle and how disruption of either can lead to cancer. The laboratory portion of the class would introduce common laboratory molecular biology techniques like DNA isolation, PCR, cloning, sequencing, immunocytochemistry and fluorescent microscopy.",110,1,Natural Science and Computation,0.15114297,5.0748477,p00602|p00592|p00594|p00527|p00526
p00587,Part 10: Majors and Courses,Course Descriptions,BIOL 202 Genetics and Evolution (4 credits),222,"Examines the structure and function of genomics and the flow of genomic information from parent to progeny and through populations. Changes in genetic makeup underlie important biological processes from disease to adaptation and evolution. Topics include classical transmission genetics (inheritance, assortment, and recombination), bacterial and phage genetics, gene regulation, genome structure and stability, mutation and repair, population genomics, complex trait inheritance evaluation and modern genomic techniques. The laboratory portion examines genetic inheritance in common laboratory model systems like yeast and Drosophila with projects that show what can be learned about gene function by the examination of mutants. Mutants will be created by random mutagenesis as well as targeted recombination and CRISPR.",111,1,Natural Science and Computation,-0.17616065,5.2279778,p00591|p00602|p00609|p00518|p00613
p00588,Part 10: Majors and Courses,Course Descriptions,"BIOL 203 Molecular, Behavioral and Social Evolution: Darwin’s Theories Between Science and Culture (4 credits)",223,"BIOL 203 examines Darwin’s theories of natural selection and evolution through multiple lenses in scientific and humanistic disciplines. This course covers the key concepts of biological evolution, examines how simple behaviors evolve in animals and humans, and explores current ideas about the evolution of complex social behaviors and societies. The course will also introduce students to the thinkers that influenced Darwin, such as economist Thomas Malthus and geologist Charles Lyell, as well as to Darwin’s influence on later thinkers from political theorist Karl Marx to historian Yuval Noah Harari. Discussion of these topics will be grounded in scientific case studies while also considering the impact of these theories on representations of gender, race and nature in popular culture, film and media.",121,0,Politics and Global Affairs,1.4690416,9.208573,p00680|p00782|p00529|p00578|p01158
p00589,Part 10: Majors and Courses,Course Descriptions,BIOL 208 General Ecology (4 credits),223,"Humans are the dominant species on Earth and ecology is key to understanding the multiple feedbacks through which their activities affect human health. Fundamental principles of ecology, from population to ecosystem levels, will be examined through the lens of human health. Topics include human population growth and carrying capacity, why we age, infectious disease dynamics, the microbiome and human health, sustainable agriculture and food security, sustainable harvest of wild foods, dynamics of pollutants in food webs, ecosystem services to humans, and human impacts of climate change.",86,6,"Environment, Health, and Policy",-0.328087,6.344799,p00797|p00806|p00595|p00759|p00384
p00590,Part 10: Majors and Courses,Course Descriptions,BIOL 212 Microbiology (4 credits),223,"This course examines a number of different types of microbes including bacteria, archaea, fungi and viruses. Classical and modern approaches to the study of microorganisms and their roles/applications in everyday life, food, medicine, research and the environment. Topics covered include microbial cell structure/function, growth, genetics, energetics/metabolism, evolution and ecology. Virology topics include structure, life cycle, modes of transmission and host ranges. Additional examination of the role of microorganisms in disease, infection and immunology. The laboratory portion would stress aseptic technique and microbial culture; molecular, cytochemical, and physiological tests for microbial identification; and fermentation and its products for food and industrial production.",101,1,Natural Science and Computation,0.2443579,5.6041493,p00611|p00465|p00618|p00521|p00383
p00591,Part 10: Majors and Courses,Course Descriptions,BIOL 304 Molecular Genetic Analysis (4 credits),223,A range of genetic traits can be mapped and investigated using molecular approaches. Here we will utilize several model systems to examine different molecular methods to identify genetic traits ranging from single gene complementation/rescue in yeast to recombination and SNP mapping in Drosophila to whole genome association studies in human populations.,51,1,Natural Science and Computation,-0.21052955,5.23358,p00587|p00609|p00528|p00610|p00601
p00592,Part 10: Majors and Courses,Course Descriptions,BIOL 305 Introduction to Biochemistry (4 credits),224,"Provides an introduction to the chemistry of biological macromolecules from the single molecule to cellular metabolism to the whole organism level. Protein biochemistry topics include protein synthesis, folding and structure, enzyme catalysis and kinetics, and analysis methods. Cellular metabolism topics include glycolysis, gluconeogenesis, the Krebs cycle, oxidative phosphorylation, and fatty acid and amino acid metabolism. Whole organism biochemistry/physiology topics include glycogen storage, insulin signaling and diabetes.",66,1,Natural Science and Computation,0.3404542,5.11872,p00626|p00608|p00618|p00586|p00601
p00593,Part 10: Majors and Courses,Course Descriptions,BIOL 306 Cell Signaling and Diseases (4 credits),224,"During the past several decades, exploration in basic research has yielded extensive knowledge about the numerous and intricate signaling processes involved in the development and maintenance of a functional organism. In order to demonstrate the importance and processes of cellular communication, this course will focus on cell signaling mechanisms and diseases resulting from their malfunction, such as cancer, stroke, and neuron degeneration (including Parkinson's disease, Alzheimer's disease, Huntington's disease, and Amyotrophic lateral sclerosis). Students will be exposed to current literature and cutting edge knowledge.",84,1,Natural Science and Computation,0.06785349,5.1726737,p00594|p00586|p00986|p00604|p00526
p00594,Part 10: Majors and Courses,Course Descriptions,BIOL 307 Cancer Genetics (4 credits),224,"Overview of the genetic changes associated with cancer and the molecular events that transform normal cellular processes into tumor-promoting conditions. Topics include: tumor viruses, oncogenes, growth factors, signal transduction pathways, tumor suppressors, cell cycle control, apoptosis, genome instability, stem cells, metastasis, and current therapeutic approaches.",45,1,Natural Science and Computation,-0.09384817,5.2617683,p00593|p00586|p00466|p00527|p00587
p00595,Part 10: Majors and Courses,Course Descriptions,BIOL 308 Evolution of Infectious Diseases (4 credits),224,"Covers the physiology and the ecological and evolutionary dynamics of a suite of infectious diseases. Case studies include influenza, cholera, HIV, and myxomatosis, among others, with an emphasis on pathogens infecting humans. Topics include: basic immunology, the physiology of different disease processes and transmission, the role of population size on disease transmission, the effects of climate and behavioral changes on disease dynamics, networks of disease spread, spatial spread of disease, evolution of virulence, antigenic evolution, emerging infectious diseases.",78,1,Natural Science and Computation,-0.3457284,6.1039157,p00589|p00467|p00806|p00612|p00384
p00596,Part 10: Majors and Courses,Course Descriptions,BIOL 309 Comparative Vertebrate Anatomy (4 credits),225,"The structure, function and evolution of the vertebrate body systems including skeletal, digestive, circulatory, respiratory and nervous systems. Emphasis on understanding the functional, evolutionary and developmental basis for the similarities and difference observed among living vertebrates. In addition, examination of the physiological principles that function within these systems using examples like neural control, gas exchange, movement, excretion and metabolism. The laboratory portion will examine the various systems (muscular, skeletal, nervous, etc.) of human and non-human anatomical specimens. It will also include experiments examining the physiological aspects of the nervous, and respiratory systems.",92,1,Natural Science and Computation,1.1667418,6.0330224,p00603|p00986|p00805|p00597|p01016
p00597,Part 10: Majors and Courses,Course Descriptions,"BIOL 310 Developmental Biology: Development, Stem Cells, and Regeneration (4 credits)",225,"Mechanisms of fertilization, control of cell divisions, diversification of cell types, organization and differentiation of cells and tissues of the organism, and patterning necessary to establish the body plan of many organisms including vertebrates, invertebrates and plants. Included among these mechanisms are the roles of transcription factors in controlling the trajectories toward tissues, signal transduction, morphogenetic movements, and other mechanisms used by different plants and animals to build a functional adult. Also includes stem cell biology, regeneration of tissues, sex determination, and evolutionary mechanisms of diversification.",86,1,Natural Science and Computation,-0.1050848,5.324178,p00530|p00609|p00596|p00587|p00517
p00598,Part 10: Majors and Courses,Course Descriptions,BIOL 311 Biogeochemistry (4 credits),225,"Biogeochemistry is the study of how chemical elements flow through living systems and their physical environments. This course will investigate the factors that influence the cycling of those elements that are essential to life as well as the liberation, transport and exposure pathways of toxic trace elements. Concepts of nutrient limitation, element stoichiometry, primary productivity and carbon sequestration will be covered in depth, and will be applied to the study of human impacts on the global biogeochemical cycles of water, carbon, nutrients and trace metals.",85,1,Natural Science and Computation,0.10444867,6.080615,p00371|p00749|p00611|p00622|p00520
p00599,Part 10: Majors and Courses,Course Descriptions,BIOL 312 Ecophysiology (4 credits),225,"This course examines how plants sense and react to environmental change in both an organismal and evolutionary context and how those reactions are scaled to the specific change. The environmental changes examined include light, temperature, water, CO2, and nutrient availability. To examine these changes at the molecular level, a detailed review of plant development, growth, and physiology is also covered.",60,1,Natural Science and Computation,-0.37292382,6.138607,p00606|p00610|p00371|p00517|p00605
p00600,Part 10: Majors and Courses,Course Descriptions,BIOL 313 Ecosystem Service (4 credits),226,"Ecosystem services are the benefits that people obtain from ecosystems and utilizes a system level approach to examine the interactions between four services. The course will include discussion of nutrient recycling as a supporting service, food production as a provisioning service, carbon sequestration as a regulating service and education as a cultural service as well as how they fit together in a sustainable system. Students will learn through case studies of the application of conservation, restoration and market valuation approaches to protecting critical ecosystem processes.",85,6,"Environment, Health, and Policy",-0.48916444,6.6296315,p00605|p01122|p00743|p00746|p00745
p00601,Part 10: Majors and Courses,Course Descriptions,BIOL 314 Computational Biology and Bioinformatics (4 credits),226,"This course focuses on the analysis of genomic and genome-related biological data sets using computational methods. The course will cover not only the identification, retrieval and exploration of specific values from a large, genomic data set, but will also include the genome-scale comparison of data sets. Topics discussed will include genome sequence assembly, alignments, RNAseq analysis, motif finding, and gene classifications.",61,1,Natural Science and Computation,-0.0131469,5.218883,p00527|p00528|p00661|p00383|p00604
p00602,Part 10: Majors and Courses,Course Descriptions,BIOL 315 Experimental Molecular Biology (4 credits),226,"Progress in laboratory molecular biology and biotechnology have yielded phenomenal advancements in research, medicine, and diagnostics. In this hands-on laboratory course, students will perform many of the most common experimental methods in molecular biology: PCR, protein purification, site-directed mutagenesis, CRISPR and gene synthesis in one continuous project involving regulated protein localization.",51,1,Natural Science and Computation,0.1289481,5.059794,p00587|p00586|p00518|p00526|p00941
p00603,Part 10: Majors and Courses,Course Descriptions,BIOL 316 Quantitative Physiology (4 credits),226,"This course is a mathematical examination of processes in human physiological systems including pressure and electrical forces, concentration, kinetics and diffusion and mechanical forces. Examples of each will be discussed in the nervous, cardiovascular, renal, gastrointestinal, respiratory, and endocrine systems. The laboratory portion will complement the lecture topics and use detailed statistical analysis of data.",55,1,Natural Science and Computation,1.339007,5.521861,p00872|p00941|p00525|p00938|p00596
p00604,Part 10: Majors and Courses,Course Descriptions,BIOL 317 Systems Biology (4 credits),226,"Introduction to concepts and applications of Systems Biology. Identification of molecular interactions that underlie cellular function using data acquired through high-throughput approaches. A focus on transcription networks, and the types of network motifs they contain, including feed-forward loops, autoregulation, and the single-input module will be discussed. Examples of networks in development will be covered.",54,1,Natural Science and Computation,-0.07306551,5.1806865,p00601|p00609|p00528|p00527|p00466
p00605,Part 10: Majors and Courses,Course Descriptions,BIOL 318 Food Web Ecology (4 credits),227,"This course examines the movement of food energy through a community and ecosystem. After examining species diversity and abundance in ecosystems, the course will look at the species interactions within that ecosystem, including the role of keystone species. The roles of primary and secondary producers in a community and the role of decomposers will be examined to bring the cycle to a close.",63,6,"Environment, Health, and Policy",-0.48172507,6.2775817,p00612|p00600|p00379|p00744|p00521
p00606,Part 10: Majors and Courses,Course Descriptions,BIOL 319 Global Change Biology (4 credits),227,"The rapid change in Earth’s climate has distinct biological causes and effects and in this course, both will be addressed. Beginning with a review of the Earth’s climate system and how it has evolved over time to its current state, students will then examine the human-driven causes of its rapid CO2 and temperature changes. These changes have consequences and detailed examinations of examples such as species range shifts, extinctions, and changes in biological event timing will be discussed.",78,6,"Environment, Health, and Policy",-0.44405204,6.5329485,p00371|p00599|p00746|p00748|p00797
p00607,Part 10: Majors and Courses,Course Descriptions,BIOL 320 Bioethics (4 credits),227,"This course examines the study of ethical issues emerging from technological advancements in biomedical research using a combination of disciplines including biology, philosophy, and law. Topics discussed may include disease diagnostics quandaries (pre-natal as well as elderly); genetic modification of animals and plants for agriculture, and of humans for disease relief; and animal rights with regard to research, farm, and home. The legal aspects of genomics, cloning and diagnostics will also be discussed.",73,6,"Environment, Health, and Policy",0.6709423,7.7866955,p00697|p00798|p00263|p00518|p00469
p00608,Part 10: Majors and Courses,Course Descriptions,BIOL 401 Advanced Biochemistry: Cell Metabolism (4 credits),227,"Builds on and extends the core metabolism concepts introduced in BIOL305: Introduction to Biochemistry. Detailed examination of additional cellular anabolic and catabolic pathways including nucleotides, lipids, cholesterol, and others. This course had an increased focus on the metabolic similarities and differences between humans, bacteria, and plants.",46,1,Natural Science and Computation,0.16247684,5.2686467,p00592|p00527|p00518|p00383|p00528
p00609,Part 10: Majors and Courses,Course Descriptions,BIOL 403 Experimental Methods in Functional Genomics (4 credits),228,"Functional genomics aims to identify a function for every gene in a genome. Using model systems like yeast, fruit flies and human cell lines, scientists can work toward this goal using a variety of methods. Approaches discussed will include a genetic approach by systematically reducing gene function by mutation or RNAi and examining a phenotype. Cellular location approaches using GFP fusions, yeast two-hybrid, and proteomics approaches will also be reviewed.",70,1,Natural Science and Computation,-0.21168405,5.152,p00591|p00528|p00587|p00601|p00597
p00610,Part 10: Majors and Courses,Course Descriptions,BIOL 404 Genomics of Adaptation (4 credits),228,"Contemporary studies of how populations and species evolved adaptations to their ecological habitats. Focus on modern methods of genome mapping and sequence data and analysis in wild populations that can identify genetic changes that contributed to ecological adaptations. Emphasis on case studies of genomics of adaptation in plant and animal systems, including humans and our adaptations to environments that our ancestors encountered as they colonized diverse habitats throughout the world. Examples will also illustrate how speciation and hybridization can contribute to adaptive biodiversity.",83,1,Natural Science and Computation,-0.3828521,5.7425575,p00613|p00744|p00379|p00599|p00612
p00611,Part 10: Majors and Courses,Course Descriptions,BIOL 405 Microbial Ecology (4 credits),228,"Microorganisms represent the greatest diversity of life on Earth and couple the geochemical world to the living one across many ecosystems. This course will examine the role of microorganisms in biogeochemical cycles in terrestrial and aquatic ecosystems. Other topics discussed will include the symbiosis of microbes with plants, animals and other microbes to form communities. Finally, the role of microorganisms in converting or decomposing biological or geochemical materials will be addressed.",71,1,Natural Science and Computation,0.1507724,6.005409,p00598|p00371|p00622|p00590|p00380
p00612,Part 10: Majors and Courses,Course Descriptions,BIOL 406 Population Ecology (4 credits),228,"This course examines a species population and its interactions within their ecosystem. Topics covered include demography and dynamics of structured populations, population regulation, population dynamics, metapopulations, and life history strategies. Interspecific interaction topics covered include competition, mutualism, host-parasite and predator/prey interactions.",41,1,Natural Science and Computation,-0.4164416,6.2654333,p00605|p00744|p00578|p00872|p00589
p00613,Part 10: Majors and Courses,Course Descriptions,BIOL 407 Population Genomics and Molecular Evolution (4 credits),229,"This course examines the genetic mechanisms of evolutionary change at the DNA sequence level in populations. Topics covered will include models of nucleotide and amino acid substitution, linkage disequilibrium and joint evolution of multiple loci. Evolutionary topics include neutrality, adaptive selection and hitchhiking. Case histories of molecular evolution as well as hypothesis testing and estimation of evolutionary parameters will be discussed.",61,1,Natural Science and Computation,-0.24487205,5.484734,p00610|p00587|p00529|p00518|p00612
p00614,Part 10: Majors and Courses,Course Descriptions,CHEM 20 General Chemistry (4 credits),231,Credit for Advanced Placement on the basis of the College Board Examination in Chemistry.,14,7,"Credits, Load, and Grading",7.5015182,4.9402857,p00584|p00730|p00731|p01167|p00873
p00615,Part 10: Majors and Courses,Course Descriptions,CHEM 105: Chemistry in Context (4 credits),231,"This course is a chemistry course aimed at students of non-science majors. Through the lenses of topical issues, this course allows students majoring in a non-science field to experience the process of science, investigating how science works, its potential and limitations, and how science and society influence/impact each other. Topics are variable but will seek to engage students in concepts that illuminate their everyday lives. Inquiry-based laboratory exercises will support the theoretical framework of the course.",76,1,Natural Science and Computation,1.0623324,4.8454185,p00619|p00616|p00621|p00911|p00617
p00616,Part 10: Majors and Courses,Course Descriptions,CHEM 110 Integrated Science – Chemistry (4 credits),231,"With an integrated approach, this course examines basic concepts and fundamental principles in chemistry based on the laws of physics. The course starts with an introduction to the static structures of atoms, molecules and matter including life itself, followed by an exploration of the dynamical and collective processes during chemical reactions. It explains how atoms, the basic building blocks of matter, interact with each other and construct the world around us, how subatomic electrons modulate the chemical properties of elements, and how the rearrangement of atoms during chemical reactions gives rise to astonishing phenomena in nature. Centered on topics in chemistry, this course not only prepares students for upper-level disciplinary courses, but also helps students develop an interdisciplinary molecular perspective, which allows them to tackle problems in various fields such as condensed matter physics, molecular biology, medicine, materials science and environmental science. While no previous knowledge is required, some background is advantageous. Not open to students who have credits for both INTGSCI 101 and 102 or CHEM 120",168,1,Natural Science and Computation,1.1054975,4.878429,p00621|p00619|p00617|p00615|p00620
p00617,Part 10: Majors and Courses,Course Descriptions,CHEM 120 Core Concepts in Chemistry: An Environmental Perspective (4 credits),231,"Current challenges and opportunities in environmental science require a foundational knowledge of core concepts in chemistry. In this course, students will learn core chemical concepts including properties of gases and solutions, thermodynamics, kinetics, equilibrium, electrochemistry and nuclear chemistry as they apply to the understanding of ozone depletion, photochemical smog, climate change, acid deposition, dissolved oxygen, pH, alkalinity and alternative energy sources.",61,1,Natural Science and Computation,0.83451647,5.2615557,p00621|p00616|p00373|p00371|p00619
p00618,Part 10: Majors and Courses,Course Descriptions,CHEM 130 Science of Cooking (4 credits),232,"Course material includes an introduction to the structure of molecules as well as their inter- and intramolecular interactions, with an emphasis on those species of importance to food and cooking. Additional science topics include cell structure of plants and meats and methods of heat transfer. Chemical reactivity as it relates to cooking, fermentation, food preservation and spoilage will also be discussed.",61,1,Natural Science and Computation,0.872847,4.8888216,p00626|p00619|p00620|p00627|p00872
p00619,Part 10: Majors and Courses,Course Descriptions,CHEM 150 General Chemistry II (4 credits),232,"This course is the continuation of the Integrated Science - Chemistry continuum, including intermolecular forces, states of matter, aqueous ionic equilibrium and solubility equilibrium, dynamics (kinetics and thermodynamics), electrochemistry, and nuclear chemistry. Lab experiments verifying related theories and utilizing data analysis are also part of the course.",47,1,Natural Science and Computation,1.0909247,4.832726,p00616|p00621|p00615|p00273|p00388
p00620,Part 10: Majors and Courses,Course Descriptions,CHEM 201 Organic Chemistry I (4 credits),232,"In this course students will learn to recognize organic chemical structures and reactions that are akin to those found in living cells, as well as learn the molecular underpinnings for the many consumer goods and products we encounter and use in daily life. In addition to covering the scientific principles and applications of organic chemistry, this course will also explore how a variety of organic molecules have had an impact on history, society, and global economics. Organic Chemistry I is both an introductory and survey course for learning the foundations of organic chemistry, and is sufficient to support further studies and coursework in the areas of biology, environmental sciences, and global health. Laboratory: techniques of separation, organic reactions and preparations, and systematic identification of compounds by their spectral and chemical properties.",131,1,Natural Science and Computation,0.75032794,5.069298,p00616|p00522|p00465|p00617|p00621
p00621,Part 10: Majors and Courses,Course Descriptions,CHEM 301 Elements of Physical Chemistry (4 credits),233,"The course introduces students to core concepts in physical chemistry including quantum chemistry, molecular structure, molecular spectroscopy, thermodynamics, and kinetics. The course also includes laboratory experiments illustrative of these topics, as well as instruction and practice in writing the laboratory notebook and formal laboratory reports.",45,1,Natural Science and Computation,1.2765445,4.7131166,p00616|p00619|p00617|p00615|p00911
p00622,Part 10: Majors and Courses,Course Descriptions,CHEM 315 Aqueous Geochemistry (4 credits),233,"This course is designed to provide the student with an understanding of the fundamentals of aqueous geochemistry. This course focuses on the fundamental aquatic geochemical processes (e.g. mineral precipitation/dissolution, solution complexation, acid-base chemistry) that shape and transform the Earth's surface as a result of rock-water interactions, and associated impacts on the fate and transport of inorganic and organic contaminants in aqueous and geochemical environments. Topics to be covered include the chemical composition of soils, geochemical specalation, mineral weathering and stability, sorption and ion exchange, soil redox processes, chemical kinetics at environmental surfaces, and the nature, composition, structure, and properties of pollutants coupled with the major chemical mechanisms controlling the occurrence and mobility of chemicals in the environment.",117,1,Natural Science and Computation,0.23021938,6.0434647,p00749|p00617|p00752|p00751|p00598
p00623,Part 10: Majors and Courses,Course Descriptions,CHEM 401 Analytical Chemistry (4 credits),233,"Fundamentals of qualitative and quantitative measurement with emphasis on chemometrics, quantitative spectrometry, electrochemical methods, and common separation techniques, including laboratory experiments that illustrate various of these techniques.",27,1,Natural Science and Computation,1.0157868,4.8445053,p00619|p00911|p00615|p00621|p00620
p00624,Part 10: Majors and Courses,Course Descriptions,CHEM 402 - Inorganic Chemistry (4 credits),233,"Bonding, structures, and reactions of inorganic compounds studied through physical chemical concepts.",12,1,Natural Science and Computation,1.1173364,4.434192,p00625|p00909|p00627|p00619|p00621
p00625,Part 10: Majors and Courses,Course Descriptions,CHEM 403 Advanced Topics in Physical Chemistry (4 credits),233,Builds on and extends the core concepts introduced in Elements of Physical chemistry. Advanced topics and recent developments in physical chemistry.,21,1,Natural Science and Computation,1.1478914,4.5879893,p00624|p00621|p00627|p00388|p00619
p00626,Part 10: Majors and Courses,Course Descriptions,CHEM 404 Physical Biochemistry (4 credits),234,"This course examines the theory and methods used to characterize the physical properties of biological macromolecules like DNA, RNA, and protein. A portion of the course will cover thermodynamics of biological macromolecules including both molecular measurements and statistical thermodynamic modeling. A second portion of the course will examine analysis methods including X-Ray diffraction, Spectroscopy, NMR, and Mass Spectrometry.",58,1,Natural Science and Computation,0.7733523,5.0611925,p00618|p00592|p00872|p01016|p00621
p00627,Part 10: Majors and Courses,Course Descriptions,CHEM 410 Introduction to Materials Chemistry (4 credits),234,"This course will cover a variety of different types of materials and their properties including solids (insulators, semiconductors, conductors, superconductors, magnetic materials), soft materials (polymers, gels, liquid crystals), nanoscale structures, and organic electronics. The application of basic chemical principles to problems in materials discovery, design, and characterization will be discussed. Topics covered will include inorganic solids, nanoscale materials, polymers, and biological materials, with specific focus on the ways in which atomic-level interactions dictate the bulk properties of matter.",78,1,Natural Science and Computation,1.2259783,4.350702,p01020|p00915|p00912|p00911|p00494
p00628,Part 10: Majors and Courses,Course Descriptions,CHINESE 101A Beginning Chinese 1 – A (2 credits),235,"This course is for students with little or no knowledge of the Chinese language, and is designed for building basic communicative proficiency in Mandarin Chinese. The course teaches speaking, listening, reading, and writing skills, but it places special emphasis on the oral communication skills needed for daily life interactions in Chinese, and students will be required to practice using Chinese for daily life tasks outside class. Students will begin learning to read basic high-frequency characters, and learn how to write characters properly with correct stroke order. Additionally students will learn about Chinese culture, especially as it relates to managing the daily tasks of life in China. This course is required for students in the CSL track who have not previously studied Chinese.",122,3,Language and Communication,4.850627,12.259263,p00630|p00629|p00633|p00632|p00631
p00629,Part 10: Majors and Courses,Course Descriptions,CHINESE 102A Beginning Chinese 2 – A (2 credits),235,"This course continues teaching basic communicative proficiency in Mandarin Chinese. As with CHINESE 101, the course teaches speaking, listening, reading, and writing skills. Special emphasis will be placed on learning the oral communication skills needed for daily life interactions in Chinese, and students will be expected to practice using Chinese for daily life tasks outside class. Students will learn to read high-frequency characters and learn how to write characters properly with correct stroke order. Additionally students will learn about Chinese culture, especially as it relates to managing the daily tasks of life in China.",94,3,Language and Communication,4.837445,12.278038,p00628|p00633|p00632|p00631|p00636
p00630,Part 10: Majors and Courses,Course Descriptions,CHINESE 131A First Year Chinese for Heritage Learners 1 – A (2 credits),236,"This course is designed for CSL track students who were raised in a Chinese-speaking environment and who are proficient in speaking and listening to Chinese in daily and social conversation, but who have little or no ability to read or write in Chinese. This course will focus on teaching these students to read and write in Chinese, improve their pronunciation and grammatical structures of Mandarin, and expand vocabulary beyond daily life. Students will develop these skills both through curricular activities (such as pair work, writing essays and diaries, and group work) and extracurricular activities (such as Chinese Table and Language Partners). Topics of the course range from home and social life to cultural and social issues.",116,3,Language and Communication,4.714791,12.346677,p00628|p00631|p00635|p00633|p00634
p00631,Part 10: Majors and Courses,Course Descriptions,CHINESE 132A First Year Chinese for Heritage Learners 2 – A (2 credits),236,"This course is a continuation of CHINESE 131. This course will continue developing students’ reading and writing ability in Chinese, improving their pronunciation and their grasp of the grammatical structures of Mandarin, and expanding vocabulary beyond daily life. Students will develop these skills both through curricular activities (such as pair work, writing essays and diaries, and group work) and extracurricular activities (such as Chinese Table and Language Partners). Topics of the course will vary from home and social life to cultural and social issues.",84,3,Language and Communication,4.699872,12.3466215,p00634|p00635|p00630|p00628|p00629
p00632,Part 10: Majors and Courses,Course Descriptions,CHINESE 201A Intermediate Chinese 1 - A,236,"This course is designed to help students continue building basic communicative proficiency in Mandarin Chinese. The primary emphasis is on oral communication skills, with a focus on conversations in Chinese, and students will be expected to find opportunities outside class to practice using their Chinese for social interaction. Students will also learn to read dialogues that provide good models of social interaction in Chinese, and will practice writing simple texts. Additionally students will learn about Chinese culture, especially as it relates to social interaction.",84,3,Language and Communication,4.7348213,12.327573,p00633|p00636|p00638|p00629|p00628
p00633,Part 10: Majors and Courses,Course Descriptions,CHINESE 202A Intermediate Chinese 2 – A (2 credits),237,"This course is designed to help students continue building basic communicative proficiency in Mandarin Chinese. The primary emphasis is on oral communication skills, with a focus on social conversations in Chinese, and the course includes assignments in which students will find opportunities outside class to practice using their Chinese for social interaction. Students will also continue building their ability to read dialogues that provide good models of social interaction in Chinese, and practice writing simple texts. Additionally students will learn about Chinese culture, especially as it relates to Chinese life and society.",92,3,Language and Communication,4.7508802,12.254015,p00632|p00636|p00629|p00628|p00638
p00634,Part 10: Majors and Courses,Course Descriptions,CHINESE 231A Second Year Chinese for Heritage Learners 1 – A (2 credits),237,"This course, a continuation of CHINESE 132, is designed to help Chinese heritage students continue improving their formal and informal discourse in speaking and writing. This course aims to further expand and refine students’ language skills by studying a variety of texts that are written with advanced intermediate-level vocabulary (including vocabulary denoting abstract concepts), complex grammatical structures, and formal language uses. Students will develop these skills both through curricular activities (such as pair work, writing essays and diaries, and group work) and extracurricular activities (such as Chinese Table and Language Partners). Topics of the course will focus on social and cultural issues in contemporary China.",105,3,Language and Communication,4.669924,12.347587,p00635|p00631|p00636|p00637|p00638
p00635,Part 10: Majors and Courses,Course Descriptions,CHINESE 232A Second Year Chinese for Heritage Learners 2 – A (2 credits),238,"This course, a continuation of CHINESE 231, is designed to help Chinese heritage students continue improving their formal and informal discourse in speaking and writing. This course aims to further expand and refine students’ language skills by studying a variety of texts that are written with advanced intermediate-level vocabulary (including vocabulary denoting abstract concepts), complex grammatical structures, and formal language uses. Students will develop these skills both through curricular activities (such as pair work, writing essays and diaries, and group work) and extracurricular activities (such as Chinese Table and Language Partners). Topics of the course focus on social and cultural issues in contemporary China.",104,3,Language and Communication,4.553441,12.415234,p00634|p00636|p00631|p00638|p00637
p00636,Part 10: Majors and Courses,Course Descriptions,CHINESE 301A Advanced Intermediate Chinese 1 – A (2 credits),238,"This course reinforces what students have learned in the Intermediate Chinese courses, and continues to expand and refine their skills in listening, speaking, reading, and writing by learning a variety of texts that are written with advanced vocabulary (including academic vocabulary and vocabulary denoting abstract concepts), complex grammatical structures, and formal language uses. In addition, students will be introduced to current social issues in China (such as parenting, demographics, marriage, etc.) and different aspects of Chinese culture (such as courtesy, family relationships, ethics, etc.). Through learning and discussing these social and cultural issues, students are expected to deepen their understanding of Chinese society and culture. Students will further practice their spoken Chinese outside class by conversing with Chinese speakers about the topics studied in class.",125,3,Language and Communication,4.660232,12.342252,p00633|p00638|p00632|p00635|p00634
p00637,Part 10: Majors and Courses,Course Descriptions,CHINESE 302A Advanced Intermediate Chinese 2 – A (2 credits),239,"This course transitions students toward reading authentic texts relating to Chinese society (e.g. newspaper and magazine articles), with emphasis on learning relevant vocabulary. It also builds students’ ability to comprehend authentic media resources (e.g. television programs, documentaries, etc.) on similar topics. Oral skills will be built through discussion of these topics, and students will also be expected to practice their spoken Chinese outside class by conversing with Chinese speakers about the topics studied in class. Students will also continue to build their writing skills by writing short papers in Chinese relating to the topics studied.",95,3,Language and Communication,4.5074835,12.478575,p00638|p00639|p00636|p00633|p00632
p00638,Part 10: Majors and Courses,Course Descriptions,CHINESE 401A Advanced Chinese – Issues in Modern China 1 – A (2 credits),239,"In this course students will learn about social and cultural issues in China through study of authentic texts in Chinese and authentic media resources (e.g. television programs, documentaries, etc.). Oral skills will be built through discussion of these topics, and students will also be expected to practice their spoken Chinese outside class by talking with Chinese speakers about the topics studied in class. Students will also continue to build their writing skills by writing short papers in Chinese relating to the topics studied.",83,3,Language and Communication,4.596199,12.482174,p00636|p00637|p00632|p00633|p00639
p00639,Part 10: Majors and Courses,Course Descriptions,CHINESE 402A Advanced Chinese – Issues in Modern China 2 – A (2 credits),239,"The Advanced Chinese course sequence is designed to build students' ability to read authentic texts in Chinese, such as newspaper texts; it also builds students' ability to watch and listen to authentic media programs (e.g. television programs, documentaries, etc.). Students will be introduced to the following themes: popular culture, social change, cultural traditions, history and politics. Through study and discussion, students will be able to better understand the social and cultural issues in China, improve reading and listening abilities, and deliver detailed and organized presentations on these topics.",88,3,Language and Communication,4.4745436,12.561127,p00637|p00638|p00636|p00645|p00633
p00640,Part 10: Majors and Courses,Course Descriptions,CHINESE 403 Readings in Pre-Modern Chinese (4 credits),240,"This course builds students ability to read and interpret pre-modern bai hua texts. The course will focus on stories from Feng Menglong’s Sanyan, the most popular and well-known collection of vernacular Chinese short stories published in the late Ming period (late sixteenth and early seventeenth centuries); also included will be excerpts from late Ming plays/operas (xiqu). This course will also introduce and lecture on the culture and urban life of the late Ming Dynasty, aiming to enhance students’ understanding of pre-modern Chinese literature and social life.",86,4,"China, History, and Culture",1.2391715,12.233858,p00815|p00642|p00641|p00637|p00631
p00641,Part 10: Majors and Courses,Course Descriptions,CHINESE 404 Readings in Modern Chinese Fiction (4 credits),240,"In this course students will read selections from the works of important modern Chinese writers. Students will learn about important modern Chinese authors and fiction, and also build reading vocabulary and extensive reading skills, as well as presentation skills and ability to write reviews of works of fiction.",48,3,Language and Communication,4.4924145,12.52688,p00642|p00639|p00645|p00637|p00638
p00642,Part 10: Majors and Courses,Course Descriptions,CHINESE 405 Readings in Contemporary Chinese Fiction (4 credits),240,"In this course students will read short stories and novels by contemporary Chinese authors. Students will build their extensive reading skills and reading speed, and also discussion skills and ability to write reviews.",33,3,Language and Communication,4.440453,12.5459795,p00641|p00645|p00637|p00639|p00638
p00643,Part 10: Majors and Courses,Course Descriptions,CHINESE 406A Debating Issues in Contemporary China – A (4 credits),240,"In this course students will read research issues in contemporary China, primarily using Chinese language resources, and develop advanced speaking skills through debating these issues.",25,3,Language and Communication,4.613882,12.419375,p00638|p00636|p00648|p00639|p00637
p00644,Part 10: Majors and Courses,Course Descriptions,CHINESE 407 Readings in Classical Chinese (4 credits),241,"This course teaches students how to read basic texts in Classical Chinese, with an emphasis on understanding the distinctive grammar of Classical Chinese and especially the use of particles. Oral skills will be built through discussion of the ideas in the texts.",42,3,Language and Communication,4.6333537,12.49957,p00645|p00632|p00637|p00629|p00633
p00645,Part 10: Majors and Courses,Course Descriptions,CHINESE 409 Chinese Book Club (4 credits),241,"This course is designed for learners of Chinese who already have read authentic texts in textbooks, but have read few or no Chinese books for native speaker audiences. The goal is to help students develop stronger extensive reading skills, more specifically, to improve the reading speed, build the ability to guess the meaning of sentences and paragraphs even when students don’t know all the words in them, and increase the comfort level when reading authentic texts.",76,3,Language and Communication,4.5425143,12.532013,p00642|p00639|p00641|p00637|p00644
p00646,Part 10: Majors and Courses,Course Descriptions,CHINESE 410A Public Speaking in Chinese (2 credits),241,"Public Speaking in Chinese is designed to improve your advanced communication skills in Chinese. It is a performance-based course, with the primary emphasis on practical experience in developing speaking and listening abilities in Chinese to enable you to communicate orally in clear, coherent Chinese appropriate to the purpose, occasion, and audience. You will also learn and apply the basics of public speaking: speech study, audience analysis, outlining, organizational skills, word choice, and presentation. Furthermore through discussing contemporary issues, you will build your command of vocabulary relevant to these important social topics and issues. This course is for the students whose Chinese language level reaches at least an Advanced-Low level as defined by ACTFL’s Proficiency Guidelines for Speaking.",117,3,Language and Communication,4.783219,12.276307,p00632|p00633|p00636|p00638|p00637
p00647,Part 10: Majors and Courses,Course Descriptions,CHINESE 411 Professional Networking in China (2 credits),242,"This performance-oriented course introduces key concepts and practices in networking within Chinese professional contexts to learners of Chinese as a Second Language. Through critical analysis and enactment of observable model behaviors, students develop awareness and basic skills necessary in building effective personal and professional relationship in China. By constantly engaging in a domain-specific online community, students will start to (1)build real-life connections with native Chinese speakers who share their interests in a particular academic or professional domain and (2) acquire learning strategies to exploited authentic Chinese resources and opportunities to sustain Chinese learning as a self-managed learner.",97,3,Language and Communication,4.655092,12.417646,p00636|p00632|p00638|p00633|p00637
p00648,Part 10: Majors and Courses,Course Descriptions,CHINESE 412 Chinese Across the Curriculum: Independent Research (2 credits),242,"This course aims to train advanced Chinese learners in developing independent research projects on current issues and allow students to put their knowledge and skills to use in Chinese speaking contexts. Learners will choose their own research topics and learning materials, such as news reports, editorials, research papers, books, and documentaries. The materials must be authentic pieces produced for native Chinese speakers, and learners will work with the instructor to interpret and digest the texts and multimedia materials. By the end of the course, learners are expected to develop a structure of knowledge and an ability to exchange ideas with native Chinese speakers in their chosen domains.",107,3,Language and Communication,4.5541964,12.401077,p00638|p00637|p00636|p00643|p00639
p00649,Part 10: Majors and Courses,Course Descriptions,CHINESE 491 Independent Study in Chinese (4 credits),242,"This independent study course, offered by the Language and Culture Center through the Language Learning Studio, gives students an opportunity to build advanced Chinese skills in areas for which regular courses are not offered at Duke Kunshan University. In this course students will work with one of the Chinese language faculty members in the Language Learning Studio to design a language learning plan, and will then work with that faculty member to carry it out for one term. Students may repeat independent study courses.",84,3,Language and Communication,5.214472,11.579638,p00057|p01181|p00055|p01183|p00130
p00650,Part 10: Majors and Courses,Course Descriptions,Courses with Course Subject: Chinese Society and Culture (CHSC),243,"These credits cannot be counted toward the 136 credit requirement, but they may be counted toward the additional credit requirements for students from the Chinese mainland, Hong Kong, Macau, and Taiwan. (See section on Credits Required for Degrees in Part 3.)",41,7,"Credits, Load, and Grading",6.9628205,8.129157,p00073|p00069|p00163|p00173|p01025
p00651,Part 10: Majors and Courses,Course Descriptions,CHSC 101 Chinese Humanistic Spirit and Institutions (6 credits),243,"This course explores the humanistic spirit inherent in Chinese culture and the forms and changes of historically influential political systems. Topics will be closely linked to two aspects of the humanistic spirit and social institutions. On the one hand, it allows students to understand the philosophical spirit and moral reasoning characteristic of Chinese culture, as well as the Chinese political system along with its changes. On the other hand, it enables students to appreciate the intrinsic spirit of Chinese culture featuring introspection, learning, tolerance and constant change, therefore revealing the internal spiritual forces for China’s social institution reforms as well as the universality and uniqueness of contemporary China’s social, political and legal institutions. This course requires class attendance and a final exam (4 credits), as well as a 5000-word social practice report in Chinese (2 credits). Note that this is a compulsory course for all Chinese mainland and HMT students.",150,4,"China, History, and Culture",0.5243092,11.96491,p00652|p00788|p00990|p00636|p00655
p00652,Part 10: Majors and Courses,Course Descriptions,CHSC 102 Social Changes in China (6 credits),243,"This course reviews the history in which how China, as an ancient civilization, has revived from the fallen state in modern times to a mighty power in today’s world, helping students to understand and perceive Chinese society along with its changing trends with longer-term vision, the connotation of the Chinese national spirit, and the reason why today's China cherishes independence while vigorously promoting opening up. This course requires class attendance and participation in discussion (4 credits), as well as a 7000-word themed paper (2 credits) in Chinese. Note that this is a compulsory course for all Chinese mainland and HMT students.",101,4,"China, History, and Culture",0.7126828,12.189458,p00651|p00815|p00635|p00637|p00639
p00653,Part 10: Majors and Courses,Course Descriptions,CHSC 103 Selected Readings of Chinese Classics (2 credits),243,"This course introduces a series of readings of Chinese classics, including the Four Books that illustrate the core value and belief system of Confucianism, Taoist classics of Lao Tzu and Chuang Tzu, Zen classic of the Sixth Patriarch (Liuzu tanjing), and Sun Tzu's The Art of War. Selected chapters will be covered by combining the readings with the challenges faced by people today, with an emphasis on uncovering the enduring spirit in the books that transcends time. Note that this is an elective course offered for HMT students who need to take extra CHSC courses to replace the military training credits.",101,4,"China, History, and Culture",0.66120017,11.954353,p00815|p00990|p00651|p00652|p00656
p00654,Part 10: Majors and Courses,Course Descriptions,CHSC 104 Trends and Policies (2 credits),244,"This course mainly consists of a series of 8 lectures on domestic and global challenges and issues, as well as the latest developing trends and policies. Students are required to attend 8 lectures from a defined list of lecture series. Students will earn 2 credits after they complete this requirement. The course will be graded on CR/NC basis. Note that this is a compulsory course for all Chinese mainland and HMT students.",72,3,Language and Communication,6.4222326,8.569406,p00266|p00652|p00073|p00628|p00166
p00655,Part 10: Majors and Courses,Course Descriptions,CHSC 105 An Introduction to the Basic Principles of Marxism (2 credits),244,"This course is a compulsory course for for all Chinese mainland and HMT students. The course content covers the organically unified basic components of Marxist philosophy, Marxist political economy, and scientific socialism, including: introduction, the materiality and laws of development of the world, the nature and laws of development of knowledge, human society and its laws of development, the nature and laws of capitalism, the development and trends of capitalism, the development and laws of socialism, communism and its ultimate realization. Focusing on both the overall picture and key points, a combination of rigorous logic and vivid expression, a unity of theories and methods are some of the basic characteristics of this course.",113,4,"China, History, and Culture",0.49015236,12.145119,p00651|p00652|p00850|p00654|p00778
p00656,Part 10: Majors and Courses,Course Descriptions,CHSC 106 Appreciation of World Chinese Literature Classics (2 credits),244,"Appreciation of World Chinese Literature Classics is a course that explores the beauty of world Chinese literature and the general rules of people's feelings about its beauty. On the one hand, this course starts with the basic concepts and logical structure of the world Chinese literature classics, and explores their significance in the generation of the language style and discourse system of the world Chinese literature in the 20th century; on the other hand, it illustrates the types, characteristics and effect on its unique contribution to the aesthetic construction and artistic presentation of Chinese literature, revealing its status and influence in the history of world literature.",106,4,"China, History, and Culture",1.2277191,11.916736,p00788|p00815|p00894|p00886|p00640
p00657,Part 10: Majors and Courses,Course Descriptions,CHSC 107 An Introduction to Chinese Culture (2 credits),244,"Learning Chinese culture is like drinking sweet tea: you will taste the wisdom of philosophy and culture, the depth of political culture, the profoundness of academic culture, the elegance of aesthetic culture, the freshness of folk culture, the weight of science and technology and the dazzling array of utensils culture. There is a huge space for interpretation between modern MOOC and traditional culture: you will appreciate the spiritual charm of Chinese culture, and finally get the nourishment of personality self-shaping, the wisdom of life journey and the oasis of spiritual habitation.",91,4,"China, History, and Culture",4.149505,12.354406,p01137|p00636|p00652|p00651|p00639
p00658,Part 10: Majors and Courses,Course Descriptions,COMPDSGN 490 Senior Seminar (4 credits),245,This seminar is a core component of the interdisciplinary major in Computation and Design. Students will apply to interdisciplinary topics the knowledge and methods of analysis that they have gained in different disciplines. Students will re-connect with the broader community of faculty and students in their major and further develop their capacities to translate between their areas of expertise and the larger questions and issues that apply across a variety of disciplines. The seminar will foster the ability to see their disciplinary knowledge from a wider perspective and to apply it flexibly. Specific topics will vary. This seminar is required for all seniors in the major. Other students may enroll with the permission of the instructor.,116,1,Natural Science and Computation,3.989654,9.188643,p01188|p01187|p00870|p00706|p00705
p00659,Part 10: Majors and Courses,Course Descriptions,COMPSCI 20 Computer Science Principles (4 credits),245,Credit for Advanced Placement on the basis of the College Board Examination in Computer Science Principles.,16,7,"Credits, Load, and Grading",7.424493,4.980235,p01167|p01006|p00731|p00730|p00879
p00660,Part 10: Majors and Courses,Course Descriptions,COMPSCI 101 Introduction to Computer Science (4 credits),245,"As an introductory course for computer science, this course will bring you not only the fundamental knowledge on a variety of CS topics, but also the essential computational problem-solving skills with hands on programming experience. Successfully completing this course will serve a solid foundation for other courses in the computer science or data science major. It can also bring new concepts and tools to other domains in social science, arts humanities and natural science. This course is an elective course open to everyone, and no specific prerequisite required.",88,1,Natural Science and Computation,3.4369814,6.1366973,p01169|p00311|p00664|p00661|p00659
p00661,Part 10: Majors and Courses,Course Descriptions,COMPSCI 201 Introduction to Programming and Data Structures (4 credits),245,"This course covers data and representations, functions, conditions, loops, strings, lists, sets, maps, hash tables, trees, stacks, graphs, object-oriented programming, programming interface and software engineering. While no previous knowledge is required, some background is advantageous.",35,1,Natural Science and Computation,3.557474,5.786097,p00668|p00662|p00664|p00670|p00673
p00662,Part 10: Majors and Courses,Course Descriptions,COMPSCI 203 Discrete Math for Computer Science (4 credits),246,"This course focuses on the following: mathematical notations, logic, and proof; linear and matrix algebra; graphs, digraphs, trees, representations, and algorithms; counting, permutations, combinations, discrete probability, Markov models; advanced topics from algebraic structures, geometric structures, combinatorial optimization, and number theory.",40,1,Natural Science and Computation,3.24202,5.491192,p00673|p00661|p00668|p00289|p01180
p00663,Part 10: Majors and Courses,Course Descriptions,COMPSCI 204 Introduction to Artificial Intelligence,246,"This course covers the algorithms and representations used in artificial intelligence. It provides an introduction to and implementation of algorithms for search, planning, decision, theory, logic, Bayesian networks, robotics and machine learning.",32,1,Natural Science and Computation,3.155152,5.623077,p00678|p00673|p00281|p01180|p01175
p00664,Part 10: Majors and Courses,Course Descriptions,COMPSCI 205 Computer Organization and Programming (4 credits),246,"This course focuses on the following: computer structure, assembly language, instruction execution, addressing techniques, and digital representation of data. Computer system organization, logic design, microprogramming, cache and memory systems, and input/output interfaces are also central.",35,1,Natural Science and Computation,3.6183476,5.9322815,p00661|p00667|p00660|p00311|p00668
p00665,Part 10: Majors and Courses,Course Descriptions,COMPSCI 206 Computational Microeconomics (4 credits),246,"Use of computational techniques to operationalize basic concepts from economics. Expressive marketplaces: combinatorial auctions and exchanges, winner determination problem. Game theory: normal and extensive-form games, equilibrium notions, computing equilibria. Mechanism design: auction theory, automated mechanism design.",36,1,Natural Science and Computation,-0.9631658,8.168705,p01152|p00711|p00576|p00714|p01118
p00666,Part 10: Majors and Courses,Course Descriptions,COMPSCI 207 Image Data Science (4 credits),246,"This course introduces the logical structure of digital media and explores computational media manipulation. The course uses the Python programming language to explore media manipulation and transformation. Topics include spatial and temporal resolution, color, texture, filtering, compression and feature detection.",40,1,Natural Science and Computation,3.7104852,6.4763455,p00957|p00667|p00669|p00864|p00960
p00667,Part 10: Majors and Courses,Course Descriptions,COMPSCI 208 Computer Graphics (4 credits),247,"This course offers an overview and history of computer graphics as well as an introduction to key software technologies and concepts. These include: coordinate systems and geometric transforms; drawing routines, antialiasing, supersampling; 3D object representation, spatial data structures, constructive solid geometry; hidden-surface-removal algorithms, z-buffer, A-buffer; illumination and shading models, surface details, radiosity; achromatic light, color specification, colorimetry, different color models; graphics pipeline; animation, levels of detail.",66,1,Natural Science and Computation,3.7433012,6.3300567,p00664|p00669|p00867|p00957|p00661
p00668,Part 10: Majors and Courses,Course Descriptions,COMPSCI 301 Algorithms and Databases (4 credits),247,"This course covers sorting, order statistics, binary search, dynamic programming, greedy algorithms, graph algorithms, minimum spanning trees, shortest paths, SQL, file organization, hashing, sorting, query, schema, transaction management, concurrency control, rash recovery, distributed database, and database as a service.",39,1,Natural Science and Computation,3.5433118,5.6461143,p00661|p00673|p00677|p00662|p00670
p00669,Part 10: Majors and Courses,Course Descriptions,COMPSCI 302 Computer Vision (4 credits),247,"This course covers image formation and representation, camera geometry and calibration, multi view geometry, stereo, 3D reconstruction from images, motion analysis, image segmentation, and object recognition.",26,1,Natural Science and Computation,3.6977546,6.3231716,p00667|p00956|p00666|p00664|p00967
p00670,Part 10: Majors and Courses,Course Descriptions,COMPSCI 303 Search Engines (4 credits),247,"This course covers Boolean retrieval, dictionary, index, vector space model, score, query, XML, language model, text classification, clustering, and web search.",21,1,Natural Science and Computation,3.414676,5.7256255,p00661|p00668|p00662|p00664|p00663
p00671,Part 10: Majors and Courses,Course Descriptions,COMPSCI 304 Speech Recognition (4 credits),247,"This course covers speech production and perception, feature extraction, template-based recognition, hidden Markov modeling, language model, sub-word units, robust recognition and applications.",22,3,Language and Communication,3.239431,5.5911655,p01179|p00369|p01174|p00670|p00664
p00672,Part 10: Majors and Courses,Course Descriptions,COMPSCI 306 Introduction to Operating Systems (4 credits),248,"This course focuses on basic concepts and principles of multiprogrammed operating systems. Topics covered include: processes, interprocess communication, CPU scheduling, mutual exclusion, deadlocks, memory management, I/O devices, file systems, protection mechanisms..",31,1,Natural Science and Computation,3.747536,5.736223,p00664|p00677|p00277|p00668|p00661
p00673,Part 10: Majors and Courses,Course Descriptions,COMPSCI 308 Design and Analysis of Algorithms (4 credits),248,"This course focuses on the design and analysis of efficient algorithms including sorting, searching, dynamic programming, graph algorithms, fast multiplication, and others. It also includes nondeterministic algorithms and computationally hard problems.",31,1,Natural Science and Computation,3.416776,5.5412984,p00668|p00662|p00661|p00276|p00928
p00674,Part 10: Majors and Courses,Course Descriptions,COMPSCI 310 Introduction to Databases (4 credits),248,"Databases and relational database management systems. Data modeling, database design theory, data definition and manipulation languages, storaging and indexing techniques, query processing and optimization, concurrency control and recovery, database programming interfaces. Current research issues including XML, web data management, data integration and dissemination, data mining. Hands-on programming projects and a term project.",52,1,Natural Science and Computation,3.6022184,5.7139325,p00668|p00661|p00364|p00283|p01169
p00675,Part 10: Majors and Courses,Course Descriptions,COMPSCI 311 Computer Network Architecture (4 credits),248,"Introduces students to the fundamentals of computer networks. Focuses on layered architecture of the network protocol stack. Case studies will be drawn from the internet, combined with practical programming exercises. Concepts include the internet architecture, HTTP, DNS, P2P, sockets, TCP/IP, BGP, routing protocols, and wireless/mobile networking and their applications such as how to achieve reliable/secure communications over unreliable/insecure channels, how to find a good path through a network, how to share network resources among competing entities, how to find an object in the network, and how to build network applications.",90,1,Natural Science and Computation,3.699878,5.809696,p00661|p00664|p00677|p00277|p00726
p00676,Part 10: Majors and Courses,Course Descriptions,COMPSCI 320 Software Reliability (4 credits),249,"Topics to be covered: software reliability growth models, software failure data analytics, classical software fault tolerance techniques based on design diversity, novel software fault tolerance techniques based on environmental diversity, classification of software faults, software aging and rejuvenation, and software safety, security and survivability. Statistical methods used in this context, methods of predicting software availability during operation, prediction of time to failure and optimal times to rejuvenate will be discussed. Practical application of these ideas will also be presented via case studies of SDN open source software ONOS and ODL, NASA Satellite on-board software, Apache Webserver and Android operating system.",100,1,Natural Science and Computation,3.7746243,5.5278664,p00366|p00672|p00369|p00274|p00283
p00677,Part 10: Majors and Courses,Course Descriptions,COMPSCI 401 Cloud Computing (4 credits),249,"This course covers cloud infrastructures, virtualization, distributed file system, software defined networks and storage, cloud storage, and programming models such as MapReduce and Spark.",24,1,Natural Science and Computation,3.5741804,5.7159586,p00668|p00661|p00664|p00672|p01169
p00678,Part 10: Majors and Courses,Course Descriptions,COMPSCI 402 Artificial Intelligence (4 credits),249,"This course covers uninformed search, informed search, constraint satisfaction, classical planning, neural network, deep learning, hidden Markov model, Bayesian network, Markov decision process, reinforcement learning, active learning and game theory.",30,1,Natural Science and Computation,3.1574101,5.7186503,p00663|p01179|p01175|p01180|p00928
p00679,Part 10: Majors and Courses,Course Descriptions,CULANTH 20 Topics in Cultural Anthropology Studies (4 credits),250,Credit for International Baccalaureate (IB) Diploma in Cultural Anthropology or equivalent.,11,7,"Credits, Load, and Grading",7.2866726,5.2404537,p00918|p00875|p00266|p00769|p00065
p00680,Part 10: Majors and Courses,Course Descriptions,CULANTH 101 Introduction to Cultural Anthropology (4 credits),250,"This course introduces the key concepts and debates within Cultural Anthropology with topics such as racism and essentialism, kinship, gender and sexuality, globalization, etc. In an age where debates addressing migration, robotics, genetic engineering, and ecological crises abound, questions about how humanity is experienced and defined have become more pertinent than ever before.",53,0,Politics and Global Affairs,1.1386932,9.66326,p00834|p00588|p00686|p00688|p01163
p00681,Part 10: Majors and Courses,Course Descriptions,CULANTH 105 Sound in Everyday Life: Anthropological Perspectives (4 credits),250,"This course introduces students to the study of sound and sonic environments in urban spaces. Students will learn about theoretical approaches that approach sound and sonic landscapes as socially cultivated and study listening as a cultural practice. This course includes study of sound and music from different traditions around the world, recorded soundscapes (films, games, installations), built and ecological environments (parks, subways, streets, institutions, clubs, neighborhoods), the politics of making sound, and the history and use of sound technology (sound production, reproduction, reception, acoustic materials). This course introduces students to the study of noise in relation to public life, the representation of public life in sound, the shaping of city living practices by its acoustic architecture, and creative responses of sound in urban activist projects. Students in this course will conduct their own fieldwork on urban soundscapes.",137,2,Media and Arts,3.0005105,11.859507,p00573|p00829|p01158|p00984|p00342
p00682,Part 10: Majors and Courses,Course Descriptions,"CULANTH 106 Home, House, and Housing: An Anthropological Exploration of Human Dwellings (4 credits)",250,"This course will explore the home as a site of attachment, the house as a place that emerged from social relationships, and housing an infrastructure whose construction is shaped by politico economic forces. The interrelationship between the home, the house, and housing will be discussed. The course will cover contemporary issues of housing such as gentrification, segregation, and eviction. The course will provide broader and deeper understandings of the meanings of home and our relationship to the built environment.",79,0,Politics and Global Affairs,1.4027613,9.528707,p00688|p00343|p01158|p01156|p01164
p00683,Part 10: Majors and Courses,Course Descriptions,CULANTH 201 New Media and Society (4 credits),250,"New media – ranging from the Internet to Twitter and Facebook, from informational networks to handheld devices – have in recent years drastically influenced the social relations for individual and communities, and have exerted profound influence on social, economic and political life. The course traces the development of new media, their relationship to previous modes of communication and transmission, and how digital technologies influence emerging and changing spheres of economic, political and social exchanges.",74,2,Media and Arts,2.609203,12.304937,p00844|p00845|p00961|p00943|p00685
p00684,Part 10: Majors and Courses,Course Descriptions,CULANTH 206 The Ethnography of China: New Directions (4 credits),251,"The course provides a critical overview to the anthropology and ethnography of contemporary China. Beginning with the emergence of ethnology in China in the 1920s and 1930s, students will be introduced to some of the key figures in the pre-revolutionary period of China, and the key concepts, theories, and frameworks that emerged during this period in dialogue both with Soviet and British anthropology. The course then turns to the socialist period, and considers early Maoist approaches to the social sciences, and the state project to identify and classify China’s minority nationalities in the 1950s. The post- Mao reform era (1978 to the present) witnesses the globalization of China and the flourishing of a wide range of new kinds of ethnographic projects. This section of the course will pay particular attention to issues of transformations in class, gender, and ethnicity, the study of rural to urban migration, the anthropology of China’s urbanization, environmentalism, commodification and consumption, and the study of development in China’s ethnic border regions.",165,4,"China, History, and Culture",0.27272132,11.861912,p00788|p00694|p00850|p00772|p00778
p00685,Part 10: Majors and Courses,Course Descriptions,CULANTH 207 Cultures of New Media (4 credits),251,"This course is an anthropological examination of 'new media' - their varied forms and histories, how they are used and understood, and their meanings and effects within different communities of users. We will chart a number of technologies deemed 'new' in their day and the social meanings and communities that such technologies generated. We will also explore new media in domains of art and literature, as well as issues of race, gender, sexuality and how other indices of difference come to bear on new media and its use. Most course material will be drawn from anthropology, but will also draw on media studies, visual studies, cultural studies and critical theory, queer and gender theory, history and geography. Students will make use of the Duke library resource page for this class: http://guides.library.duke.edu/new_media.",131,2,Media and Arts,2.6163828,12.136876,p00943|p00961|p00845|p00683|p00839
p00686,Part 10: Majors and Courses,Course Descriptions,CULANTH 208 Global Migration and Ethics (4 credits),251,"This course examines the current scholarship on the anthropology and interdisciplinary study of global migration, and the ethical predicaments at center of contemporary forms of human mobility. Students will consider the particularities of migratory experiences in different regions of the world, and the different types of local, national, and global moral economies that emerge in these different places and histories. Particular attention will be focused on the political questions that arise when human compassion runs into conflict with the desire to preserve the cultural integrity of one's national identity. The course will draw on ethnographic texts, legal and policy materials, biographies, literature, film, and artistic responses to contemporary migration and refugee crises.",112,0,Politics and Global Affairs,0.69846135,10.547754,p00700|p00880|p00699|p00898|p00345
p00687,Part 10: Majors and Courses,Course Descriptions,CULANTH 209 Globalization and Alternative-Globalizations (4 credits),251,"The course explores the culture, politics and process of globalization in light of the responses, ideologies, and practices of the anti-globalization movement. We will focus on the interrelationship between the analysis of globalization and policy formulation on such topics as social justice, radical environmentalism, animal rights, labor, migration, poverty, natural resource management, religion and citizenship. Special attention will be focused on the role of social media, film, and photography in anti- and alternative globalization movements. Case studies from the United States, Latin America, South and East Asia, Africa, and Europe will be explored.",93,0,Politics and Global Affairs,0.32790768,10.518427,p01110|p00898|p01107|p00973|p00698
p00688,Part 10: Majors and Courses,Course Descriptions,"CULANTH 211 Gender, Mobility and Labor (4 credits)",252,"This course takes students on a journey into the worlds of gender, labor, and mobility as they intersect in dynamic and intimate ways. Topics include: exploration the concept of gender by using anthropological and sociological theories; examination of foundational concepts in political economy, including the state, the family firm, class, labor, migration and accumulation; ethnographic case studies on factory labor, housework, sex work, the service industry and IT work across Asia, Europe, and North America; analyzing how historical and contemporary pressures of industrialization, urbanization, uneven development, and information technology challenge our assumptions about gendered labor and migration; how care work, domestic labor, intimacy, and affect do not fit singularly into cultural categories of feminine versus masculine; public versus private; or individual versus collective domains.",124,0,Politics and Global Affairs,1.1866697,9.841248,p00861|p01161|p00680|p01164|p00700
p00689,Part 10: Majors and Courses,Course Descriptions,CULANTH 214 Authoritarianism and the Struggle for Democracy in Latin America (4 credits),252,"This subject explores the precarious balance between the ideal of democracy and histories of authoritarianism in Latin America. Using case studies from different historical contexts, the class examines continuities and ruptures in Latin American political history, and the cultural contexts in which populisms of the left or right, and authoritarian regimes, emerge or recede. This subject encourages students to consider political theory in relation to historical and cultural specificity. Key questions addressed include; what political cultures are associated with democratic, authoritarian and populist forms of rule? What role do struggles over memories of authoritarian pasts play in contemporary democracies? How do democracies evolve into dictatorships, and dictatorships into democracies? Previous study of international relations is helpful, but not required.",119,0,Politics and Global Affairs,-0.082648486,9.9136915,p01077|p00484|p00359|p01109|p00449
p00690,Part 10: Majors and Courses,Course Descriptions,CULANTH 302 Field Methods (4 credits),252,"This course explores the history and practice of ethnographic field research and engages central debates about ethnographic method. The readings prompt deeper reflection on doing field research, and challenges students to think about anthropological ways of knowing. Students will be required to carry out field research, define and design a project, recording (through field notes or other methods) every step of the way. This is thus a writing- and field research-intensive course. It is organized into several practical components—constituting “the field,” participant-observation (“deep hanging out”), interviewing, and writing up findings. Students will get the chance to put several key methods into practice —analyzing spaces, collecting life histories, doing semi structured interviews and conducting participant-observation. Students will also have the option to experiment with other methods of collecting data, including the use of photography or digital video.",136,2,Media and Arts,2.6667674,11.280115,p00945|p00833|p00854|p00882|p00685
p00691,Part 10: Majors and Courses,Course Descriptions,"CULANTH 303 Politics of Food: Land, Labor, Health, and Economics (4 credits)",253,"Explores the food system through fieldwork, study, and guest lectures that include farmers, nutritionists, sustainable agriculture advocates, rural organizers, and farmworker activists. Examines how food is produced, seeks to identify and understand its workers and working conditions in fields and factories, and, using documentary research conducted in the field and other means, unpacks the major current issues in the food justice arena globally and locally. Fieldwork required, but no advanced technological experience necessary. At least one group field trip, perhaps to a local farm or farmers market, required.",88,2,Media and Arts,1.0797735,10.38083,p00838|p00690|p00605|p00390|p00861
p00692,Part 10: Majors and Courses,Course Descriptions,CULANTH 304 The Anthropology of Doing Good: China and Beyond (4 credits),253,"This course explores the intersection of neoliberalism, development and humanitarianism, largely from the perspective of cultural anthropology and the social studies of development. We often think of development as the betterment of mankind and as overall progress. Personal, economic, or otherwise, we tend to view development as a positive process. This course is meant to question widespread assumptions about development. How has development become a discourse and a practice of power since the 1940s? Why do many observers see development as a neocolonial phenomenon? Is development mitigating the domination of the “first world” on the “third world,” or is it contributing to it? How have development agencies evolved and responded to critiques over time? We will pay close attention to the social relations that constitute and inform the relations, rights and obligations that exist between wealthy and the poor, including China, the US, and many other countries.",147,0,Politics and Global Affairs,0.086208165,9.477243,p01057|p00693|p00991|p01053|p01120
p00693,Part 10: Majors and Courses,Course Descriptions,CULANTH 305 The Culture of Development: Africa (4 credits),253,"This course takes up the vexed issue of economic development in Africa – its failures and its successes – from the early colonial period to the present, focusing especially on the transition from the 1960s “modernizing” moment to the Millennium projects and the humanitarian aid of the present. We will read the works of development experts, World Bank executives, anthropologists and historians, exploring the challenges of these projects and what might be done in the future.",76,0,Politics and Global Affairs,0.2645873,9.548821,p01106|p01120|p00692|p00698|p00822
p00694,Part 10: Majors and Courses,Course Descriptions,"CULANTH 306 Borders, Boundaries and Ethnic Peoples in China (4 credits)",253,"Ethnic groups in China can be found in both remote border regions and metropolitan areas. None of them live in complete isolation, or in “primitive” society. On the contrary, most of them have always lived in conditions of diversity through interactions with neighboring groups, dominant ethnic groups as well as various states. This course will explore the intersections of ethnicity, religion, gender, health, media and politics through case studies of ethnic peoples in both China’s borders and cities. Highlighting how and why people construct and cross boundaries, this course sheds new light on being a global citizen.",97,4,"China, History, and Culture",0.2245732,11.5652,p00684|p00352|p00543|p00772|p00415
p00695,Part 10: Majors and Courses,Course Descriptions,CULANTH 314 Refugees and the Biopolitics of Citizenship (4 credits),254,"The refugee is caught between national and international political logics. Each country applies its own calculus for deciding which asylum seekers should be granted the status of refugee, and how refugees should be accommodated or denied access to public goods, rights and residency. This course examines the politics of national responses to record numbers of people seeking asylum, including bureaucracies of (in)validation, xenophobia, the construction of walls and detention centers, international accords, multicultural solidarity, and novel categories of citizenship. Contemporary responses to refugees reveal the interconnectedness of political and structural violence, the limits of humanitarianism and hope for new forms of international cooperation.",103,0,Politics and Global Affairs,0.10980874,10.335778,p00353|p00548|p00841|p00449|p00686
p00696,Part 10: Majors and Courses,Course Descriptions,CULANTH 315 Why Be a Bandit? (4 credits),254,"Bandits and outlaws have historically played a unique role in popular imagination. In the Chinese classic Water Margin, outlaws flee tyrannical administrators but eventually make their peace with the emperor. Robin Hood occupies an equally ambivalent position between outlaw and elite roles. Seventeenth and 18th-century Atlantic pirates were feared, but their ships are viewed by scholars as laboratories for democratic experiment. Pirates, bandits and insurgents often occupy similar marginal spaces between illegality and social legitimacy today. This course will study this ambiguous status, through historical cases and ending with banditry and border violence in Central Africa and in North America.",100,0,Politics and Global Affairs,0.36957362,11.021991,p00362|p00450|p01186|p00880|p00827
p00697,Part 10: Majors and Courses,Course Descriptions,CULANTH 405 Medical Anthropology (4 credits),254,"Illness and healing fundamentally shape our sense of the boundaries between nature and culture, life and death, mind and body, self and environment, and human and machine. The central goal of this course is to examine where, how, and why we encounter, challenge, bridge, or sustain these divisions. To pursue this goal, we examine the cultural, social, and political dimensions of biomedicine globally and cross-culturally. We study ethnographic writing as unique methodological and theoretical inroads into these perspectives. Our discussions will draw on both scholarly and popular cultural accounts of the experiential and interpretive aspects of medicine. Course readings introduce you to key concepts in critical medical anthropology, and trace health, illness, and biomedicine through gender, sexuality and race.",119,0,Politics and Global Affairs,0.50962293,7.86726,p00798|p00795|p00804|p00786|p00690
p00698,Part 10: Majors and Courses,Course Descriptions,CULMOVE 101 Cultures of Globalization (4 credits),255,"This course traces the histories of global exchange and explores how they intersect with various cultures of globalization in the present-day. This course analyzes how early exploration and colonial trade relate to global connections in the contemporary period. This course shows how historical and anthropological approaches have shed light on the importance of border-crossings and cross-cultural encounters in shaping social identities and differences; spatial cores and peripheries; and hierarchies and societal transformations. Attention to global encounters allows us to deepen our understanding of trade, civilization, state-building, labor, and global food chains. Together, these aspects of everyday life and social organization reveal the diversity and dynamism of globalization.",107,0,Politics and Global Affairs,0.6655126,10.674507,p01110|p00827|p00823|p00834|p00838
p00699,Part 10: Majors and Courses,Course Descriptions,CULMOVE 115 Displacement and Identity: Stories of Diasporic Migration in China and the World (2 credits),255,"This course explores diasporic cultures across Asia, Africa, and the Americas from historical and anthropological perspectives. We begin by exploring the rise of Chinatowns across the world, with an emphasis on the Chinese-American experience, particularly during the U.S. Civil Rights period. We then examine how transnational migration has historically shaped the worlds of indentured labor, colonial trade, and hybrid food cultures. From narratives of turtle soup and beer to the personal accounts of female Chinese scholars, African traders, and coolie laborers, we examine how stories of transnational mobility color our understandings of migration, race, gender, and global connection.",98,4,"China, History, and Culture",1.0936441,11.027589,p00787|p00886|p00455|p00880|p00351
p00700,Part 10: Majors and Courses,Course Descriptions,"CULMOVE 201 Migration, Inequality and Culture (4 credits)",255,"This course introduces you to the major episodes and patterns in the history of human migration over the last millennium. We will examine how people on the move have shaped various institutions and cultural forms which illuminate global structures of power and inequality. We will learn how migrations have shaped and have been shaped by ideas and practices of race, class, gender, citizenship, colonialism, nation, nationalism, political movements, trade, religion, and labor. Ultimately, we will observe the change over time in the mutually constitutive relationship between migration and systems of power and inequality. While the arc of the course is historical, we will use various sociological, anthropological and political theories in our historical analysis of migration patterns and the social position of the migrants. Topics will include Indian Ocean trade networks, pilgrimage, Atlantic slave trade, mobility and colonial state building processes, and trans-national political movements.",145,0,Politics and Global Affairs,0.77608913,10.764482,p00834|p00686|p00827|p00338|p00824
p00701,Part 10: Majors and Courses,Course Descriptions,CULMOVE 202 Culture and Social Movements (4 credits),255,"This course focuses on the culture and politics of social movements, interest groups, NGOs, and collective protest activity. This course explores theoretical approaches to understand the organizational, tactical, and affective dimensions of social discontent, resistance, collective action, and protest. It will also examine histories of direct action such as public provocation and moral shock, occupation of buildings and sit-ins, marches and street blocking, performance and “art activism”. The students will be required to select and conduct an independent research project. Possible examples: Black Lives Matters, the Tea-Party, “white rage” and the election of Donald Trump, neo-fascist movements in Europe and elsewhere, the Arab Spring, environmental protest movements, labor activism, and suicide as a form of protest.",116,0,Politics and Global Affairs,1.4847878,10.168806,p00336|p00903|p01112|p00688|p01157
p00702,Part 10: Majors and Courses,Course Descriptions,"CULMOVE 203 Wealth, Inequality and Power (4 credits)",256,"This course is about how some people get ahead and have income, wealth, and power while others stay poor. People generally agree that having some wealth is better than having none, but wealth – and the processes that create wealth – are perhaps more important than we usually acknowledge. In the course, we will distinguish wealth (ownership of houses, savings, and investments) from income (wages and salaries) and discuss why this difference matters. We will discuss how wealth, income, and other material benefits are distributed across people and families. Then we will spend the bulk of the term exploring the origins and consequences of wealth ownership and inequality.",108,6,"Environment, Health, and Policy",0.29550922,9.065684,p01162|p00682|p01086|p01120|p01114
p00703,Part 10: Majors and Courses,Course Descriptions,CULMOVE 206 Ethnic and Religious Diversity in the Middle East (4 credits),256,"What is the Middle East and how can we understand its diverse ethnic and religious groups from a political perspective? To answer these questions, this course will explore the topics of knowledge production, Orientalism, ethnicity, religion, and gender with ethnographic research conducted in the region. The Middle East has largely been mistaken as a homogeneous and timeless place. We will examine how diverse and dynamic the region is and how national politics (often with Western intervention) has empowered or marginalized certain ethnic and religious groups in such countries, including Egypt, Turkey, Lebanon, Palestine, and Israel.",95,0,Politics and Global Affairs,0.63129133,8.939484,p00720|p01089|p00413|p00352|p01133
p00704,Part 10: Majors and Courses,Course Descriptions,CULMOVE 301 Social Science Perspectives on China: From the Socialist Past to the Global Present (4 credits),256,"This is an advanced course on social science approaches to the study of China. We will read social science research from a range of disciplines such as Geography, Anthropology, and Sociology. We will study how social science research informs our understandings of China, and how China challenges existing social science paradigms. We will cover issues that are particularly salient in the field of China studies, including the dynamics between the rural and the urban, theories of “guanxi” (social exchange), etc. Finally, we will add a comparative dimension by bringing in scholarly works that focus on other socialist and post-socialist countries such as Romania and Russia..",105,4,"China, History, and Culture",-0.20928141,11.704149,p00339|p00684|p00543|p00331|p00777
p00705,Part 10: Majors and Courses,Course Descriptions,CULMOVE 390 Junior Seminar: Advanced Topics (4 credits),256,This seminar is a core component of the interdisciplinary major in Cultures and Movements. Students will apply to interdisciplinary topics the knowledge and methods of analysis that they have gained in different disciplines. Students will re-connect with the broader community of faculty and students in their major and further develop their capacities to translate between their areas of expertise and the larger questions and issues that apply across a variety of disciplines. The seminar will foster the ability to see their disciplinary knowledge from a wider perspective and to apply it flexibly. Specific topics will vary. This seminar is required for all juniors in the major. Other students may enroll with the permission of the instructor.,116,2,Media and Arts,4.046826,9.345574,p00706|p01187|p01188|p00870|p00794
p00706,Part 10: Majors and Courses,Course Descriptions,CULMOVE 490 Senior Seminar: Advanced Topics (4 credits),257,This seminar is a core component of the interdisciplinary major in Cultures and Movements. Students will apply to interdisciplinary topics the knowledge and methods of analysis that they have gained in different disciplines. Students will re-connect with the broader community of faculty and students in their major and further develop their capacities to translate between their areas of expertise and the larger questions and issues that apply across a variety of disciplines. The seminar will foster the ability to see their disciplinary knowledge from a wider perspective and to apply it flexibly. Specific topics will vary. This seminar is required for all seniors in the major. Other students may enroll with the permission of the instructor.,116,2,Media and Arts,4.021646,9.399586,p00705|p01188|p00870|p01187|p00794
p00707,Part 10: Majors and Courses,Course Descriptions,ECON 21 Introduction to Microeconomics (4 credits),258,"This is the equivalent for Principles of Microeconomics from Advanced Placement on the basis of a score of 4 or 5 on the Advanced Placement Microeconomics exam, or credit for a sufficient score on a Duke Kunshan University -recognized international examination such as the International Baccalaureate.",46,7,"Credits, Load, and Grading",7.2523484,8.062139,p00708|p00117|p00118|p01167|p00115
p00708,Part 10: Majors and Courses,Course Descriptions,ECON 22 Introduction to Macroeconomics (4 credits),258,"This is the equivalent for Principles of Macroeconomics from Advanced Placement on the basis of a score of 4 or 5 on the Advanced Placement Macroeconomics exam, or credit for a sufficient score on a Duke Kunshan University-recognized international examination such as the International Baccalaureate.",45,7,"Credits, Load, and Grading",7.3721776,8.083146,p00707|p00117|p00118|p00115|p01167
p00709,Part 10: Majors and Courses,Course Descriptions,ECON 101 Economics Principles (4 credits),258,"Basic microeconomic concepts such as demand and supply, market structures and pricing, market efficiency and equilibrium. Macroeconomic concepts such as inflation, unemployment, trade, economic growth and development. Different perspectives on issues of monetary and fiscal policy. Emphasis on public policy issues and the logic behind the economic way of thinking.",50,6,"Environment, Health, and Policy",-1.3367652,8.503964,p00713|p00427|p00724|p00534|p00717
p00710,Part 10: Majors and Courses,Course Descriptions,ECON 201 Intermediate Microeconomics I (4 credits),258,"Introduction of the concepts of preferences and technologies. Intermediate development of the theory of demand, supply and competitive equilibrium from individual preferences and technologies. Income and substitution effects, uncompensated demand and marginal willingness to pay. Conditions under which competitive markets result in efficient outcomes. Conditions under which government policy has the potential to increase efficiency. Tension between economic efficiency and different notions of equity.",64,6,"Environment, Health, and Policy",-1.2152851,8.382101,p01118|p00711|p00753|p00551|p00491
p00711,Part 10: Majors and Courses,Course Descriptions,ECON 202 Intermediate Microeconomics II (4 credits),258,"Calculus-based generalization of the theory of demand and supply developed in Intermediate Microeconomics I. Individual behavior in environments of risk and uncertainty. Introduction to game theory and strategic interaction. Adverse selection, moral hazard, non-competitive market structures, externalities, public goods.",39,6,"Environment, Health, and Policy",-1.1328809,8.293566,p01118|p01056|p00709|p01121|p00710
p00712,Part 10: Majors and Courses,Course Descriptions,ECON 203 Introduction to Econometrics (4 credits),259,"Introduction to the theory and practice of econometrics. Estimation, hypothesis testing and model evaluation in the linear regression model. Observational and experimental methods to identify causal effects including instrumental variable and panel data methods. Lectures are supplemented by labs that use STATA.",42,6,"Environment, Health, and Policy",-1.4483064,8.445224,p01118|p00534|p00427|p00324|p00426
p00713,Part 10: Majors and Courses,Course Descriptions,ECON 204 Intermediate Macroeconomics (4 credits),259,"Intermediate level treatment of macroeconomic models, fiscal and monetary policy, inflation, unemployment, economic growth.",14,6,"Environment, Health, and Policy",-1.5878224,8.540004,p00709|p00427|p00717|p00534|p00396
p00714,Part 10: Majors and Courses,Course Descriptions,ECON 211 Intelligent Economics: An Explainable AI approach (4 credits),259,"This course explores the interdisciplinary conversation between economics and artificial intelligence (AI). In experiential education, this course shows how the two disciplines advance each other by an explainable AI approach: economics makes AI more explainable by clarifying causal relationship and AI empowers economic applications by increasing efficiency. Advanced research in Microeconomics, Macroeconomics, and Behavioral and Experimental Economics is covered with both general literature review and a case study. The course concludes with a capstone project where students produce academic research and automated products collaboratively in a team of Economist, Data Scientist, and Data Engineer.",94,6,"Environment, Health, and Policy",-1.4402571,8.017264,p00368|p00536|p00429|p00313|p00326
p00715,Part 10: Majors and Courses,Course Descriptions,ECON 301 Health Economics (4 credits),259,"Economic aspects of the production, distribution, and organization of health care services, such as measuring output, structure of markets, demand for services, pricing of services, cost of care, financing, mechanisms, and their impact on the relevant markets.",37,6,"Environment, Health, and Policy",-0.22527742,8.088728,p01099|p00803|p00757|p01118|p00717
p00716,Part 10: Majors and Courses,Course Descriptions,ECON 302 Environmental Economics & Policy (4 credits),260,"The role of the environment in the theory and practice of economics. Topics include ways in which markets fail to efficiently allocate resources in the presence of pollution, along with the array of policies regulators used to correct those failures; the empirical techniques used by economists to put values on environmental commodities; and an examination of questions related to everyday environmental issues, particularly those confronting China, and the developing world.",70,6,"Environment, Health, and Policy",-0.8404226,7.542051,p00750|p00382|p00394|p00743|p00432
p00717,Part 10: Majors and Courses,Course Descriptions,ECON 303 Financial Institutions (4 credits),260,"The operations of commercial and central banking and non-banking financial institutions and instruments in the United States, determination of monetary aggregates and interest rates, the financial impacts of Treasury operations, and the linkages from Federal Reserve actions to price level, employment, economic growth, and balance of payments objectives. Coverage of models of monetary economics (for example the Cagan money demand function, cash in advance models). The dynamics and real effects of inflation.",72,6,"Environment, Health, and Policy",-1.5039866,8.5893135,p00713|p00709|p00719|p00728|p00724
p00718,Part 10: Majors and Courses,Course Descriptions,ECON 304 Economic Growth (4 credits),260,"Examination of the enormous differences in living standards across countries, which reflect differences in growth experiences. Course studies both analytical foundations of modern growth theory and the most recent advances in modeling to shed light on old and new questions about such experiences.",43,6,"Environment, Health, and Policy",0.25256962,9.083124,p01120|p01165|p01162|p01110|p01057
p00719,Part 10: Majors and Courses,Course Descriptions,ECON 307 History of Monetary & International Crises (4 credits),260,"Course examines monetary/financial crises plaguing the world since the 16th century. Analyzes origin, unfolding, and impact of crises, debates generated by them, and formulation/implementation of policy measures. Attention is paid to international implications/connections on European/Asian money supply, banking/credit systems; reaction to South Sea Bubble and John Law Credit Systems in numerous European nations; experiments with paper money in America; rise/demise of gold standard in 19th/20th century; currency and exchange rate problems of last three decades. Case studies will be selected and assigned according to participants' interests.",86,6,"Environment, Health, and Policy",-1.3217211,8.996244,p00430|p00538|p00728|p00476|p01104
p00720,Part 10: Majors and Courses,Course Descriptions,ECON 308 Economic History and Modernization of the Islamic Middle East (4 credits),261,"Economic development of the Middle East from the rise of Islam to the present. Transformation of the region from an economically advanced area into part of the underdeveloped world. Role of religion in economic successes and failures. Obstacles to development today. Topics: Islamic economic institutions, economic roles of Islamic law, innovation and change, political economy of modernization, interactions with other regions, economic consequences of Islamism.",65,0,Politics and Global Affairs,0.23111352,8.94213,p00703|p00431|p01089|p00539|p00476
p00721,Part 10: Majors and Courses,Course Descriptions,ECON 309 Behavioral Finance (4credits),261,"The field of Behavioral Finance uses psychology to explain anomalies that we observe in the financial markets—investment behavior that are not consistent with the classical economic models of rational decision-making. In behavioral models, we recognize that individuals (and markets) may behave irrationally, sometimes for extended periods of time. Using some of the more popular and accepted theories of human behavior from the fields of psychology and decision-making, we will characterize some prevalent features of irrational behavior in the financial markets. We will discuss typical errors made by financial market participants as a result of behavioral biases, and examine the extent to which irrationality can affect financial markets at the aggregate level (“bubbles”), how long irrationality may persist, and what factors will eventually cause these bubbles to burst (“crashes”).",128,6,"Environment, Health, and Policy",1.7205998,7.3738275,p01056|p00763|p00583|p00576|p00295
p00722,Part 10: Majors and Courses,Course Descriptions,ECON 310 Urban Economics (4 credits),261,"Introduction to urban and spatial economics. Neoclassical monocentric city spatial model, patterns of land values, property prices, residential density and impact of distressed communities on broader development. Systems of cities and regional growth, role of cities in economic development. United States urban features: ethical and socio-economic effects of housing segregation and implications for discrimination. Tradeoffs between efficiency and fairness in housing resource allocation. Business location theory, impact of innovations in transportation, and technology's effect on work patterns.",77,6,"Environment, Health, and Policy",-0.609935,11.550082,p01150|p00474|p00328|p00331|p00344
p00723,Part 10: Majors and Courses,Course Descriptions,ECON 314 International Trade,261,"The economics of globalization and trade policy are the focus of this course. Topics will include the Ricardian Model of Comparative Advantage, benefits (and costs) of free trade, trade policies and protectionism, trade and economic relations between industrialized countries, policies toward developing countries and the development of multilateral international institutions, such as the World Trade Organization (WTO) and the European Union. At all times the economic theory we study will be presented in the context of current and historical events and ongoing International Trade and policy debates.",87,6,"Environment, Health, and Policy",-0.96946037,9.917807,p01055|p01054|p01110|p01107|p00532
p00724,Part 10: Majors and Courses,Course Descriptions,ECON 315 Economics of the Public Sector (4 credits),262,Applies tools of intermediate micro economics to the public sector. Develops economic justifications for government intervention into the economy and examines and evaluates various government policies and programs. Provides a solid foundation for applied benefit cost analysis.,37,6,"Environment, Health, and Policy",-1.4558738,8.495439,p01118|p00709|p00396|p00713|p00427
p00725,Part 10: Majors and Courses,Course Descriptions,ECON 316 Discrete Time Finance (4 credits),262,"This is a introductory course in mathematical models in ﬁnance, centered around the problem of pricing and hedging derivative securities. Due to the uncertainty inherent in the evolution of the stock market, the theory naturally involves probabilistic tools and structures such as conditioning, martingales and Markov processes. To focus on the main idea, we will work in discrete-time setting and a simple model so called binomial asset pricing model for most of the course. In addition, we will also discuss a foreign exchange model, an extension of the binomial model with a second currency and derives the Black-Scholes equation.",99,1,Natural Science and Computation,2.3675516,6.0727067,p00933|p01056|p00287|p01171|p00925
p00726,Part 10: Majors and Courses,Course Descriptions,ECON 333 Social and Economic Networks (4 credits),262,"Individuals are embedded in a network of relationships used to exchange information and favors, access economic opportunities and share risk. The structure of these relationships determine the individual’s opportunities and the aggregate outcomes of social and economic systems. The course will discuss the typical properties of network structures (e.g. 6-degrees of separation, clustering, homophily and segregation), how network ties are formed and how agents interact through these ties. Students will learn about a wide range of applications, including the spread of diseases, fashions and political opinion; financial networks; networks in organizations and the labor market; online social networks, etc.",99,6,"Environment, Health, and Policy",1.8647491,8.106159,p00307|p00354|p01156|p01152|p00478
p00727,Part 10: Majors and Courses,Course Descriptions,ECON 401 Competitive Strategy and Industrial Organization (4 credits),262,"Foundations of the field of industrial organization, including the theory of the firm, models of competition, market structure, pricing and dynamic models. Emphasis on theory with support from specific industries, including telecommunications, retail and airlines.",35,6,"Environment, Health, and Policy",-0.8994266,8.191739,p00665|p00709|p01121|p00723|p00711
p00728,Part 10: Majors and Courses,Course Descriptions,ECON 402 International Finance (4 credits),263,"Analysis of the determinants of international capital movements, trade imbalances, and nominal and real exchange rates. Policy debates such as the foreign indebtedness of the United States, emerging market debt crises, exchange-rate-based inflation stabilization, and balance-of-payment crises.",37,6,"Environment, Health, and Policy",-1.341155,9.327516,p01055|p00719|p01054|p00430|p00713
p00729,Part 10: Majors and Courses,Course Descriptions,"ECON 404 Environmental Justice: The Economics of Race, Place and Pollution (4 credits)",263,"Minorities and low-income households bear a disproportionate burden from environmental pollution. The inequality may happen in many countries, cultures and contexts. This course examines ways in which environmental injustices in the USA, China and in the world may arise out of discriminatory behavior and/or market forces founded on individual, firm, and government incentives. The course also analyses policies that are aimed at providing fair treatment and equal protection from pollution regardless of race, color, or income. The course first sets the theoretical framework used to document and explain disproportionate exposures. Based on this foundation, students then review existing empirical evidence through case studies and evaluate competing explanations of sources of injustice. The objective of this course is to enable students to examine environmental justice issues using an economics framework, which provides a different perspective for evaluating policies to address environmental inequities observed in today’s world.",145,6,"Environment, Health, and Policy",-0.96462196,7.258414,p00382|p00394|p00387|p00480|p00750
p00730,Part 10: Majors and Courses,Course Descriptions,ENGLISH 20 Literature and Composition (4 credits),264,Credit for Advanced Placement on the basis of the College Board examination in Literature and Composition.,16,7,"Credits, Load, and Grading",7.4793873,4.9083314,p00731|p00769|p00767|p00879|p01167
p00731,Part 10: Majors and Courses,Course Descriptions,ENGLISH 22 Composition and Language (4 credits),264,Credit for Advanced Placement on the basis of the College Board examination in Composition and Language.,16,7,"Credits, Load, and Grading",7.384779,4.995407,p00730|p00769|p00879|p00767|p01166
p00732,Part 10: Majors and Courses,Course Descriptions,EAP 101A Writing about Language Learning – A (2 credits),265,"This is a content-based academic English skills course focused on writing, designed for first term EAP-track students. In this course students will study one or more issues related to language learning (e.g. how to sustain motivation); then they will write course papers presenting their views on these issues. Students will learn how to research an issue, and how to appropriately quote and/or cite sources. They will learn how to plan and write course papers that summarize the views of others, state clear positions in response, and make cases for those positions. Students will also practice making short presentations. Additionally, students will design and carry out plans to improve the accuracy of their written English. This course, required for EAP-track students, is normally taken in Year 1, Term 1. There is no prerequisite.",132,3,Language and Communication,4.67992,11.383035,p00733|p00734|p00739|p01199|p01181
p00733,Part 10: Majors and Courses,Course Descriptions,EAP 102A Writing about Culture Learning – A (2 credits),265,"This is a content-based academic writing course for EAP-track students that further builds written and oral communication skills introduced in EAP101. In this course students will study generalizations that are often made about significant aspects of a Western culture (e.g. the idea that U.S. culture is relatively individualistic); then they will write papers in which they analyze and critically examine these generalizations. Students will practice researching issues and appropriately making use of resource materials. They will practice planning and writing course papers in which they take a stand on an issue and then make a case for their position. Students will also share ideas by making presentations. This course, required for EAP-track students, is normally taken in Year 1, Term 2.",121,2,Media and Arts,4.268097,11.243134,p01199|p00732|p00734|p00736|p01191
p00734,Part 10: Majors and Courses,Course Descriptions,EAP 103 Writing about Intercultural Encounters (2 credits),266,"This course is about one of the most important and interesting topics in today’s globalizing world - intercultural communication. In this course, students will build academic English skills through the study of intercultural communication. They will learn about the intercultural communication process and the factors that affect interpretive judgements made in intercultural encounters. In this course students will also build intercultural communication skills and oral English skills through group discussion activities (e.g. critical incident exercises). Students will also build written English skills by writing short essays in which they analyze intercultural encounters. Additionally, students will design and carry out plans to further improve the accuracy of their written English. This is an elective course for EAP track students.",118,3,Language and Communication,4.5386972,11.430566,p00732|p00733|p01199|p00737|p00739
p00735,Part 10: Majors and Courses,Course Descriptions,EAP 110 Presenting Ideas to Global Audiences (2 credits),266,In this course students will learn how to give more effective presentations in English by first studying presentations available on websites such as TEDtalks and then giving brief in-class presentations.,30,3,Language and Communication,4.7290215,11.548409,p01196|p00732|p00036|p01183|p00646
p00736,Part 10: Majors and Courses,Course Descriptions,EAP 202 – Studying Cultures through the Media (4 credits),266,"In this course students will carefully and critically learn about other cultures by studying media products (e.g. films, television programs, pop songs, etc.) from those cultures, and learn to make effective presentations through which they share the results of their studies. The specific media products focused on in the course will vary according to instructor. This is an elective course for EAP track students.",64,2,Media and Arts,3.35606,11.806847,p00733|p00845|p00960|p00734|p00973
p00737,Part 10: Majors and Courses,Course Descriptions,EAP 203 – Global Languages (4 credits),266,"In this course students will study the rise of global languages such as English and Chinese. They will build academic reading skills by studying the history of global languages and the factors (e.g. political, economic, cultural, etc.) that have led to the rise of these languages to global status, and they will develop the ability to present arguments both orally and in writing by making cases about the likely future prospects of these languages. This is an elective course for EAP track students.",83,3,Language and Communication,4.580282,11.514671,p00734|p00732|p00738|p00733|p00739
p00738,Part 10: Majors and Courses,Course Descriptions,EAP 204 – Endangered Languages (4 credits),267,"In this course students will learn about the issue of endangered languages by studying one particular endangered or threatened language, its current status, and the society in which is it used. Students will then build argumentation skills by making a case, presented through both written papers and oral presentations, for what should be done – or not be done – about the issue. This is an elective course for EAP track students.",72,3,Language and Communication,4.4419813,11.445975,p01190|p01194|p00737|p00734|p00732
p00739,Part 10: Majors and Courses,Course Descriptions,EAP 205 – Strategies for Independent Language Learning (4 credits),267,"In this course students will learn about independent language learning by designing and carrying out a project to improve some aspect of their second language skills. In the course students will learn about major factors that play a role in independent language learning (e.g. learner autonomy, language learning strategies, motivation). Students will keep journals as they carry out their projects, and write final reports drawing on material from their journals. This is an elective course for EAP track students.",79,3,Language and Communication,4.904796,11.533963,p01183|p01184|p01182|p00732|p01181
p00740,Part 10: Majors and Courses,Course Descriptions,ENVIR 20 Environmental Science (4 credits),268,Credit for Advanced Placement on the basis of the College Board examination in Environmental Science,15,7,"Credits, Load, and Grading",7.441888,5.002893,p00584|p00614|p00375|p00659|p01006
p00741,Part 10: Majors and Courses,Course Descriptions,ENVIR 101 Introduction to Environmental Sciences (4 credits),268,"An introduction to the study of environmental sciences and policy through exploration of basic environmental principles in the life, physical, and social sciences. Emphasis on understanding how the atmosphere, hydrosphere, lithosphere, cryosphere, and biosphere function, and how these spheres interact with human consumption, production, and technological patterns and processes. The course includes field trips to local sites as relevant.",59,6,"Environment, Health, and Policy",-0.3791323,6.827745,p00370|p00746|p00375|p00743|p00376
p00742,Part 10: Majors and Courses,Course Descriptions,ENVIR 102 Dynamic Earth and Oceans: Physical and Biological Sciences for the Environment (4 credits),268,"Introduction to the dynamic processes that shape the Earth, the oceans, and the environment and their impact upon society. Earth science topics might include volcanoes, earthquakes, seafloor spreading, floods, landslides, groundwater, seashores and geohazards. Ocean sciences topics might include seafloor evolution, marine hazards, ocean currents and climate, waves and beach erosion, tides, hurricanes/cyclones, marine life and ecosystems, and marine resources. Emphasis on the formulation and testing of hypotheses, quantitative assessment of data, and technological developments that lead to understanding of the biosphere dynamics and associated current and future societal issues.",90,1,Natural Science and Computation,-0.6631765,6.777449,p00519|p00385|p00376|p01122|p00371
p00743,Part 10: Majors and Courses,Course Descriptions,ENVIR 201 Applied Environmental Science and Policy (4 credits),268,"An examination of the interactions between the natural and the social systems as they relate to the environment. Focuses on ecological and earth system cycles, processes, and fundamental relationships, the environmental impact of human-induced change at the local, regional, and global levels. The role of technology and the policy process in determining how environmental problems evolve are addressed. Students will make use of ethical analysis to evaluate environmental tradeoffs, use case studies to integrate multiple disciplinary perspectives on environmental problems and to address issues of environmental justice.",87,6,"Environment, Health, and Policy",-0.507703,6.9815035,p00746|p00759|p00741|p01003|p00382
p00744,Part 10: Majors and Courses,Course Descriptions,ENVIR 202 Biodiversity and Conservation (4 credits),268,"An overview of biological diversity, its patterns, and the current extinction crisis. Historical and theoretical foundations of conservation, from human values and law to criteria and frameworks for setting conservation priorities; island biogeography theory, landscape ecology, and socioeconomic considerations in reserve design; management of endangered species in the wild and in captivity; managing protected areas for long term viability of populations; the role of the landscape matrix around protected areas; and techniques for conserving biological diversity in semi-wild productive ecosystems such as forests.",83,6,"Environment, Health, and Policy",-0.82131606,6.6178775,p00386|p00381|p00393|p00612|p00605
p00745,Part 10: Majors and Courses,Course Descriptions,ENVIR 203 The Theory and Practice of Sustainability (4 credits),269,"This course is an introduction to the theories and practices of sustainability. Sustainability is the art of living well, within the ecological limits of a finite planet. Sustainable development aims to balance economic efficiency, environmental compatibility and social equity. Students will learn and apply various concepts, frameworks, and tools related to sustainability (e.g., UN Sustainable Development Goals, planetary boundaries, circular economy, life cycle thinking, cost benefit analysis, carbon footprint, sustainability accounting and reporting). In this activity-based course, students will become practiced in sustainable approaches to environmental problems.",87,6,"Environment, Health, and Policy",-0.4074753,6.935132,p00746|p00375|p00370|p00743|p01122
p00746,Part 10: Majors and Courses,Course Descriptions,ENVIR 204 Global Environmental Issues and Policies (2 credits),269,"This course examines problems associated with the interaction of humans with their environment. This course mainly focuses on various global environmental concerns, such as climate change, biodiversity, environmental pollution, and natural resources. This course explores case studies illustrating specific problems in different regions and countries and the proper role of local governments and intergovernmental organizations in the regulation of the environment. Students will also be expected to participate in discussions or debates on climate and environment-related issues including role play.",80,6,"Environment, Health, and Policy",-0.50152624,7.0080376,p00743|p00747|p00745|p00741|p01122
p00747,Part 10: Majors and Courses,Course Descriptions,ENVIR 301 International Environmental Policy (4 credits),269,"This course examines the international community’s responses to various global environmental problems. Because many environmental problems cross national borders, solutions require some form of global governance such as state-led mechanisms in the form of international environmental regimes. The course will thus explore how and why states both succeed and fail to negotiate international governance mechanisms. The course will also examine why some international environmental regimes are more effective than others and why states choose to comply with environmental regimes.",79,6,"Environment, Health, and Policy",-0.6377859,7.285939,p00746|p00750|p00743|p00399|p01087
p00748,Part 10: Majors and Courses,Course Descriptions,ENVIR 303 Climate Change and Society in China (4 credits),270,"Analysis of Earth’s climate history and links between climate and society in China, as well as physical climatology and the future climate in China. Topics include: global climate system, climate feedbacks, energy balance, basic circulation of the atmosphere and ocean, hydrological cycle and carbon cycle, paleoclimate reconstruction, record of natural variations of past climate with emphasis on past changes of monsoon rainfall reconstructed from paleoclimate archives for the past, extrinsic forcing mechanisms of observed paleoclimatic variations. The impact of climate variability and change on Chinese society and history will be discussed.",91,4,"China, History, and Culture",0.24889785,11.87648,p00419|p00606|p00418|p00398|p00684
p00749,Part 10: Majors and Courses,Course Descriptions,ENVIR 304 Environmental Chemistry and Toxicology (4 credits),270,"An overview of the fate and effects of chemicals in the environment. Topics include chemical characterization of pollutants, chemistry of natural waters, soil sediment chemistry, atmospheric chemistry, transfers between and transformations within environmental compartments, toxicokinetics, cellular metabolism, biological levels of organization, and approaches for assessing chemical hazards. Incorporates case studies focused on human health and ecosystem protection.",57,1,Natural Science and Computation,0.1919556,6.0353794,p00751|p00598|p00752|p00622|p00371
p00750,Part 10: Majors and Courses,Course Descriptions,ENVIR 305 Environment and Development Economics in Developing Countries (4 credits),270,"Course will focus on the major challenges developing countries face in balancing environmental management and economic growth. Class will use economic analyses to examine these challenges and to devise policy solutions, especially given that developing countries often have weak institutional capacity and fewer financial resources to cope with environmental pollution.",50,6,"Environment, Health, and Policy",-0.71662027,7.434338,p00716|p00399|p00747|p00729|p00745
p00751,Part 10: Majors and Courses,Course Descriptions,ENVIR 306 Water Pollution (4 credits),270,"This course is designed to present students with a comprehensive introduction to the sources and impacts of pollution in marine and freshwater environments. Fundamental concepts and principles of aquatic biogeochemistry will be introduced first, including marine and freshwater chemistry, primary production and food webs. Specific pollution topics will include biological (e.g., pathogens, invasive species), physical (e.g., thermal, plastics), and chemical (e.g., nutrient loading, oil, pesticides, metals) pollutants. Recent case studies will be discussed in class such as the Fukushima disaster and the Deepwater Horizon oil spill. A field trip will be organized to visit a local sewage treatment plant in Kunshan.",101,1,Natural Science and Computation,0.16007791,6.1295166,p00749|p00622|p00380|p00752|p00371
p00752,Part 10: Majors and Courses,Course Descriptions,ENVIR 402 Chemical Transformation of Environmental Contaminants (4 credits),272,"Mechanisms and principles underlying organic contaminant transformations in the ambient environment. Topics include hydrolysis, oxidation/reduction, direct and indirect photolysis, and reactions with disinfectant chemicals. Reactions will be considered in context of both natural (e.g. surface water and cloudwater) and engineered (e.g. drinking water, wastewater, and groundwater remediation) systems. Approaches will include both qualitative (reaction mechanism and product identification) as well as quantitative (reaction kinetics and stoichiometry) aspects of environmental reaction chemistry.",71,1,Natural Science and Computation,0.27753273,5.9692407,p00749|p00622|p00391|p00751|p00617
p00753,Part 10: Majors and Courses,Course Descriptions,ENVIR 403 Energy Economics and Policy (4 credits),272,"This course examines the economics of markets and policies for different energy supply sources (such as petroleum, coal, natural gas, electricity, renewables, nuclear), energy demand and efficiency, and their interactions with each other and with the rest of the economy and environment. We will explore rationales for why markets for energy and energy-using technologies have historically been subject to extensive government intervention. Other topics include markets for energy and energy-using technologies, energy price regulation, and energy security.",77,6,"Environment, Health, and Policy",-0.9418305,7.649906,p00716|p00329|p00400|p00710|p01121
p00754,Part 10: Majors and Courses,Course Descriptions,ETHLDR 101 Ethics and Leadership (4 credits),273,"This interdisciplinary course draws on philosophy, sociology and public policy to explore ethical leadership in the twenty-first century. From the challenges facing governments to decisions students confront daily, this course seeks to create and evaluate solutions to ethical dilemmas in a global world. Does a government have the right to insist on another government’s adherence to human rights standards? Should a museum be forced to return artifacts that were stolen centuries before the museum acquired them? Do corporations have an obligation to invest in their local communities? Do we have an obligation to help the poor and if so why?",100,0,Politics and Global Affairs,0.68465734,9.040015,p00403|p00402|p00798|p00401|p01087
p00755,Part 10: Majors and Courses,Course Descriptions,"ETHLDR 108 Democracy and Inclusion: Hopes, Prospects, Dilemmas (2 credits)",273,"Existing democracies are marred by long-standing inequalities, deep-seated exclusions, and profound injustices. Many argue, however, that it is possible to create much more “inclusive” democratic societies. This course examines the core ideals behind this hope, the prospects for its realization, and the dilemmas of its pursuit. We look at normative and empirical literatures, drawn from diverse contexts and disciplines. Central questions include: When actors envision a more “just,” “inclusive” democratic society, what precisely are they envisioning? How do they justify their visions? What major strategies have been employed to create more “inclusive” democratic processes, and how effectively have they worked?",100,0,Politics and Global Affairs,0.37380874,9.451149,p00410|p00881|p01072|p00562|p01073
p00756,Part 10: Majors and Courses,Course Descriptions,"ETHLDR 201 Ethics, Citizenship and the Examined Life (4 credits)",273,"Ethics, Citizenship and the Examined Life explores several related themes. It attends to traditional Asian and Western ideals and contemporary analyses of moral self-cultivation, personal achievement and meaning; to obligations beyond the self – to family, community, religion, party, nation, and humanity – and whether it is possible to reconcile the criteria for “doing the right thing” across cultures and ages; and to the ways in which Asian and Western philosophical and political traditions have addressed the relationship between a meritocratic elite and democratic forms of government.",87,0,Politics and Global Affairs,0.3221511,10.151752,p01137|p00436|p00758|p00764|p00437
p00757,Part 10: Majors and Courses,Course Descriptions,"ETHLDR 202 Ethics, Markets, Politics (4 credits)",273,"What should be the relation between markets in which goods and services are exchanged, the state that has potential supportive and regulatory functions toward the markets, and ethical values such as human welfare, the desire for meaningful work, equality, and justice? To what extent can and should markets be regulated by the state for the sake of such values? Should businesses act on moral values as well as the profit motive? To what extent should consumers guide their choices in the market according to ethical values? An interdisciplinary approach through philosophy, political theory and economics.",95,6,"Environment, Health, and Policy",0.46924886,8.832904,p00994|p00754|p00715|p00403|p00716
p00758,Part 10: Majors and Courses,Course Descriptions,ETHLDR 203 Conceptions of Democracy and Meritocracy (4 credits),274,"This course will examine democracy and meritocracy, exploring specifically the components, strengths, and liabilities of each. Particular focus will be on intersections between virtue, democracy and meritocracy. Readings will come from philosophy, political theory, history, and sociology. Potential application of these theories to the United States and to China, among other countries, will be discussed.",55,0,Politics and Global Affairs,0.06840746,9.802678,p00561|p00541|p00402|p00756|p00436
p00759,Part 10: Majors and Courses,Course Descriptions,ETHLDR 204 Environmental Ethics (4 credits),274,"This course addresses the morality of respecting the natural world, including plants, animals and all forms of planetary life for their own sake. Is pollution of air and water wrong in itself, and not simply because it damages resources that present and future generations of human beings need? Does the suffering of nonhuman animals impose a moral claim upon human beings? Do all species have a claim to survive in the face of human development? Different philosophical theories as well as a variety of cultural traditions of thought about the environment will be studied and discussed.",96,6,"Environment, Health, and Policy",-0.3788506,7.098669,p01142|p00743|p00746|p01003|p00741
p00760,Part 10: Majors and Courses,Course Descriptions,ETHLDR 205 Trust and Cross-Cultural Leadership (4 credits),274,"Leadership works through the cultivation of trust between leaders and the people they lead. Leaders make trade-offs in providing direction (“coercive control”) versus cultivating trust-based commitment (“enabling control”). Recently, there has emerged the concept of “soft power,” which is the power to get others to want what you want through their attraction to your culture. Leaders often face the challenge of fostering trust across diverse cultures, values, and beliefs. This course draws on philosophy, political science, organizational behavior, sociology and psychology to study the conditions that foster trust within and across societies, and between leaders, the institutions of governance and the governed.",102,0,Politics and Global Affairs,3.5379746,9.124661,p00401|p01113|p00471|p00245|p00402
p00761,Part 10: Majors and Courses,Course Descriptions,ETHLDR 206 Global Justice and Health Care (4 credits),274,"The gap between those who receive the best health care and those who receive the worst health care in the world is staggering. Do all people have an equal right to long life and prosperity regardless of where they happen to live? Is there a right to basic health care? What should the most advantaged nations do for the least advantaged? This course studies philosophical theories of global justice, along with particular issues such as the “brain drain” of health care personnel from developing to rich countries, and the alleged bias of pharmaceutical companies against developing drugs most needed in developing markets.",102,6,"Environment, Health, and Policy",0.2236898,7.7769084,p00804|p00798|p00460|p00803|p00795
p00762,Part 10: Majors and Courses,Course Descriptions,ETHLDR 209 The Psychology of Justice (4 credits),275,"What are the conditions under which people come to perceive their societies as just or unjust? What effects does living under conditions of injustice have on human psychology? This course will examine these questions through consideration of three topic areas. In Unit I, “Distributive Justice”, asking what justice in distribution of basic human resources consists in. In Unit II, “Social Justice”, exploring some of the psychological influences that contribute to prejudice and oppression, and how those influences shape the psychology of minority groups. In Unit III, “Restorative Justice”, examining the psychological underpinnings of a system of restorative justice that focuses on rehabilitation and reconciliation, and will examine the psychological complexities of instituting such a system under conditions of inequality.",119,0,Politics and Global Affairs,0.6651086,9.091177,p00881|p00994|p00729|p00403|p00302
p00763,Part 10: Majors and Courses,Course Descriptions,ETHLDR 301 Ethics of Nudging (4 credits),275,"Behavioral economics and the idea of “nudging” have captured the attention of policy makers and the public. The idea that situations can be structured to make some choices and practices easier (and thus more likely) and make others harder (and thus less likely) is well established in psychology, organizational behavior, political science and sociology, but this raises the question of whether it is ethical for those in power to intentionally structure situations to nudge people one way or the other. This course will examine the work on behavioral economics and nudging, and the earlier research in other fields that underpins “nudging” and the practical moral dilemmas it raises.",108,6,"Environment, Health, and Policy",1.5347747,7.589975,p00582|p00296|p00301|p00574|p00295
p00764,Part 10: Majors and Courses,Course Descriptions,ETHLDR 302 The Sociology of Morality and Politics (4 credits),275,"Religious, philosophical, social and cultural psychology explain how morality varies so much across cultures, despite the fact that cultures share so many similarities and recurrent themes. This course explores the foundation, the virtues, narratives, and institutions that sit on top of shared moral foundations, and the ways in which they lead to conflict within and across nations as well as the possibilities for managing that conflict.",66,0,Politics and Global Affairs,0.835028,8.910858,p01144|p00403|p01143|p00756|p01159
p00765,Part 10: Majors and Courses,Course Descriptions,ETHLDR 390: Junior Seminar: Advanced Topics (4 credits),275,This seminar is a core component of the interdisciplinary major in Ethics and Leadership. Students will apply to interdisciplinary topics the knowledge and methods of analysis that they have gained in different disciplines. Students will re-connect with the broader community of faculty and students in their major and further develop their capacities to translate between their areas of expertise and the larger questions and issues that apply across a variety of disciplines. The seminar will foster the ability to see their disciplinary knowledge from a wider perspective and to apply it flexibly. Specific topics will vary. This seminar is required for all juniors in the major. Other students may enroll with the permission of the instructor.,116,2,Media and Arts,3.8389385,9.316218,p00766|p01187|p00870|p01188|p00705
p00766,Part 10: Majors and Courses,Course Descriptions,ETHLDR 490: Senior Seminar: Advanced Topics (4 credits),276,This seminar is a core component of the interdisciplinary major in Ethics and Leadership. Students will apply to interdisciplinary topics the knowledge and methods of analysis that they have gained in different disciplines. Students will re-connect with the broader community of faculty and students in their major and further develop their capacities to translate between their areas of expertise and the larger questions and issues that apply across a variety of disciplines. The seminar will foster the ability to see their disciplinary knowledge from a wider perspective and to apply it flexibly. Specific topics will vary. This seminar is required for all seniors in the major. Other students may enroll with the permission of the instructor.,116,2,Media and Arts,3.8651397,9.359043,p00765|p00870|p01188|p01187|p00706
p00767,Part 10: Majors and Courses,Course Descriptions,FRENCH 24 Advanced Intermediate French Language and Culture (4 credits),277,"Credit for Advanced Placement on the basis of the College Board Examination in French, French Language or French Literature.",19,7,"Credits, Load, and Grading",7.383701,4.9059377,p00769|p00731|p00730|p00879|p00873
p00768,Part 10: Majors and Courses,Course Descriptions,FRENCH 101 Beginning French 101 (4 credits),277,"This is an introductory French course in which students use French to communicate during class meetings and breakout sessions. The main objective is to develop the following intertwined proficiencies: linguistic and communicative skills (speaking, listening, reading, and writing), intercultural competence (knowledge, skills, and attitudes), as well as critical understanding of the French-speaking world in order to communicate in French (talk with others, express ideas in writing, read and understand what others have written or said). At the end of the term, students should be able to comprehend inputs, and express themselves, in a variety of familiar everyday contexts. This course is also designed to help students learn to become more effective independent language learners.",114,3,Language and Communication,4.8298078,11.951386,p00632|p00633|p01181|p00734|p00878
p00769,Part 10: Majors and Courses,Course Descriptions,GERMAN 24 Advanced Placement in German (4 credits),278,"Credit for Advanced Placement on the basis of the College Board Examination in German, German Language and Literature.",18,7,"Credits, Load, and Grading",7.4972544,5.026793,p00731|p00730|p00767|p00879|p00873
p00770,Part 10: Majors and Courses,Course Descriptions,GERMAN 101 Beginning German 1 (4 credits),278,"This is the first course in the beginning level German sequence. In this course students will build a solid base of vocabulary and pronunciation skills and set a foundation for reading, writing, listening and speaking in order to begin to engage in daily life in German. In this course students will also learn about how to learn a new language and about how to independently build language skills. This course will mostly be conducted in German and students will consistently and systematically use German to communicate both in and out of the classroom. There is no prerequisite.",97,3,Language and Communication,5.026046,11.748656,p00876|p00877|p01181|p00874|p01183
p00771,Part 10: Majors and Courses,Course Descriptions,GCHINA101 China in the World (4 credits),279,"China in the World focuses on the historical and contemporary commercial, intellectual, and scientific exchanges between China and multiple locations around the world. The course invites students to think about the engagement of China in the world and the world in China from an interdisciplinary perspective. We investigate how contemporary China has been shaped by key historical events and processes including science, trade and war. Finally, we consider together how these histories will influence China’s future engagement with the wider world.",81,4,"China, History, and Culture",0.03036806,11.582409,p00415|p00847|p01080|p00788|p00704
p00772,Part 10: Majors and Courses,Course Descriptions,GCHINA 201 From Empire to Nation (4 credits),279,"This course examines concepts and theories of empire, imperialism, colonialism, and the nation state, with a particular focus on their circulation and impact in East Asia and China. We trace the history of Western theories of ""nation,"" looking at what the term meant prior to the European nation-state and the imperialist and colonial projects of the 19th and early 20th centuries, and we examine what they mean in the present era of multiculturalism and globalization. We explore how historically Chinese conceptions of civilization and empire were transformed in post-imperial era. We look also at how related concepts of race, ethnicity, religion, gender, and culture have traveled from the West, through the Soviet Union, to China and beyond.",117,4,"China, History, and Culture",0.66629845,11.590076,p00788|p00814|p00684|p00699|p01064
p00773,Part 10: Majors and Courses,Course Descriptions,GCHINA 202 Modern Chinese Politics (4 credits),279,"How is the Chinese political system organized? What are the rules, both formal and informal, about how policy is made in China? What determines whether a policy actually works in China? How do everyday people experience politics in China? This class introduces students to readings, arguments, and concepts that begin to explore the answers to these questions. One of the goals for the class is that students can start to recognize systematic patterns and a logic of action in how the Chinese political system operates.",85,4,"China, History, and Culture",-0.7505054,11.035233,p00778|p00651|p00472|p00561|p00850
p00774,Part 10: Majors and Courses,Course Descriptions,GCHINA 203 Visual China (4 credits),279,"From film’s first appearance at a Shanghai teahouse in August 1896 to Jackie Chan’s latest transnational stardom, the history of modern Chinese cinema has always sought to raise questions of national and cultural identity. How do Chinese films between the two fins-de-siècle create the spectacle of “China,” narrate its history, and represent its increasingly diversified cultural landscapes both at home and abroad? Students will study photography, documentary film, cinema and social media in China from the 1930s “Leftist” films to present.",81,4,"China, History, and Culture",1.5497504,11.998929,p00508|p00787|p00963|p00837|p00820
p00775,Part 10: Majors and Courses,Course Descriptions,GCHINA 301 China’s Transitioning Economy (4 credits),280,"This course provides a comprehensive overview of the Chinese economy and China’s role in the world economy. China’s current economic challenges will be given particular attention. Topics addressed will include: the Chinese economy before 1949; the socialist era, 1949-1978; economic reform and market transition; the role of state enterprises; the return of private and family business; foreign investment; foreign trade; China’s role in the East Asian trade-production network; China’s evolving financial system; Chinese monetary and exchange rate policy; China’s role in global trade balances; the internationalization of the Yuan; and the current effort to rebalance the Chinese economy from an investment to a consumption economy.",105,4,"China, History, and Culture",-1.0541326,11.087435,p01058|p00778|p00847|p00416|p00554
p00776,Part 10: Majors and Courses,Course Descriptions,GCHINA 302 The Factory: From Socialist Industrialism to World Assembly (4 credits),280,"The rise of China and its economic transition are inseparable from the workings of the factories and the feminization of labor on those assembly lines. For most workers, the factory has been not simply a place to work, but also a “habitus” where rest, sustenance, leisure and consumption are conditioned, regulated, and at times, contested. In this highly interdisciplinary course we will examine the factory not only as a political and economic unit of disciplined work, but also as a cultural and ideological space wherein dreams and anxieties are produced and exhausted.",92,4,"China, History, and Culture",0.642785,12.234665,p00820|p00883|p00821|p00420|p00847
p00777,Part 10: Majors and Courses,Course Descriptions,GCHINA 390 Junior Seminar: Advanced Topics (4 credits),280,This seminar is a core component of the interdisciplinary major in Global China Studies. Students will apply to interdisciplinary topics the knowledge and methods of analysis that they have gained in different disciplines. Students will re-connect with the broader community of faculty and students in their major and further develop their capacities to translate between their areas of expertise and the larger questions and issues that apply across a variety of disciplines. The seminar will foster the ability to see their disciplinary knowledge from a wider perspective and to apply it flexibly. Specific topics will vary. This seminar is required for all juniors in the major. Other students may enroll with the permission of the instructor.,116,4,"China, History, and Culture",3.7371879,9.43549,p00790|p00794|p00705|p01187|p00706
p00778,Part 10: Majors and Courses,Course Descriptions,GCHINA 401 Political Economy of the Chinese Reform (4 credits),280,"This course is a reading and research seminar that aims to provide students with a solid, broad understanding of China’s reform policies, programs, and strategies since 1978. It also examines the lessons the Chinese reformers and people learned from the 40-year reform experience as well as the challenges facing the Chinese economy and society in the future. Reading materials include both authoritative and new works on China’s politics, institutions, and economic development at various stages of the reform period. Students have opportunities to apply basic economic theories to the empirical analysis of China’s economic transitions and sociopolitical change.",98,4,"China, History, and Culture",-0.9705767,11.174411,p01058|p00775|p00554|p00850|p00490
p00779,Part 10: Majors and Courses,Course Descriptions,GCULS 105 Critical Comparative Studies (4 credits),282,"What is “culture”? Where can we observe it and how can we study it? And, most importantly for a globalizing world: Can we compare “cultures”? What are the assumptions and parameters that would make such comparison possible in the first place? This course addresses the forces and concerns central to understanding culture and cultural difference. Discussions will pay attention to both the global and local/regional levels on which culture can be observed and compared. Understandings of culture touch upon many forces and concerns, including questions of gender, ideology, religion, nationalism and colonialism. By building a firm understanding of the theoretical approaches to culture, this course will explore the toolbox of comparative cultural studies.",113,0,Politics and Global Affairs,2.2185974,10.11271,p01159|p00442|p00790|p00794|p00657
p00780,Part 10: Majors and Courses,Course Descriptions,GCULS 106 Our Cities and Ourselves (2 credits),282,"What is a city? How do cities shape the everyday lives and experiences of those who live in them, as well as cultural conceptions of modernity and civilization? Pairing texts drawn from literature and the interdisciplinary field of urban studies, this course will study how writers and thinkers have sought to express and analyze what it means to live in cities. By reading literary accounts of urban life such as Mu Shiying in Shanghai, James Joyce in Dublin, Michel de Certeau in New York, and Orhan Pamuk in Istanbul, alongside perspectives from urban planners and sociologists such as Liang Sicheng, Jane Jacobs, Saskia Sassen, and Spiro Kostof, you will engage with some of the most creative and influential ideas concerning the complex relationship between our cities and ourselves.",128,0,Politics and Global Affairs,0.7571685,11.977244,p00963|p00829|p00820|p01100|p00787
p00781,Part 10: Majors and Courses,Course Descriptions,"GCULS 107 Berlin-Paris: Sex, Cigarettes, and the Meaning of Life (2 credits)",282,"A trip to Europe is not complete without Paris and Berlin: cities of light and darkness, of excesses and extremes. In this course, we will take a stroll around these two world capitals in the company of artists, philosophers, filmmakers, and writers as we try to capture the historical, creative, and existential dilemmas of the times. From Nietzsche to Benjamin by way of the open-minded and gender-fluid nightlife of the Weimar Republic; from Camus to Sartre and Beauvoir by way of the cigarettes and experimentation of the Nouvelle Vague, this course will give an overview of what Berlin and Paris were up to between the late 1800s and the 1950s—and, in doing so, will inquire about the meaning of life.",120,0,Politics and Global Affairs,1.5946996,11.509983,p00454|p00446|p00780|p00963|p00820
p00782,Part 10: Majors and Courses,Course Descriptions,"GCULS 108 Science, Culture, and Politics (2 credits)",282,"What is science? Who has the authority to determine what qualifies as science? Is all scientific knowledge inherently political? This class will focus on the human dimensions of science. We will examine a number of topics, including Social Darwinism and contemporary global climate change discourse. Drawing from recent scholarship in the history of science, the class will explore debates about the meaning and origins of scientific modernity. Did “modern science” originate in the “West” before diffusing elsewhere? We will also focus on questions of identity and representation in the making of scientific cultures.",93,0,Politics and Global Affairs,1.8761742,9.162216,p01000|p00588|p01158|p01164|p01145
p00783,Part 10: Majors and Courses,Course Descriptions,GCULS 201 Culture and Industry (4 credits),283,"Apple is currently the most valuable company/brand in the world. Despite its technological origin, the company has always valued design, interface, affect, imagination and creativity - skills that the humanities and the interpretive social sciences offer and promote. This course examines how cultural studies, in its analyses of fandom, reception theory, cultural hegemony, etc., provide students the theoretical skills to understand, analyze and prepare for working in the emerging creative industries in China today. Topics that might be included in this course: cultural industry and modernity, popular culture and everyday life, representations of gender and sexuality in advertisement, the impact of new social media and information technology, and censorship.",109,4,"China, History, and Culture",1.5804985,11.796114,p00906|p00893|p00442|p00963|p00639
p00784,Part 10: Majors and Courses,Course Descriptions,GCULS 202 Empires and Culture (4 credits),283,"In 1800, Europeans controlled 35 percent of the earth’s land surface. By 1914, it was 84 percent; American and Japanese imperialism soon followed. Beyond political control and economic exploitation, culture was instrumental in legitimizing imperial rule through the discourses of civilizing mission, scientific racism, social Darwinism, and in the Japanese case, a co-prosperity for Asians through assimilation. However, colonized peoples contested imperialism and colonialism through cultural practices such as mimicry, “signifying”, literary practice, and critique of liberalism and humanism. This course examines how culture is inscribed in the workings and failings of empires and their legacies.",96,0,Politics and Global Affairs,1.2197601,11.592594,p00893|p00772|p00886|p00826|p00888
p00785,Part 10: Majors and Courses,Course Descriptions,GCULS 301 Religion and Sexuality (4 credits),283,"This course offers a critical examination of the relation of religion and sexuality with special attention to Buddhist literature and experience. The course equips students with tools from religious theory, gender theory, and critical theory, which are then used to interpret a range of phenomena including: religious interpretations of sex, sexuality, and gender; the codification and normalization of these rules through texts, symbols, and practices; and recent challenges to these interpretations. Topics include homosexuality, same-sex marriage, abortion, contraception, gender equality, clerical marriage, married clerics' wives, and clerical sexual abuse. Places Buddhism in conversation with Jewish, Christian, and Islamic traditions.",99,0,Politics and Global Affairs,1.3050203,9.130675,p01136|p01134|p01143|p01139|p01132
p00786,Part 10: Majors and Courses,Course Descriptions,GCULS 302 Gender in Global Perspective (4 credits),283,"Is every-body either male or female? Does the body precede being female or male, black or white, gay or straight? Has the body always been so throughout history? This seminar will use interdisciplinary and cross-cultural lenses to examine gender, one of the most important aspects by which our bodies are categorized. We will consider the contestation of “gender” in the context of decolonial critique and conservative “anti-Gender” backlash; and will read a wide range of texts on questions such as embodiment, medicine, historiography, trans debate, and performativity.",87,0,Politics and Global Affairs,1.1337737,9.369582,p00697|p00688|p00785|p00680|p00994
p00787,Part 10: Majors and Courses,Course Descriptions,GCULS 303 Chinatowns: A Cultural History (4 credits),284,"This course explores the intersection of space and ethnicity through the myriad ways Chinatown has circulated as memory, fantasy, narrative, and myth in the dominant cultural imagination. Through this exploration, the course engages the lived realities of overseas Chinese communities, placing them in the broader context of Asian American history. It aims to show how changing conceptions of “Chineseness” have productively engaged with real Chinatowns from Japan to America, and the phantom Chinatowns of film and fiction. Employing multidisciplinary approaches including urban history, architecture and ethnography, the course reveals how the Chinatowns of myth and memory intersect with the lived reality of overseas Chinese communities.",105,4,"China, History, and Culture",1.1713152,11.757568,p00699|p00886|p00458|p00963|p00829
p00788,Part 10: Majors and Courses,Course Descriptions,GCULS 304 Chinese Culture and Ideology in the 20th Century and Now (4 credits),284,"This course considers a variety of literary texts from the perspective of the nexus of cultures and societies in Asia, primarily on modern and contemporary China. This course exposes students to cultural and literary expressions and representations of modern China from the beginning of the 20th century to the present. It explores issues of politics and ideology and the formation of Chinese exceptionalism. The class is divided into two parts: 1. the beginning of the 20th century (1900-1949) and the Mao era (1949-1976); 2. contemporary China since the era of reform and opening up (1978 present). The course takes comparative, interdisciplinary approaches of intellectual and cultural history, literary and cultural studies, and political science. It aims at unraveling the complex relationship of political, ideological formations and cultural, intellectual movements in modern China within the global context of Asia and beyond.",140,4,"China, History, and Culture",0.774025,11.873826,p00815|p00656|p00894|p00684|p00772
p00789,Part 10: Majors and Courses,Course Descriptions,GCULS 305 Translation for Stage and Screen (4 credits),284,"This course develops skills in translation between English and Chinese in the context of theatre and film. Is performance translatable? How can a translator of subtitles deal with complex cultural references while maintaining brevity and without the luxury of footnotes? Should a translation be loyal to the playwright or to the performer? Can it anticipate audience interpretations and should it guide them? Students compare translations of key works, develop translations for performances within the local community and consider the role of the translator as a mediator of meaning within a complex system of cultural production.",95,3,Language and Communication,1.6465685,11.752812,p00906|p00984|p00894|p00883|p00964
p00790,Part 10: Majors and Courses,Course Descriptions,GCULS 390 Junior Seminar: Advanced Topics (4 credits),284,This seminar is a core component of the interdisciplinary major in Global Cultural Studies. Students will apply to interdisciplinary topics the knowledge and methods of analysis that they have gained in different disciplines. Students will re-connect with the broader community of faculty and students in their major and further develop their capacities to translate between their areas of expertise and the larger questions and issues that apply across a variety of disciplines. The seminar will foster the ability to see their disciplinary knowledge from a wider perspective and to apply it flexibly. Specific topics will vary. This seminar is required for all juniors in the major. Other students may enroll with the permission of the instructor.,116,2,Media and Arts,3.6654117,9.496255,p00794|p00705|p00706|p00777|p01187
p00791,Part 10: Majors and Courses,Course Descriptions,"GCULS 401 Games and Culture: Politics, Pleasure and Pedagogy (4 credits)",285,"This course examines analog and computer games from a cultural perspective. It explores how prevailing cultures and values affect game design, their popularity, and user experience. By examining the design of games, the course treats games, as cultural artefacts, and aims to understand how they engage broader cultural and political themes, such as imagining disaster, utopia and dystopia. By examining their popularity among different social, gender and ethnic groups, the course investigates contemporary cultural concerns such as gender politics and racial representation. By exploring the user experience, especially in the arena of massively multiplayer role-playing games (MMRPGs), the course investigates questions of role-playing and identity, ethics, group behavior, competition, and politics.",111,2,Media and Arts,2.7968714,11.080797,p00323|p00972|p00459|p00948|p00907
p00792,Part 10: Majors and Courses,Course Descriptions,GCULS 402 Digital Tribes (4 credits),285,"This course tracks digital life and creative expression of groups online in a close study of images, captions and hyperlinked tags. It examines rituals, symbols and cultural patterns that structure everyday life of digital tribes online and investigates impact of digital and social media (Weibo, Twitter, Instagram Facebook, livestreaming apps) on the constitution of communities online and offline. Studying varied array of digital tribes: tribes of the deaf, of oil rig workers, of Hindu worshippers, of prison wives and laptop entrepreneurs, students learn about underlying myths, rituals, and cultural symbols that connect groups of people online.",96,2,Media and Arts,2.6527636,12.1946945,p00961|p00685|p00907|p00683|p00844
p00793,Part 10: Majors and Courses,Course Descriptions,GCULS 405 The Curatorial: Theory and Practice (4 credits),285,"Is everyone a curator? The etymological meaning of to curate – to take care of – has become, with the ever-expanding meaning of art and exhibition making, both central to and contested by practitioners who carefully conceptualize, comment, organize, and show art. In this course, we ask fundamental questions of what curation does and should do. We will: 1. look at different theories of curation, illustrated by exemplary exhibitions across the world, 2. learn about curation in its multifaceted practicalities, 3. critically assess new trends in curation and artistic practices at large, 4. have opportunity to curate art exhibitions and/or cultural events on campus.",104,2,Media and Arts,2.4105277,11.617206,p00818|p00842|p00503|p00945|p00969
p00794,Part 10: Majors and Courses,Course Descriptions,GCULS 490 Senior Seminar: Advanced Topics (4 credits),285,This seminar is a core component of the interdisciplinary major in Global Cultural Studies. Students will apply to interdisciplinary topics the knowledge and methods of analysis that they have gained in different disciplines. Students will re-connect with the broader community of faculty and students in their major and further develop their capacities to translate between their areas of expertise and the larger questions and issues that apply across a variety of disciplines. The seminar will foster the ability to see their disciplinary knowledge from a wider perspective and to apply it flexibly. Specific topics will vary. This seminar is required for all seniors in the major. Other students may enroll with the permission of the instructor.,116,2,Media and Arts,3.767885,9.46084,p00790|p00706|p00705|p00777|p01188
p00795,Part 10: Majors and Courses,Course Descriptions,GLHLTH 101 Introduction to Global Health (4 credits),286,"This course introduces students to the essential features of global health from the varying perspectives of natural science, social science, and the humanities, drawing from a variety of conceptual frameworks at different scales (individual, community, country, and global). This course examines the global burden of diseases, how this burden is measured, and debate the utility of interventions used for disease mitigation and prevention. This course also introduces the state of the world’s global health infrastructure and explores how that infrastructure might or should adapt to the future world.",88,6,"Environment, Health, and Policy",0.18295306,7.6503916,p00804|p00460|p00800|p00461|p00801
p00796,Part 10: Majors and Courses,Course Descriptions,GLHLTH 105 Novel Coronavirus: Epidemics and Response in the Age of Global Interdependence (2 credits),286,"The novel coronavirus outbreak has put public health onto the front pages of newspapers worldwide. However, the daily news cycle is hardly the best way to digest issues that require a contextual understanding of epidemiology, virology, history, sociology, and health humanities. This course will use the outbreak as a starting point for a multidisciplinary and interdisciplinary analysis that brings together diverse methodologies to gain a broader understanding of the crisis, its origins, and how to address it. Students will engage in intercultural collaboration and develop skills in problem solving and information literacy through readings, weekly class activities, and a culminating team project. Leading experts from various fields will engage the class in live, interactive participatory sessions. The course will be conducted fully online and will be cross listed between Duke Kunshan University and Duke University, allowing undergraduates from the two institutions to exchange ideas and learn from one another.",149,2,Media and Arts,0.34547803,7.679036,p00461|p00808|p00795|p01199|p00799
p00797,Part 10: Majors and Courses,Course Descriptions,GLHLTH 110 Ecosystem Health and Human Well-Being (4 credits),286,"Explores interactions between ecosystem health and human well-being in context of global change and human population growth. Effects of climate change on food supply, water availability, land degradation and human well-being; impact of species distribution, disease spread, and human health; ecosystem services and human well-being. Case studies used to illustrate the scientific process and to evaluate supporting evidence.",58,6,"Environment, Health, and Policy",-0.4267921,6.501004,p00589|p00746|p00468|p00600|p00759
p00798,Part 10: Majors and Courses,Course Descriptions,GLHLTH 201 Global Health Ethics (4 credits),286,"This course introduces students to ethical theories and frameworks in the context of historical and current issues in global health. As part of this context students learn about best practices and standards of care in clinical settings, so that they can make cross-cultural and transnational comparisons and use these to set up difficult ethical questions about health disparities. The course emphasizes self-reflection, cultural sensitivity, and flexibility in thinking about ethical issues in a globalized world. In the context of historical and current issues, students analyze and critique the choices of multinational, national, and local policymakers; clinicians; and researchers, with an eye to the impact these choices have on individuals, families, and communities. Students also explore ethical issues of conducting research on or working with marginalized/stigmatized populations, using case studies and the theoretical frameworks introduced in the course. Students are encouraged to think creatively about the relationship between ethics and health and to explore solutions to what appear to be ethical dilemmas in a variety of contexts. Topics include: human rights and development; the ethics of aid; differential standards of care; protection of human subjects; access to essential medicines; genetic information and confidentiality; pharmaceutical development; health information technology; placebo controlled trials; best outcomes vs. distributive justice.",205,0,Politics and Global Affairs,0.46833163,7.794541,p00804|p00801|p00807|p00460|p00795
p00799,Part 10: Majors and Courses,Course Descriptions,GLHLTH 202 Media and Health Communication (4 credits),287,"This course examines health communication theory, research, and practice. Major topics include the impact of media on health and behavior; use of mass, new, and social media strategies for health promotion, patient-provider communication; and the role of culture in health communication campaign design. Students should have basic understanding of social science research methods. Students will develop the skills necessary to use media strategically to advance public health policies and social change. The course covers the design, implementation and evaluation of media campaigns to promote public health goals, and examines theories and research on media influences with respect to its potential harmful effects on wellbeing. Students will design a digital media based health communication campaign.",114,2,Media and Arts,2.822384,12.260897,p00845|p00973|p00961|p00802|p00960
p00800,Part 10: Majors and Courses,Course Descriptions,GLHLTH 203 Global Disease Control Programs and Policies (4 credits),287,"This course presents the history, social and political context, organization, technical content, funding and evaluation of current, major, global initiatives for disease control. This course emphasizes programs focused on health problems of the developing world and includes, initiatives for vaccines and immunization, non-communicable diseases, safe motherhood and reproductive health, malaria, Neglected Tropical Diseases, HIV, emerging infectious diseases, TB, tobacco control, nutritional interventions and injury control. This course also examines the process of policy formulation and resource allocation to international health and disease control.",83,6,"Environment, Health, and Policy",0.22953625,7.554626,p00795|p00804|p00460|p00461|p00463
p00801,Part 10: Majors and Courses,Course Descriptions,GLHLTH 301 Global Health Research Methods (4 credits),287,"This course introduces research methods in global health. Global health is a multi-disciplinary field, so the course considers approaches common to the behavioral and social sciences, public health, and medicine. Primary interest is the study of causal inference. Global health researchers, practitioners, and donors need to know what programs and interventions “work” and why. To answer questions of impact, the course explores randomized controlled trials, a mainstay of medical research, and spends significant time helping students understand the rationale, process, and limitations of field experiments. Randomization is not always possible or advisable, however, and researchers must build a causal argument using non-experimental methods. The course reviews several approaches, considers relevant threats to causal inference, and discusses how to improve non-experimental research designs. The course also covers research basics, such as developing and testing theory, asking good questions, understanding variability, designing good measurement, and selecting research participants. The latter part of the course turns to more specialized topics in global health research, such as cost effectiveness, community based participatory research, research on humanitarian aid, and monitoring and evaluation. Students will learn how to evaluate published and unpublished research and how to design a global health research project.",196,6,"Environment, Health, and Policy",0.28880355,7.6210685,p00795|p00460|p00804|p00798|p00802
p00802,Part 10: Majors and Courses,Course Descriptions,GLHLTH 302 Social Determinants of Health (4 credits),288,"This course introduces students to the major social factors that affect public health at both the global and national level. Globally, students study a wide range of topics from the health impact of global income inequality, gender, and access to education, to the role of specific work place policies, among other topics. Lectures introduce a social variable (such as race or gender), discuss its theoretical underpinnings, and then link it to the current empirical evidence to health outcomes. Students learn to analyze the strengths and weaknesses of the empirical evidence. The course considers the implications for intervention strategies and policy, with a focus on applicability to lower and middle-income country settings. Students also study how social factors influence health and wellbeing, with a particular focus on national context in specific countries. Topics could include obesity, aging, socioeconomic disadvantage, access to health insurance, public health systems, the role of the media, and racial/ethnic and gender inequalities. The course provides descriptive assessments of health inequalities and analytic examinations of the mechanisms through which social factors affect health.",175,6,"Environment, Health, and Policy",0.19496746,7.81385,p00803|p00460|p00795|p00804|p00801
p00803,Part 10: Majors and Courses,Course Descriptions,GLHLTH 303 Global Comparative Health Care Systems (4 credits),288,"This course introduces students to the components of health systems (populations, financing, payment, workforce, service delivery, information, medicines and technologies, governance) as they appear in various health system frameworks, and to the ways in which these components and their combinations vary from country to country around the world. The course focuses on comparisons across countries at the same economic level (high-, middle-, and low-income), as well as on comparisons across levels. The course also considers how to assess health system performance, with attention to how measures of performance are invariably tied to often implicit and varying conceptions of health from country to country and culture to culture. Students will learn about the most significant challenges facing health systems within each economic level and about successes and failures in meeting these challenges with health system reforms. The latter part of the course introduces students to the role of politics and policy in strengthening health systems. Throughout the course, students learn not only about health systems but also about what systems (physical, biological, social) are, how they function, and about how systems thinking can be applied fruitfully to the study of health systems.",191,6,"Environment, Health, and Policy",0.14105259,7.769699,p00804|p00802|p00795|p00460|p00800
p00804,Part 10: Majors and Courses,Course Descriptions,GLHLTH 304 Global Health Governance and Policy (4 credits),289,"This course introduces global health governance and policy in four modules: 1. Globalization; 2. Health; 3. Governance; 4. Policy. Draws on faculty from a range of disciplines, including anthropology, biology, economics, history, medicine, political science, public policy, and sociology, to situate the concept and practice of ""global health"" within these four broad themes. This course introduces students to the primary governmental, intergovernmental, private, and civil society actors in global health, and provides an understanding of current issues in global health policy, including the political economies of health care, decision-making processes, governance structures, and the resource-constrained realities of global health policy-making.",100,6,"Environment, Health, and Policy",0.28555876,7.731207,p00795|p00460|p00462|p00800|p00803
p00805,Part 10: Majors and Courses,Course Descriptions,GLHLTH 305 Biological Basis of Disease (4 credits),289,"This course covers the basics of the structure and function of major organ systems of the human body in health and disease. The course is geared towards any students who are interested in learning more about how the human body works, how disease develops, and how mind-body connections can alleviate the progression of a disease process.",56,1,Natural Science and Computation,1.2381849,6.354403,p00986|p00603|p00596|p00803|p00581
p00806,Part 10: Majors and Courses,Course Descriptions,GLHLTH 306 Evolution of Health and Disease (4 credits),289,"Covers evolutionary approaches to understand human health and disease at a global scale. Integration of evolutionary thinking and medical science provides new insights to a wide array of medical issues including obesity, cancer, allergies, and mental illness. Evolutionary perspectives reveal why some pathogens are more harmful than others, shed light on the origins and spread of infectious diseases in humans, and help in controlling antibiotic resistance. Evolutionary approaches provide insights as to why we age and provide solutions to alleviate human health problems that often differ from modern medical practice. Course will place these perspectives in the context of global health challenges.",102,6,"Environment, Health, and Policy",-0.30911505,6.1561503,p00589|p00595|p00384|p00795|p00697
p00807,Part 10: Majors and Courses,Course Descriptions,GLHLTH 307 Global Mental Health (4 credits),289,"Course examines global mental health from perspectives of culture, public health, epidemiology, human rights, policy, and intervention. Readings in the course focus on peer-reviewed research literature highlighting topics such as the prevalence of mental health disorders worldwide, the role of culture in mental health, and the interventions backed by strong evidence for prevention and treatment. Students will discuss and critique study methodologies and explore the needs for future research in this emerging field. Course is designed for students with prior research methods and psychology coursework.",85,0,Politics and Global Affairs,0.514019,7.530571,p00798|p00801|p00804|p00795|p00460
p00808,Part 10: Majors and Courses,Course Descriptions,"GLOCHALL 201 Global Challenges in Science, Technology, and Health (4 credits)",290,"As the second common core course for DKU students, this course is designed to engage students in an exploration of global challenges in science, technology, and health. Students will attend to the general features of global challenges and the aspects of human nature and society that render these challenges so problematic. While students will investigate in common a number of discrete challenges, they will also work collaboratively in teams to investigate a global challenge, communicate effectively about it to a wide audience, and propose interventions. The course is animated by DKU’s mission to prepare students to work collaboratively and wisely to confront global challenges with imagination and rigor.",108,2,Media and Arts,4.4517145,10.4142065,p00047|p00299|p00232|p00795|p00048
p00809,Part 10: Majors and Courses,Course Descriptions,HIST 20 Basic Art History (4 credits),291,Credit for Advanced Placement on the basis of the College Board examination in art history.,15,7,"Credits, Load, and Grading",7.437265,4.989837,p00571|p00811|p00730|p00810|p00982
p00810,Part 10: Majors and Courses,Course Descriptions,HIST 21 World History (4 credits),291,Credit for Advanced Placement on the basis of College Board examination in World History,14,7,"Credits, Load, and Grading",7.436076,5.0904326,p00811|p00812|p00809|p00769|p00879
p00811,Part 10: Majors and Courses,Course Descriptions,HIST 23 American History I (4 credits),291,Credit for Advanced Placement on the basis of College Board examination in American History (score of 4 or 5) or equivalent,21,7,"Credits, Load, and Grading",7.5087414,5.0572715,p00810|p00812|p01167|p00809|p01060
p00812,Part 10: Majors and Courses,Course Descriptions,HIST 25 European History I (4 credits),291,Credit for Advanced Placement on the basis of College Broad examination in European History (score of 4 or 5) or equivalent,21,7,"Credits, Load, and Grading",7.460386,5.0953856,p00811|p00810|p01167|p00769|p00873
p00813,Part 10: Majors and Courses,Course Descriptions,HIST 101 Ancient Chinese History (4 credits),291,"This course examines the origin stories of Chinese civilization as found in the historical documents and archeological evidence from the Warring States period. Students use primary source material and historical evidence to interpret the theories of Confucius, Mozi, Laozi, Zhuangzi, and Han Feizi in their historical, social and political contexts, with special regard to the their understanding of the state, the role of government, the military, and civil education. The course then examines the attempts to forge a unified empire, finally achieved under the Qin, and the subsequent policies of the Han dynasty that aimed to make the unified empire last. The course involves visits to local archeological sites where relevant.",111,4,"China, History, and Culture",0.6291049,12.025937,p00815|p00990|p00652|p00788|p00850
p00814,Part 10: Majors and Courses,Course Descriptions,HIST 102 Medieval Chinese History (4 credits),291,"This course examines what Hu Shi has called the “Indianization” of China. It traces the import of Buddhist ideas, values and practices from India and central Asia, and their impact on Chinese society, religion and politics. It examines the notion of China as multireligious, multiethnic empire and considers the transition from political diversity in the Six Dynasties period to renewed unity in Sui and Tang dynasties. With Chang’an (Xi’an) as the capital of a culturally rich and diverse China, the course examines the impact of a newly discovered inner-Asian cosmopolitanism on Tang aristocracy, culture, religion and politics.",97,4,"China, History, and Culture",0.64912504,11.733131,p00772|p00788|p01137|p00815|p00684
p00815,Part 10: Majors and Courses,Course Descriptions,HIST 103 Premodern Chinese History (4 credits),292,"The course introduces the foundations of modern China from the Song Dynasty up through the late imperial period (about 1800 CE to 1911). It will cover the major historical events, developments, and trends -- social, political, economic, philosophical, literary, cultural, multi-ethnic, and China’s relations with the other regions. The main focus of the course will be on primary sources, which include dynastic histories, historical biographies, novels, folktales, satires, poetry, contracts, ritual manuals, diaries, letters, scientific treatises, philological studies, and court debates. This course will take an interdisciplinary approach, integrating history with literary studies, philosophy, and anthropology, in order for student to better understand these texts in their historical context.",109,4,"China, History, and Culture",0.7348207,11.995466,p00813|p00788|p00652|p00850|p00640
p00816,Part 10: Majors and Courses,Course Descriptions,HIST 104 American History to 1876 (4 credits),292,"This course will survey the history of the present-day United States from precolonial times (pre 1500) to 1876. This was a tumultuous era of American, and world history, fraught with conquest and enslavement, revolutions and civil wars, mass migrations and democratization. This course will particularly investigate indigenous societies, European colonization and African slavery, the American Revolution and the founding of the US nation-state, social movements, sectional conflicts, expansionism and the American Civil War, as well as the reconstruction of American democracy in the wake of the Civil War. Throughout, the course will emphasize the place of the US in global history, the growth of American capitalism, tensions between race and democracy, and the various contributions of women, slaves, merchants, planters, Native Americans, and workers to American culture and politics.",129,0,Politics and Global Affairs,1.0358214,10.277847,p00817|p01071|p00557|p01186|p01084
p00817,Part 10: Majors and Courses,Course Descriptions,HIST 105 American History from Reconstruction to the Present (4 credits),292,"This course will survey the history of the United States, from the downfall of Reconstruction (1877) to the present day. Globally, this era was marked by industrialization, the consolidation and collapse of colonial empires, World Wars, socialist revolutions, decolonization, and the emergence of the United States as the world’s pre-eminent geopolitical and economic power. This course will investigate America’s place within these global transformations. It will explore the rise of America’s industry and the expansion of its frontiers (both within and beyond North America). It will explore the impact of immigrants from across the world upon American society. It will explore America’s role in two World Wars and the global Cold War. It will also examine the shifts in American politics, from the expansion of women’s rights, labor rights, and African American rights, to the New Deal and Neo-Conservatism, to Barack Obama and Donald Trump.",145,0,Politics and Global Affairs,0.96179795,10.232951,p00816|p01085|p01088|p01071|p01064
p00818,Part 10: Majors and Courses,Course Descriptions,HIST 106 Art History 1 (4 credits),293,"Rather that aiming at a comprehensive survey, this course offers an introduction to key moments in the intersection of history, politics and visual art in the world before 1900s. It places art in a global context, highlighting themes from European, Asian, African and Indigenous art and focuses on art as the exercise of cultural power, and the way that artists have both promoted and resisted these entanglements with elite authority. In each case studied, students will gain sufficient historical background to understand the art in question, but will also engage in the comparative study of art to highlight issues of power, religion, class, and gender.",105,0,Politics and Global Affairs,2.2296383,11.681268,p00842|p00965|p00843|p00948|p00839
p00819,Part 10: Majors and Courses,Course Descriptions,HIST 107 Gandhi and Moral Leadership (4 credits),293,"Central to Mohandas Karamchand Gandhi’s thought and activism was the principle of “moral force.” It formed the basis of his unique method of activism, satyagraha (quest for truth), his concept of non-violence, his life-style choices including vegetarianism, his idea of religion and politics, state-building and economics. This course explores the various meanings of the “moral force” in Gandhian thought and examines its salience within the history of the political milieu – especially, anti-colonial movements in India that he belonged to. This course also discusses the legacies of Gandhi and the relevance of his “moral force” for the twenty-first century world.",100,0,Politics and Global Affairs,0.42153144,10.546316,p00357|p00756|p00700|p01134|p00826
p00820,Part 10: Majors and Courses,Course Descriptions,HIST 108 Shanghai Nightscapes: A Nocturnal History of the City (2 credits),293,"This interdisciplinary course combining the fields of history, sociology, urban studies and urban ethnography examines Shanghai, China’s most modern and dynamic city since the 19th century, through the lens of its nighttime leisure pursuits. It explores how the city’s nightlife has contributed to its identity and image as a global cosmopolitan metropolis.",52,4,"China, History, and Culture",0.49180004,12.20475,p00420|p00837|p00344|p00829|p00543
p00821,Part 10: Majors and Courses,Course Descriptions,"HIST 109 Everyday Maoism in Objects: Revolution, Culture, and Life (2 credits)",293,"This course explores everyday life in Maoist China through the perspective of material culture. Objects, such as the Red Book, Mao badges, propaganda posters, statues, and wall paintings, were produced in and of importance to the Mao era. Everywhere in people’s daily life, these objects constituted a crucial component of the social, economic, and political order under Mao. Drawing on the combination of archival sources, digital materials, and secondary literature, this course looks at the creation, transformation, and implication of Maoist material objects and their connections to contemporary China. Students have opportunities to sharpen their writing and analytical skills through a series of innovative writing assignments.",106,4,"China, History, and Culture",0.95731443,12.130096,p00788|p00963|p00652|p00421|p00843
p00822,Part 10: Majors and Courses,Course Descriptions,HIST 110 Historical Perspectives on Contemporary Global Issues (4 credits),293,"This course takes a comparative historical approach to contemporary global issues in various temporal and geographical contexts. Students will focus on issues that emerged in the modern era and may include such topics as terrorism and national security, environmental protection and degradation, resource distribution and trade, health and welfare, and cultural and religious diversity. Students explore the nature of historical change and continuity and will apply historical methods of research and analysis as they investigate the formation and development of particular global issues. The specific case studies and themes in the course will vary by term and instructor.",98,0,Politics and Global Affairs,0.71222144,10.559454,p00823|p00360|p00834|p00838|p00833
p00823,Part 10: Majors and Courses,Course Descriptions,HIST 111 Ancient Roots to Global Routes (4 credits),294,"This course explores the nature of historical change and continuity between the pre-modern era and our current era of global connectivity, taking students from ancient roots to global routes. Instead of a chronological survey, the focus is on broad subjects that cut across fields, regions, and periods. Students will have multiple opportunities to apply historical and interdisciplinary methods of research and analysis to investigate the formation and development of particular global issues, and compare historical and contemporary perspectives on these issues. Topics will vary by term and instructor.",88,0,Politics and Global Affairs,0.7353747,10.658149,p00822|p00834|p00360|p00698|p00790
p00824,Part 10: Majors and Courses,Course Descriptions,HIST 112 History of the Indian Ocean World (4 credits),294,"The Indian Ocean world encompasses a vast geographical area from the East African coasts to the islands of South China Sea. As the oldest site of “globalization”, people and commodities moving across this ocean had played key roles in the spread of religion, highroads of commerce, and geo politics of empire. Taking the period between 2500BCE and 1900CE as our point of reference we will study, the various approaches employed by historians towards writing the history of the Indian Ocean world. We will learn the various ways of thinking of Indian Ocean as a region and to periodize it.",99,0,Politics and Global Affairs,0.66651636,11.177923,p00827|p00356|p00445|p00358|p00700
p00825,Part 10: Majors and Courses,Course Descriptions,"HIST 113 Peoples and Cultures of Ancient South Asia, 3500BCE-1750CE (4 credits)",294,"Peoples of South Asia have produced one of the oldest and ever evolving cultures of the world. This course will survey the history of the region from the earliest times to the eve of European conquest. We will learn the historical development of various religious traditions, the state formation processes, and the socio-political institutions that are foundational to South Asian history. In tracing the development of agrarian and urban societies, economic and ecological transformations, formation of various ethnic/religious/linguistic identities and inequalities, we will pay special attention to South Asia’s interactions with the wider world.",94,4,"China, History, and Culture",0.78837,11.270035,p00826|p00836|p00834|p00772|p00860
p00826,Part 10: Majors and Courses,Course Descriptions,HIST 114 Modern South Asia (4 credits),294,"South Asia, the most populous part of the world, also boasts of the most diverse population. We will learn the history of modern South Asia through an exploration of South Asian society in under British colonial rule and the problems of South Asia’s post-coloniality. Topics will include colonial extraction, racism, communal warfare, casteism, anti-colonial struggles, trade unionism, women’s movements and anti-caste movements. Finally, keeping in mind that people did not form any monolithic category, we will study the varying nature of people’s identities and resistances, and their position in the imperial formation and the nation state.",96,4,"China, History, and Culture",0.95252067,11.346701,p00825|p00836|p00772|p00834|p00437
p00827,Part 10: Majors and Courses,Course Descriptions,"HIST 115 Brides of the Sea: Trading Cities in the Indian Ocean World, 200BCE to 2000CE (2 credits)",295,"Seaborne trade linked the port cities of the Indian Ocean World and Southeast Asia to each other and the world beginning as early as 200BCE. Our class will examine the rise and fall of Asia and Africa’s coastal trading cities; the transcultural character of Indian Ocean trading entrepot; the life of merchants; labor migration; and cultural and religious exchange. Student will explore ancient and modern networks of interconnections through group projects on one or more of the global commodities that animated Asian trade, such as silk, slavery, cinnamon, opium, rubber, prostitution, nutmeg, palm oil, bird’s nests, black pepper, etc.",99,4,"China, History, and Culture",0.5913036,11.1788,p00824|p00855|p00846|p00698|p00356
p00828,Part 10: Majors and Courses,Course Descriptions,HIST 116 Mughal India Through the Eyes of European Travelers (2 credits),295,"This course will survey the history of one of the greatest empires in Indian history, the Mughal empire through the lens of European travel writing between the fifteenth and eighteenth centuries. Some of the questions we will explore are: How are European travelogues important sources for studying Indian history? Is European perspective on Indian society monolithic or is there a variety of European perspectives? Apart from introducing basic history of Mughal India, the course will explore themes such as early Orientalism and the history of the early modern world.",89,0,Politics and Global Affairs,1.0800958,11.263283,p00448|p00833|p00358|p00834|p00700
p00829,Part 10: Majors and Courses,Course Descriptions,HIST 117 Sounds and the Chinese City: Live Music Scenes in Urban China (2 credits),295,"This interdisciplinary course explores the live music scenes of cities in China today and the history of those scenes over the past century. Focusing on the urban space of the live house featuring jazz, blues, rock, hip hop, electronica, and DJs, we will delve into these scenes and styles of music. Major topics touched upon in this course include globalization, localization, creative cultures and industries, and musical communities and scenes. Cities covered in this course will include Beijing, Shanghai, Kunshan, and Suzhou. Writing assignments will focus on analyzing particular scenes based on research and observations.",95,4,"China, History, and Culture",1.1617112,12.137031,p00963|p00820|p00787|p00420|p00815
p00830,Part 10: Majors and Courses,Course Descriptions,HIST 118 The American Empire,295,"Is the United States an empire? It once colonized the Philippines but then distanced itself from colonial empire at the end of World War II. Ever since, it has wielded power through its overseas military base network and its system of alliances with foreign countries. The objective of this course to engage in a thoughtful, informed discussion about how Americans have interacted with the larger world, and how other peoples have grappled with U.S. power. Students will be asked to formulate their own conclusions about the nature of U.S. power by reading and assessing a variety of scholarly interpretations.",99,0,Politics and Global Affairs,0.8985822,10.34068,p01071|p01064|p01088|p01080|p00555
p00831,Part 10: Majors and Courses,Course Descriptions,HIST 121 Pan-Africanism: Global Story of an American Idea (2 credits),295,"Pan-Africanism began as an idea among ex-slaves and antislavery reformers in America, who believed that Africans and people of African descent across the world had common histories, common experiences, and common struggles against various forms of racism and marginalization.",39,0,Politics and Global Affairs,1.286096,10.755712,p00832|p00887|p00880|p00699|p01163
p00832,Part 10: Majors and Courses,Course Descriptions,HIST 121 Pan-Africanism: Global Story of an American Idea (2 credits),296,"Pan-Africanism, which meant different things to different people, would go on to influence numerous intellectuals and social movements, from Negritude poets to African/Caribbean Independence and the American Civil Rights Movement. This course would survey the growth of this idea in a variety of facets, by looking at is influence upon history-writing, philosophy, poetry, political thought and social movements.",58,0,Politics and Global Affairs,1.4437406,10.756962,p00831|p00887|p00880|p00699|p00701
p00833,Part 10: Majors and Courses,Course Descriptions,HIST 201 Methods of Historical Research (4 credits),296,"This course offers an introduction to theories, methods and approaches to historical inquiry and research including the use of archives, the interpretation of visual and textual documents, and the recording of oral histories. Students will be exposed to both the humanist and the social scientific approaches to historical research, as well as broader theoretical questions of history and historiography. As such, students learn what is history, how is it made, and what constitutes valid scholarly approaches to historiography. Students will apply their learning by conducting original historical research on a topic of their own choosing and writing a research paper.",100,0,Politics and Global Affairs,1.7273688,11.083548,p00822|p00690|p00854|p00823|p00507
p00834,Part 10: Majors and Courses,Course Descriptions,HIST 202 World History and Global Interactions (4 credits),296,"This course offers a survey of the history of the world, by which is meant a historical overview of major processes and interactions in the development of human society since its early development some 60,000 years ago, going beyond the fundamental questions and concerns of area studies (such as East Asian studies, South Asian studies). In explaining the large scale processes such as empire building, commerce and religious practices, this course will show how various forms of human interactions, especially migration played a key role. This course will provide deep historical understanding for some of the pressing issues of the contemporary world such as migration, globalization, and imperialism.",108,4,"China, History, and Culture",0.826915,10.8328495,p00825|p00822|p00836|p00823|p00700
p00835,Part 10: Majors and Courses,Course Descriptions,"HIST 203 America in Asia, Asians in America (4 credits)",296,"This course explores the intersection between foreign relations and the evolution of American society, with a focus on Asian-Americans in different moments of history. It is divided into three main historical eras and themes: (1) the early period of Chinese emigration and the building of American railroads until the Exclusion Acts; (2) Japanese-American society before and after Pearl Harbor; (3) Chinese Americans in modern American science, engineering, and innovation. Through the use of representative cases, the course trains students to understand the lives of Asian Americans in relevant historical, cultural and political contexts.",93,4,"China, History, and Culture",0.83024526,10.913468,p00886|p01064|p00555|p00699|p00787
p00836,Part 10: Majors and Courses,Course Descriptions,HIST 204 Asia in World History (4 credits),296,"Asia as the largest continent of the world comprises of 30 percent of world’s land surface and 60 percent of the world’s population. But what are the parameters for understanding Asia as a unified, identifiable place? Was there ever an Asian identity in history? Is this identity cultural, economic, political or a mix of all three? Since, all identities are formed in relation to other identities, was an Asian identity formed in reaction to other forms of existing identities in the world? Taking the period between 500 CE and 1950CE as the point of reference, this course exams the above questions in reaching an understanding of what are the various ways and the various historical moments in which we can think of Asia as a shared space amongst an extremely diverse population. Moreover, the course will discuss whether the historical processes that went into the creation of Asian identities were world historical in nature, or in other words, whether these processes had any effect in shaping the histories of societies both within Asia and outside of Asia. This course will aim at developing skills to evaluate to what extent we are “Asian,” “global” or otherwise and provide a foundational knowledge to interact with people and institutions within Asia and then the world.",212,4,"China, History, and Culture",0.9013503,11.345833,p00825|p00834|p00826|p00894|p00772
p00837,Part 10: Majors and Courses,Course Descriptions,HIST 205 Shanghai: From Treaty Port to Global Metropolis (4 credits),297,"Since the late 19th century, Shanghai has emerged as the leading metropolis in China in many respects. It has served as the breeding grounds and model for the social, political, economic and cultural modernization, and urbanization of China over the century that followed. Through a combination of lectures, readings, film screenings, field trips, and research projects, this course explores the history of Shanghai and connects the colorful legacy of the treaty port era (1842-1943) with the re-emergence of Shanghai as a global metropolis since the 1990s. While focusing mainly on those two eras, which have been the subjects of the bulk of scholarship in the emerging field of “Shanghai Studies,” we also examine the relatively neglected history of Shanghai prior to the 1840s, as well as the Mao Years of 1949-1976 when Shanghai became a bastion for the violent politics of the Cultural Revolution.",144,4,"China, History, and Culture",0.18058763,12.021509,p00820|p00543|p00331|p00684|p00774
p00838,Part 10: Majors and Courses,Course Descriptions,HIST 206 World History in Seven Meals (2 credits),297,"This course offers a study of global history using food as a central focus. The course will center on a series of meals as case studies to examine broader themes, such as human environmental modification and exchange, the role of trade and migration in human history, the powerful influence of identity, and the gendered nature of labor roles in food production and preparation. Students will focus on these themes in various regional and national contexts to identify global patterns in the development of food cultures, and to engage in comparative analyses.",91,0,Politics and Global Affairs,0.80038625,10.698494,p00834|p00698|p00691|p00822|p00823
p00839,Part 10: Majors and Courses,Course Descriptions,HIST 207 History of Media Art (4 credits),297,"The course addresses New Media Art as a specific art historical movement, focusing on technologies, forms, thematic content, and conceptual strategies. While the term, new media art only became in the late nineties the established label for a broad range of artistic practices that exploit new media technologies, many new media artists are profoundly aware of their historical antecedents, making reference to Dada, Pop Art, Conceptual Art, Performance Art, and Fluxus. To understand new media art in a historical context, we will consider the history of technology and media sciences that plays an equally important role in this art’s formation and reception. The course thus studies the invention of information technologies and a range of human-machine paradigms that impact the landscape of art history, including cybernetics, network, augmented reality, Biomedia, and ubiquitous computational technology.",134,2,Media and Arts,2.5899267,12.057189,p00961|p00943|p00685|p00503|p00505
p00840,Part 10: Majors and Courses,Course Descriptions,HIST 208 America Fractured (4 credits),298,"Many commentators have observed that the sense of national community in the United States has declined over the past several decades. In the eyes of some critics, as political debate has polarized and as wealth has concentrated, the nation’s commitment to community responsibility, eroded by such forces as identity politics and market-based individualism, has shrunk to ever-smaller circles. This course will explore the so-called “Age of Fracture” in recent U.S. history, paying close attention to debates among public thinkers on both the political right and the political left. The course uses this material to teach students the basics of academic writing.",101,0,Politics and Global Affairs,0.93693465,10.032153,p01071|p00817|p00816|p00733|p00556
p00841,Part 10: Majors and Courses,Course Descriptions,HIST 209 Refugees and War since 1914 (4 credits),298,"The twentieth century was a time of major transformations in the way war was waged. In particular civilians were targeted and suffered from direct military and police action in such a way as to produce tidal waves of displaced persons. This course follows these refugees, seeking shelter from violence, in wartime and after. In this inquiry, we attend to the voices of refugees themselves. We focus on the terrifying threats they encountered, the actions they took, and their flight and fate during and after war. We then show the interaction between refugees and agents of empathy, those private or public actors who helped protect and restore the dignity of these victims of war.",113,0,Politics and Global Affairs,0.45266846,10.349394,p00695|p00686|p00856|p00353|p00449
p00842,Part 10: Majors and Courses,Course Descriptions,HIST 210 Global Art History (4 credits),298,"Art has been a part of every society since recorded history. How have the arts told stories about civilizations, ethnicities, communities and peoples? How have the arts evolved and circulated across the globe? The arts provide vital narratives in our understandings of each other as our cultures have both clashed and shared over time. This course asks these questions by focusing on visual arts across cultures not with the aim of comprehensive coverage, but representation of key issues in the interpretation of art. Students will learn how to interpret art from a critical perspective in terms of its relation to broader social, cultural and political dynamics.",106,2,Media and Arts,2.544539,11.370626,p00818|p00948|p00503|p00512|p00969
p00843,Part 10: Majors and Courses,Course Descriptions,HIST 217 Ancient and Imperial Chinese Art (4 credits),298,"This survey course covers art in a variety of contexts from the foundations of Chinese civilization until the end of the imperial period in 1912 including tomb artifacts, religious images and statuary, court art, crafted objects and the painting and calligraphy of the literati. A number of themes may be addressed, such as the cross-cultural transmission of ornamentation and iconography, the ideal of scholar-amateur, the skills and techniques of the professional artisan and the connoisseurship and circulation of fine objects.",80,4,"China, History, and Culture",1.3942904,12.144079,p00965|p00818|p00821|p00815|p00656
p00844,Part 10: Majors and Courses,Course Descriptions,HIST 220 Global Media History (4 credits),298,"This course explores the emergence and development of different communication media in a broad social and cultural context. From the ancient Asian typewriters to modern Social Networking Service (SNS), media operate in relation to particular social, economic, and technological conditions.",40,4,"China, History, and Culture",2.5197086,12.331885,p00959|p00683|p00845|p00943|p00685
p00845,Part 10: Majors and Courses,Course Descriptions,HIST 220 Global Media History (4 credits),299,"This course will aid students in their efforts to make sense of how communications processes have mediated and shaped our interactions with each other as well as our understanding of the world. It does so by examining specific instances of media communications in a number of key cases observed in world history and by showing how technological innovation in media communications has led to new social, cultural, and political forms.",70,2,Media and Arts,2.8153305,12.252469,p00973|p00683|p00844|p00960|p00685
p00846,Part 10: Majors and Courses,Course Descriptions,HIST 301 China in Global Perspective 1: China and the Silk Roads World: 500-1500 (4 credits),299,"This course introduces the rich and diverse world of trade, religions, and cultures that connected the two ends of the Eurasian world. It starts with survey of Han and Roman trade contacts, and Chinese connections with India via Buddhism, focusing on 7th-15 centuries CE. It examines global interactions produced by the land-based silk routes, including the coming of Islam and Nestorian Christians to China, and travelers to China during the vast Mongol Empire including Marco Polo, It also documents the opening of maritime silk routes through the voyages of the Chinese admiral Zheng He to Africa at the beginning of the 15th century.",103,4,"China, History, and Culture",0.6618201,11.299254,p00827|p00422|p00855|p00834|p00698
p00847,Part 10: Majors and Courses,Course Descriptions,HIST 302 China in Global Perspective 2: The Internationalization of Modern China (4 credits),299,"This course studies how foreign relations have shaped modern China from the Opium War to Alibaba. Topics include commercialization, militarization, and industrialization in the making of the modern state; the international education of Chinese at home and abroad; foreigners in China; the international evolution of Chinese enterprise under capitalism and socialism; the People’s Republic and the socialist world economy of the 1950s and 1960s; the “international development of China” as conceived by Sun Yat-sen, and the birth of the modern infrastructure state; the Chinese diaspora and the re-opening of China after 1978; contemporary China’s state-led and private investments abroad and the emergence of a Chinese global citizenry.",107,4,"China, History, and Culture",-0.5256999,11.179658,p00775|p01058|p01080|p00788|p00850
p00848,Part 10: Majors and Courses,Course Descriptions,HIST 303 China and the US Comparative 1: The United States and China in War and Revolution (4 credits),299,"This course looks at the Chinese-American alliance during World War II from multiple perspectives. What did the partners in this anti-Japanese alliance have in common? What was the level of their mutual understanding? What was the role of key decision-makers in Chongqing, Washington, and Yanan? How did the various actors imagine Chinese-American relations after the war? What can we learn from a Chinese-American alliance that was at once successful and fragile?",71,4,"China, History, and Culture",-0.031889692,11.250533,p00851|p01080|p00835|p01074|p01064
p00849,Part 10: Majors and Courses,Course Descriptions,HIST 304 China and the US Comparative 2: The World of Universities in China and the United States (4 credits),299,"The Unites States is home to many of the world’s leading universities, at present. China has developed the fastest growing system of higher education—in quality as in quantity—in the world. What are the strengths and weaknesses of these systems, each of which is very diverse? How can we best compare admissions systems? Governance systems? Research results? And Educational outcomes? What can each system learn from the other?",67,5,University Policy and Transfer Credit,6.7449913,9.662218,p00004|p00007|p00012|p00015|p00425
p00850,Part 10: Majors and Courses,Course Descriptions,HIST 305 Special Topics in History of Chinese Institutions (4 credits),300,"This special topics course focuses on the historical development of a specific set of institutions in China, such as the evolution of health care, social welfare, military organizations, or child and family institutions over time. In so doing the course provides an opportunity for students to dive deeply into the historical evolution of institutions as a way to understand the development of modern China in a specific sphere. In this way students gain a deep, specialized knowledge in the history of a particular area, and then demonstrate how that knowledge can be applied more broadly to better understand the historical evolution of modern Chinese society.",105,4,"China, History, and Culture",0.29680008,12.037894,p00815|p00652|p00778|p00788|p00684
p00851,Part 10: Majors and Courses,Course Descriptions,HIST 306 The United States and China in War and Revolution (4 credits),300,"This course looks at the Chinese-American alliance during World War II from multiple perspectives. What did the partners in this anti-Japanese alliance have in common? What was the level of their mutual understanding? What was the role of key decision-makers in Chongqing, Washington, and Yanan? What was the experience of this alliance from the perspective of ordinary soldiers and the civilians they encountered? How did the various actors imagine Chinese-American relations after the war? What can we learn from a Chinese-American alliance that was at once successful and fragile?",89,4,"China, History, and Culture",0.16045669,11.244215,p00848|p01080|p00835|p01064|p01074
p00852,Part 10: Majors and Courses,Course Descriptions,HIST 307 Cold War America (4 credits),300,"This course explores the nearly 50 year conflict between the superpowers of the US and USSR and considers the domestic impact of America’s “cold war” against communism. It assesses both the ideological clash and the economic conflict between capitalism and state control. Topics include the development of the atomic bomb, George Kennan’s “containment” strategy, the moon race and military and technology competition and the key historical developments such as the Korean War and the Cuban Missile Crisis, as well as relations with China and US influence in Third World countries.",90,0,Politics and Global Affairs,-0.3370325,10.803941,p01074|p01083|p01080|p00817|p00830
p00853,Part 10: Majors and Courses,Course Descriptions,HIST 308 Immigration and the American Experience (4 credits),300,"This course studies immigrants and immigration policy in the United States from 1850 to the present, with a focus on the origins and power of immigrant exclusion during three waves of migration: Northern European and Asian migrations between 1850 and 1880; Eastern European, Latin American, and Asian migrations, 1880-1920; and Latin American, African, and Asian migrations, post 1965. The course examines the roles of immigrants in shaping policy debates, citizenship rights, labor movements, and American culture, past and present. The course also considers migration patterns and policies in comparison to other major immigrant destinations.",94,0,Politics and Global Affairs,0.8363861,10.486366,p01108|p00835|p01148|p00816|p00817
p00854,Part 10: Majors and Courses,Course Descriptions,HIST 311 Documenting Durham and the New South (4 credits),300,"The course trains students to document and represent Durham past and present with digital media. Students learn how to digitize historical and cultural materials, research in archives and public records and present information through various forms including web pages, databases, maps, video and other media. In addition to producing digital representations of historical materials, students learn more broadly how to think about and analyze the social impact of new representations of place and space.",74,2,Media and Arts,2.7338607,11.522804,p00967|p00945|p00833|p00685|p00963
p00855,Part 10: Majors and Courses,Course Descriptions,HIST 312 Southeast Asia and the Rise of Global Trade (4 credits),301,"Southeast Asia, located at the center of the seaborne Silk Road, is one of the great global crossroads of economic and cultural exchange. For two thousand years it’s been a magnet for merchants, missionaries, pilgrims, adventurers, and mercenaries from India and China, the Middle East, and eventually from Europe. Globalization is sometimes thought to be a feature of modernity, but in Southeast Asia global cultures have been mixing for millennia. This course begins with the peopling of Southeast Asia, the rise of global trading entrepot, and concludes in the 16th C. with the dawn of European colonization.",97,4,"China, History, and Culture",0.53832376,11.159797,p00827|p00698|p00846|p00859|p00361
p00856,Part 10: Majors and Courses,Course Descriptions,HIST 314 Writing the History of War (4 credits),301,"This course examines the literary and visual representations of war and mass violence in comparative and historical perspective. Remembering war means remembering suffering and death, and discourses of mourning during and after war come in many forms. Students will identify how war generates complex and divergent narratives that shape collective memories of mass violence in the past and influence the use of militarized violence in the present.",67,0,Politics and Global Affairs,0.94218975,10.468668,p00858|p00841|p00903|p00833|p01066
p00857,Part 10: Majors and Courses,Course Descriptions,HIST 316 The Modern Regulatory State (4 credits),302,"Much of the policymaking that structures our world emerges not from Congress or the courts, but from regulatory institutions. This course outlines the historical origins and evolution of modern regulatory institutions, focusing on the Western European and North American experience, from the nineteenth century to the present. For our purposes, “regulatory institutions” include not only public agencies, commissions, bureaus, and boards, but many quasi-public and private entities as well. As this course will reveal, these varied institutions have complex relationships with the businesses, organizations, and individuals whom they hope to regulate, as well as with legislatures, presidential administrations, and the courts. Course readings and discussions will incorporate a wide range of disciplinary perspectives, and include a discussion of the recent “revolt” against regulation.",123,6,"Environment, Health, and Policy",-0.51017255,8.768111,p01115|p01127|p01067|p00488|p00493
p00858,Part 10: Majors and Courses,Course Descriptions,HIST 317 The Global First World War (4 credits),302,"This course examines the upheaval of the 1914-18 war in a global perspective. The course deals with the origins, conduct and consequences of war in Europe, Asia, Africa and the Middle East, and on the revolution of violence that occurred during the war and which spilled over to the post war years 1918-23. Topics may include social and cultural trends alongside military encounters and diplomatic developments that transformed the world.",70,0,Politics and Global Affairs,0.787892,10.453449,p00856|p00822|p00451|p00903|p00841
p00859,Part 10: Majors and Courses,Course Descriptions,HIST 410 The Spice Race: How the Spice Trade shaped our World (4 credits),302,"Before the Industrial Revolution, the global economy was driven by spices, and other rare and exotic commodities, many sourced from Asia. The global competition to acquire and monopolize spices— the “Spice Race”— was a great engine for world history and economic development from c. 1250-1800. It made “spiceries”, like Southeast Asia, centers of global trade and cultural exchange. This trade expanded the power of Asia states; drove European exploration; inspired scientific research; and became a key driver for the European colonization of Asia, and the world. The “Spice Race” provides a fascinating lens on our modern economic and political order.",100,4,"China, History, and Culture",0.5539072,11.215498,p00361|p00855|p00827|p00698|p00846
p00860,Part 10: Majors and Courses,Course Descriptions,HIST 411 Seeing History from the Mountains and the Seas: Ethnographic histories of Asia (4 credits),302,"History is told from the perspective of nation-states and their people. This class reverses this practice, asking: “What does history look like from an outsider’s perspective?” Asia is home to 2,500,000 square kilometers of mostly interconnected mountain lands. The upland people living there have long been outside of state control. On the opposite spectrum are boat-dwelling sea nomads who rarely set foot on land, and follow migrating sea life across national boundaries. How do sea and mountain people understand history? Their own? And the nations around them? Our class will introduce and utilize ethnographic approaches to historical study and analysis.",100,0,Politics and Global Affairs,0.91513157,11.151765,p00834|p00363|p00836|p00824|p00825
p00861,Part 10: Majors and Courses,Course Descriptions,HIST 412 Global Labor History (4 credits),303,"What is the profile of the worker of the world? Though there are sophisticated social histories of the Global South, the overwhelming majority of works in labor history dwells on the figure of a white, male, free, waged worker of the Global North. This course challenges such a myopic conceptualization of the worker. Taking the world between 1700 CE and 2000 CE as the point of reference, it examines interdisciplinary approaches to study the social history of work and workers. It presents a far more diverse figure of the worker, and her/his subjectivity through the lens of a global understanding of institutions of control and oppression such as commerce, gender and race.",112,0,Politics and Global Affairs,0.89823353,10.221286,p00688|p00363|p00698|p00834|p00898
p00862,Part 10: Majors and Courses,Course Descriptions,INDSTU 391: Independent Study,304,"Individual non-research directed study in a field of special interest arranged on a special topic by an instructor with related interests and expertise, under the supervision of a faculty member, resulting in a significant academic product. Consent of instructor required.",40,2,Media and Arts,4.487865,9.819502,p01129|p00149|p00070|p01182|p01184
p00863,Part 10: Majors and Courses,Course Descriptions,INFOSCI 102 Computation and Problem Solving (4 credits),305,Computation and Problem Solving is recognized as a key skill set for all 21st century learners. This course will focus on the key aspects of computational thinking: Tasks as a series of steps (algorithms); Problem solution at many levels of detail (abstraction); Solving large problems involves breaking it down into a set of smaller problems (decomposition); New problems are likely related to other problems the learner has already solved (pattern recognition); Solutions to a problem may be used to solve a whole range of similar problems (generalization).,87,1,Natural Science and Computation,3.2741702,6.111407,p00660|p00996|p00311|p00864|p00581
p00864,Part 10: Majors and Courses,Course Descriptions,"INFOSCI 103 Computation, Society & Culture (4 credits)",305,"A wide-ranging survey of how computational media forms enable us to imagine and re-invent our help us to understand, interpret, and represent the past, negotiate present-day challenges, and build the future. Objects of computational exploration and analysis considered in this course will come from the sciences, education, industry, the arts, and entertainment, with the goal of understanding how computational methods cut across traditional disciplinary boundaries, and how advances in one area affect development in another. The course also includes study of the social, ethical, and cultural consequences of digitization, automation, artificial intelligence, and the globalized information and communication systems facilitated by computation.",102,2,Media and Arts,3.3941884,6.4612336,p00311|p01153|p00839|p00282|p00845
p00865,Part 10: Majors and Courses,Course Descriptions,INFOSCI 104 Digital Design ( (4 credits),305,"This course provides an introduction to design as a critical and creative practice within the context of computational domains. Topics covered include concepts in graphic and information design, including synergies, resonances, and contradictions between mathematical and artistic approaches and traditions. The course also includes an introduction to design thinking as a trans disciplinary phenomenon encompassing iterative development cycles, structured and emergent behaviors, divergent thinking, and transferable methods. The emphasis will be on both scientific and artistic approaches to knowledge production, creativity, and communication, and how cross functional project teams can work together in generative and productive ways.",97,2,Media and Arts,3.6026413,10.718514,p01147|p00976|p00954|p00864|p00658
p00866,Part 10: Majors and Courses,Course Descriptions,"INFOSCI 112: Googlization of Knowledge: Information, Ethics, and Technology (2 credits)",305,"This course focuses on the causes of human behavior related to critical thinking and the development of specific literacies – digital, data, visual, media, and technology – and the ways that social structures apply to finding, evaluating, and effectively using different types of information. In this course, students will develop analytical skills to examine the political and societal factors that influence literacy skills as they relate to information – its creation, availability, and application. We will examine the ethical, economic, and political issues inherent in the use and regulation of technology as they apply to the access and production of information.",101,2,Media and Arts,2.8024235,12.071246,p00845|p01125|p00864|p01192|p00973
p00867,Part 10: Majors and Courses,Course Descriptions,INFOSCI 201 Interaction & Physical Computing (4 credits),306,"Interaction & Physical Computing is a course that explores the object-oriented programming and physical computing for artists and designers. Through looking at development environments such as Processing and Arduino, paired with physical components such as the Kinect, Leep Motion and sensors, we will explore how to create various interfaces and systems that bridge the virtual and physical worlds. We will explore key concepts such as Input/Output, Interface, Interaction, etc. through course work, familiarizing students with digital tools and prototyping methods. This is an entry level computation class, no programming or hardware experience or prerequisites required.",95,1,Natural Science and Computation,3.8238661,6.412006,p00667|p00664|p00318|p00976|p00957
p00868,Part 10: Majors and Courses,Course Descriptions,INFOSCI 206 Urban Data Visualization and Communication Methods (2 credits),306,"This course focuses on digital visualization and communication methods which can be used to represent and describe place and its changes. Through lectures, laboratory exercises, and experiential learning, students will learn a series of digital technologies, including ESRI ArcGIS, CartoDB, Microsoft Excel, Microsoft Access, and MassGIS. Students will use these software programs to analyze, interpret, and present spatial and demographic patterns of different phenomena. The overarching goal of this course is to improve students’ spatial reasoning abilities and to help them master data visualization and communication skills.",87,2,Media and Arts,3.7541175,6.3485236,p00667|p00869|p00957|p00854|p01177
p00869,Part 10: Majors and Courses,Course Descriptions,INFOSCI 302 Introduction to Geographical Information Science (4 credits),306,"Geographic Information Science, or GIS, is concerned with the scientific study of geographic information. This course offers an introduction to methods of describing, managing, and processing geographic information. We will explore the nature of geographic information, data models and structures for geographic information, geographic data input, data manipulation, spatial analytic and modeling techniques, and error analysis. This class is helpful for students wishing to apply GIS within numerous disciplines.",69,1,Natural Science and Computation,3.6624773,6.248993,p00868|p00332|p00318|p00674|p00364
p00870,Part 10: Majors and Courses,Course Descriptions,INSTGOV 490 Senior Seminar: Advanced Topics (4 credits),307,This seminar is a core component of the interdisciplinary major in Institutions and Governance. Students will apply to interdisciplinary topics the knowledge and methods of analysis that they have gained in different disciplines. Students will re-connect with the broader community of faculty and students in their major and further develop their capacities to translate between their areas of expertise and the larger questions and issues that apply across a variety of disciplines. The seminar will foster the ability to see their disciplinary knowledge from a wider perspective and to apply it flexibly. Specific topics will vary. This seminar is required for all seniors in the major. Other students may enroll with the permission of the instructor.,116,2,Media and Arts,4.0623016,9.32888,p01188|p01187|p00706|p00705|p00766
p00871,Part 10: Majors and Courses,Course Descriptions,INTGSCI 101: Integrated Science 1 (4 credits),308,"This course focuses on the concept of energy and its relevance for explaining the behavior of natural systems. The conservation of energy and the transformations of energy from one form to another are crucial to the function of all systems, including familiar mechanical devices, molecular structures and reactions, and living organisms and ecosystems. By integrating perspectives from physics, chemistry, and biology, this course helps students see both the elegant simplicity of universal laws governing all physical systems and the intricate mechanisms at play in the biosphere. Topics include kinetic energy, potential energy, quantization of energy, energy conservation, cosmological and ecological processes.",101,1,Natural Science and Computation,1.1151727,5.235508,p01010|p00872|p00616|p01016|p00621
p00872,Part 10: Majors and Courses,Course Descriptions,INTGSCI 102: Integrated Science 2 (4 credits),308,"This course focuses on the collective behavior of systems composed of many interacting components. The phenomena of interest range from the simple relaxation of a gas into an equilibrium state of well-defined pressure and temperature to the emergence of ever increasing complexity in living organisms and the biosphere. The course provides an overview of some fundamental differences between traditional disciplines as well as indications of how they complement each other some important contexts. Topics include thermodynamic (statistical mechanical) equilibrium, fundamental concepts of temperature, entropy, free energy, and chemical equilibrium, driven systems, fundamentals of biological and ecological systems.",97,1,Natural Science and Computation,1.1826844,5.2889605,p00871|p01015|p00603|p00626|p00618
p00873,Part 10: Majors and Courses,Course Descriptions,ITALIAN 25 Advanced Intermediate Italian (4 credits),309,Credit for Advanced Placement on the basis of the College Board Examination in Italian.,14,7,"Credits, Load, and Grading",7.378843,4.9234557,p00879|p01166|p00731|p00767|p00769
p00874,Part 10: Majors and Courses,Course Descriptions,ITALIAN 101 Italian 101 – Beginning Italian 1 (4 credits),309,"This is the first course in the beginning level Italian sequence. There are many reasons to study Italian: Italy’s artistic, cultural, gastronomic and literary heritage all combine to making study of Italian a good choice. The course, mainly conducted in Italian, integrates traditional pedagogical goals of speaking, reading, and writing the language with a commitment to help students to acquire strategies to become an effective independent language learner. There is no prerequisite.",72,3,Language and Communication,4.989502,11.73244,p00770|p01181|p01183|p01184|p01182
p00875,Part 10: Majors and Courses,Course Descriptions,JAPANESE 23 Intermediate Japanese (4 credits),310,Credit for Advnced Placement on the basis of the College Board Examination in Japanese.,14,7,"Credits, Load, and Grading",7.391758,4.9548526,p01166|p00873|p00879|p00731|p00769
p00876,Part 10: Majors and Courses,Course Descriptions,JAPANESE 101 Beginning Japanese 1 (4 credits),310,"This is the first course in the beginning level Japanese sequence. It is conducted in a seminar style, and emphasizes giving students abundant opportunities to consistently and systematically use Japanese to communicate. It also has independent-learning elements which will help students become better self-learners and acquire a special set of skills that are pertinent to their own interests. Preparation before each session is expected and crucial for student success in this course. There is no prerequisite.",76,3,Language and Communication,5.0524907,11.820846,p00877|p00878|p00770|p01181|p00633
p00877,Part 10: Majors and Courses,Course Descriptions,JAPANESE 102 Beginning Japanese 2 (4 credits),310,"This is the second course in the beginning level Japanese sequence. It is conducted in a seminar style, and emphasizes giving students abundant opportunities to consistently and systematically use Japanese to communicate. It also has independent-learning elements which will help students become better self-learners and acquire a special set of skills that are pertinent to their own interests. Preparation before each session is expected and crucial for student success in this course.",72,3,Language and Communication,5.0146084,11.844617,p00876|p00878|p00770|p01181|p00633
p00878,Part 10: Majors and Courses,Course Descriptions,JAPANESE 102 Japanese 201 – Intermediate Japanese 1 (4 credits),310,"This is an intermediate Japanese course. In the classes, students will consistently and systematically use Japanese to communicate. To successfully do that, students will need to spend time to prepare for each of class meeting. Students will have detailed guidelines that describe what to do before each meeting but students are responsible for actually completing those tasks. This course is also designed to help students learn to become more effective independent language learners through a combination of group meetings and individual sessions.",82,3,Language and Communication,5.033122,11.77472,p00877|p00876|p01181|p00632|p00633
p00879,Part 10: Majors and Courses,Course Descriptions,LATIN 25 Introduction to Literature (4 credits),311,Credit for Advanced Placement on the basis of the College Board Examination in Latin.,14,7,"Credits, Load, and Grading",7.4746685,4.9626937,p01166|p00873|p00731|p00769|p00767
p00880,Part 10: Majors and Courses,Course Descriptions,LIT 105 The Epic of America (the novel) (4 credits),312,"This course introduces a range of works from the US canon that engage the concept of travels in relation to the themes of race and slavery, gender and sexuality, and citizenship and empire. Through reading some great American novels, we will explore travels and mobility from pre-Civil War to modern America, and from the slave-holding south to multiracial and multicultural metropolises both within and beyond the US borders. By drawing connections between these great American novels, we will discuss how they collectively cross and challenge national, geographical, and political boundaries of the color line––and importantly––how they resonate with Duke Kunshan University’s core concept of “rooted globalism.”",106,0,Politics and Global Affairs,1.3192493,10.709879,p01186|p00699|p00555|p00686|p01088
p00881,Part 10: Majors and Courses,Course Descriptions,LIT 106 American Otherness and Otherness in America (4 credits),312,"The United States of America is founded on the idea of universal equality with respect to moral worth and fundamental rights. This radical idea, which had no precedent in history, has always been fundamental to America’s self-understanding and to its singular place in the community of nations. And yet, the concept of “otherness” has never been far from the surface in American political and cultural life. An official ideology of equality has never been able to eliminate real inequalities and exclusions that have produced, for some, feelings of entitlement or special distinction, and for many others, feelings of solitude, exclusion, or powerlessness. A sense of singularity, non-belongingness, apartness, or exceptionalness characterizes many of the most distinctive aspects of American culture. This tension between what America claims to stand for— a harmonious society in which everyone has equal moral worth and equal rights—and the reality of daily life for those who feel for whatever reason that they stand apart from the whole will be the subject matter of this course. This subject will be approached by reading foundational texts in which the ideology of equality is articulated, and by considering a wide range of other materials in which this ideology is explored, tested, or challenged.",204,0,Politics and Global Affairs,0.65824497,9.572674,p00994|p00755|p01069|p00410|p01068
p00882,Part 10: Majors and Courses,Course Descriptions,LIT 107 From Data to Narrative: A Workshop in Non-fiction Writing (2 credits),312,"In our daily lives we are overrun with data, endless bits of information about our environment, health, location, preferences and social contacts. Walter Benjamin has decried this as a modern condition of being bombarded with data, but with no ability or effort to synthesize it into the narrative form in which humans can process and intake it. This course will explore the genre of non-fiction writing as a means to effectively communicate various forms of data. Readings will include examples of leading non-fiction writers such as Sven Lindqvist in cultural studies and history, and Simon Singh in science. The course will also cover basic conventions of citation and reference. Students will practice researching and writing historical, biographical or other fact-based information into narrative form. During the term, student will also workshop their own researched narrative piece.",136,2,Media and Arts,2.7933314,11.037768,p00901|p00690|p00854|p01191|p01198
p00883,Part 10: Majors and Courses,Course Descriptions,LIT 108 Love and Dreams on the Chinese Stage (2 credits),313,"From the fourth century BCE onwards, the device of the dream has allowed Chinese writers, performers and intellectuals to explore social transgression and other liminal states of being. We will examine dreams in wide array of texts from Zhuangzi to the plays of Tang Xianzu and Dream of the Red Chamber in order to understand core humanistic concerns such as love (qing) and the futility of earthly desire and ambition. With a focus on kunqu, students will engage with Chinese drama (original or in translation) both in recording and by visiting live performances.",93,4,"China, History, and Culture",1.188524,12.152642,p00640|p00420|p00513|p00656|p00788
p00884,Part 10: Majors and Courses,Course Descriptions,LIT 109 Writing Stories for Children (2 credits),313,"When children are captivated by a story, what elements draw their attention? What stories from our childhoods do we remember for years to come, and why? This course explores writing stories specifically for children from both creative and critical perspectives. We learn to analyze and employ literary techniques and devices like point-of-view, imagery, plot, rhyme, and more. In addition to developing our argumentative writing skills through close reading, we also write and revise our own children’s stories. The course culminates in a special event in which we print and share these stories with their intended audience – children.",98,2,Media and Arts,3.2921557,11.087635,p00958|p00514|p00974|p01191|p00907
p00885,Part 10: Majors and Courses,Course Descriptions,LIT 110 The Art of the Interview (2 credits),313,"The interview is a vital research tool that crosses forms of media and academic disciplines. However, it can be difficult to know how to conduct a good interview. How does an interview succeed or fail, and who is its audience? Can the interview be an artform in itself? This course explores interviews in various contexts, including popular culture, to analyze the audience expectations and research implications of interviews. Students will build argumentative writing skills by analyzing interviews. They will also conduct a series of interviews themselves, gaining experience as interviewers and interviewees.",92,2,Media and Arts,3.516804,11.436454,p01192|p00968|p00978|p00979|p00951
p00886,Part 10: Majors and Courses,Course Descriptions,LIT 201 Asian-American Arts and Letters (4 credits),313,"This course examines the history of Asian-descent literature including fiction, memoir, poetry, drama) and, to a lesser extent, expressive cultures (film, martial arts, music) with special emphasis on Chinese America. Topics include broad themes of cultural identity, memory and belonging, gender and class, as well as specific issues of the relationship between diaspora communities in the US and national cultures in Asia. Texts are placed within the context of the history of Asian American acclamation, focusing on tensions between cultural assimilation into mainstream America and the pressure to maintain distinctive cultural identities.",92,4,"China, History, and Culture",1.2562262,11.387448,p00894|p00787|p00699|p00835|p00906
p00887,Part 10: Majors and Courses,Course Descriptions,LIT 202 African American Literature and Culture (4 credits),313,"This course examines the history of African narrative, drama, poetry, and such expressive arts as the sermon, the political address, and popular music. Narratives are placed in the context of the history of slavery, emancipation and the continuing struggle for civil rights. Topics include: questions of self-identity and American citizenship; the reception of African American literature overseas; the construction of pan-African identities and politics; literature of the African American diaspora; and the concept of home. Students will gain a cross-cultural understanding of the African American experience and its ongoing significance in American life and politics.",95,0,Politics and Global Affairs,1.6078378,10.9213705,p00832|p00880|p00816|p00886|p01185
p00888,Part 10: Majors and Courses,Course Descriptions,LIT 203 Reading Empire (4 credits),314,"We are familiar with categories such as Anglophone and Francophone that describe literature written in English and French outside of England and France, respectively. We are, however, less acquainted with Sinophone and Japanophone literature as objects of study. What the various – phone literatures have in common is the depiction and contestation against the imperial centers from the peripheries. Ranging from a variety of fictional and theoretical texts, films, and images, this course examines the histories, languages, and philosophies of literatures that challenge the logic of imperialism not just in name, but also in its social, political, economic, and cultural legacies.",101,0,Politics and Global Affairs,1.39287,11.450654,p00784|p00453|p00894|p00656|p00905
p00889,Part 10: Majors and Courses,Course Descriptions,LIT 204 Online Novels and the Chinese Public Sphere (4 credits),314,"Online literature constitutes the largest readership and a booming economy in China today. Popular genres include science fiction, urban leisure, martial arts, historical fiction and horror. Successful online novels have millions of followers and are often turned into games, TV dramas and feature films. Subscribers are free to comment on the websites and the fictions they host. How do we understand the proliferation and success of this online literature and its relation to the public sphere? By analyzing the content and the form of online literature in China, the class examines the popularity of online fiction and its socio-economic conditions.",100,4,"China, History, and Culture",1.5272186,12.0976515,p00656|p00642|p00641|p00455|p00774
p00890,Part 10: Majors and Courses,Course Descriptions,LIT 205 American Lyric Across Borders (poetry) (4 credits),314,"After Whitman and Dickinson’s Romantic call to the world beyond U.S. borders, this course turns to the controversy between the rootedness of Frost, William Carlos Williams, and Langston Hughes and the internationalism of Stevens, Eliot, H.D. (including the Sino-philia of Pound), both of which can also be seen as belated forms of Romanticism. Possible attention to later explorers of such issues as Robert Duncan, Gwendolyn Brooks, Sylvia Plath, and Frank O’Hara; to the populist challenge of song lyric (blues, tin pan alley, folk, rock, hip-hop); or to the problems of translation and translatability.",93,0,Politics and Global Affairs,1.5114665,11.044765,p00880|p00892|p00559|p00888|p00453
p00891,Part 10: Majors and Courses,Course Descriptions,LIT 206 Early Literatures from Colonization to Revolution (4 credits),314,"Columbus and other narratives of European exploration, conquest, and settlement; the interplay of Puritan literature (Bradford, Winthrop, Wigglesworth, Mather, Bradstreet), Native oral traditions, Phyllis Wheatley’s poetry, and early captivity narratives; the pre-revolutionary novel (Rowson, Foster, C.B. Brown); and the revolutionary texts (The Federalist Papers).",44,0,Politics and Global Affairs,1.6249741,10.748381,p00892|p00901|p00887|p00902|p01186
p00892,Part 10: Majors and Courses,Course Descriptions,LIT 207 The American Renaissance and Its Rivals (4 credits),315,"A course on the major antebellum prose writers (Emerson, Thoreau, Melville, Hawthorne), the storytellers of enslavement (Douglass, Jacobs, Equiano, Brown) and Native displacement (Child, Sedgwick), and the poetry (Whitman before and after the war, Dickinson, possibly late Melville) that ensued.",40,0,Politics and Global Affairs,1.7188518,10.776235,p00891|p00887|p00901|p00884|p00890
p00893,Part 10: Majors and Courses,Course Descriptions,LIT 208 From Cool Japan to the Korean Wave: Popular Culture from East Asia (4 credits),315,"The hegemony of American popular culture notwithstanding, cultural products from Japan and South Korea are becoming significant players in the globalization of culture. From the de Disneyfied anime to the hybridized R&B K-pop, these cultural products challenge American cultural domination, and inspire alternate forms of aesthetics, participation and enjoyment. This course examines the historical formation of Japanese and Korean popular culture, focusing on their contested cultural meanings at the national, regional, and global scales. Some of the issues we will consider include: cultural imperialism, fandom, the role of the state and the development of cultural industry, representations of race and gender, capitalism and transnationalism.",104,4,"China, History, and Culture",1.4669162,11.785572,p00509|p00784|p00886|p00456|p00783
p00894,Part 10: Majors and Courses,Course Descriptions,LIT 209 Critical Inter-Asia: Rethinking Local and Global Connections (4 credits),315,"This course considers a variety of literary texts from the perspective of the nexus of cultures and societies in Asia. It emphasizes critical, transnational and interdisciplinary perspectives on two or more Asian cultures and their interactions in the world. In addition to providing the critical theoretical tools to analyze the production and reception of inter-Asian texts, the course will cover a representative variety of texts including history, literature, current affairs, cinematic, visual, and pop-cultures. By framing these texts in their local, regional, and global contexts, a comprehensive critical analysis will be developed.",92,4,"China, History, and Culture",1.2482277,11.448797,p00886|p00453|p00788|p00906|p00656
p00895,Part 10: Majors and Courses,Course Descriptions,LIT 210 Robots and Monsters: Unruly Human Creations in World Literature (4 credits),315,"What if humans had the power to create intelligent life. What would they do with that power? What would such creatures be like? These questions have captivated the imagination of storytellers for thousands of years. Prometheus stole the power to create life from the Greek gods. The Rabbi of Prague brought a clay creature to life with magical incantations. Frankenstein accomplished it with science on the operating table. And computer programmers try to build such creatures with AI technology. In stories, the end is always the same: the creature gets out of control, it threatens its creator and needs to be subdued. In this course, we will read stories of human effort to bring to life their own creations. We will discuss the literary features of such fantastical creations as the Golem, Frankenstein’s monster, Androids and AI. Over the term we will come to appreciate the human desires and fantasies associated with this figure, and ask what these robots and monsters can tell us about our own humanity.",168,1,Natural Science and Computation,1.616961,9.621898,p00457|p00995|p00680|p00025|p00972
p00896,Part 10: Majors and Courses,Course Descriptions,LIT 211 Politics and Literature (4 credits),316,"In the past, the poet was regarded, not as an antipolitical bohemian nor as a political partisan, but rather as a wise teacher who could help us to understand the drama of human life as a whole and the drama of political life in particular. The goal of this course is to investigate the nature of politics and human nature by studying a number of masterpieces of classical literature. As we study these works, we will consider such themes as the equality of the sexes, democracy and aristocracy, science and politics, religion and politics, love and politics, and ambition and politics.",101,0,Politics and Global Affairs,1.7114769,9.8518305,p00899|p00457|p00992|p01164|p00897
p00897,Part 10: Majors and Courses,Course Descriptions,LIT 212 Survival of the Fittest: Stories of Endurance and Extinction in World Literature (4 credits),316,"For centuries, one story in particular – “the survival of the fittest” – has influenced how individuals and communities make sense of their struggles. Challenges of ethnic rivalry and culture clashes, disease and immunity, commerce and poverty, even natural disasters and the threat of human extinction, all have been explained according to this “law of nature.” This course surveys a range of literary works and cultural figures that have produced the power of this story in world literature and culture. From Shakespeare to Yuval Noah Harrari, the course analyzes the perils and possibilities that this story holds for our human future.",101,0,Politics and Global Affairs,1.4815302,9.700451,p00588|p00896|p00680|p01158|p00686
p00898,Part 10: Majors and Courses,Course Descriptions,LIT 213 Literature and Global Citizenship (4 credits),316,"What does it mean to be a global citizen? What can literature reveal about the social, cultural, and ethical dimensions of an increasingly interconnected world? What modes of critique, formations of belonging, and possibilities for conceptualizing the world —and one’s place in it— does of literature offer? Through a variety of texts, paired with perspectives drawn from literary criticism as well as sociology, anthropology, and philosophy, this interdisciplinary course will explore the possibilities as well as tensions inherent in differing conceptions of both the ‘globe’ and of ‘citizenship’.",88,0,Politics and Global Affairs,0.9588104,10.284079,p00993|p00698|p01088|p00686|p00687
p00899,Part 10: Majors and Courses,Course Descriptions,LIT 214 Introduction to Literary Research Writ Large (4 credits),316,"Where does the meaning of a text come from: the author, the reader, the style? Why are the philosophical, historical, political and aesthetic contexts important for reading literature? What is the relationship between literature and society, arts and politics, form and content? This course takes a global approach to questions of text and meaning, and includes a representative diversity of traditions and theorists of literature and aesthetics. The aim is to equip students with the tools to be attentive readers of literature and text.",84,2,Media and Arts,2.35336,11.085186,p00896|p00572|p00656|p00842|p00894
p00900,Part 10: Majors and Courses,Course Descriptions,LIT 215 Self-Making in the American Imagination (4 credits),316,"Mega-stars like Steve Jobs and Beyoncé and key political and cultural figures like Abraham Lincoln and Anne Bradstreet are all routinely described as “self-made”. The American belief that individuals achieve financial, political and social success exclusively on their own is crucial to understanding the U.S. and its impact on the world. This course looks at the historical origins of self-making and its cultural representations from the colonial era to the present. It prepares students to understand how the theme of self-determination shapes culture, identity and politics in the U.S. and in how Americans often engage with other cultures and countries.",100,0,Politics and Global Affairs,1.0604569,10.1852665,p00555|p00556|p01064|p00817|p01186
p00901,Part 10: Majors and Courses,Course Descriptions,LIT 301 The Realist Moment (4 credits),317,"This course focuses primarily on realism (Howells, James, Gilman, Harper, Johnson), naturalism (Dreiser, Norris, Crane), and regionalism (Twain, Jewett, Chopin, Chesnutt) during the rise of consumer-managerial capitalism, first-wave feminism, and Jim-Crow Reconstruction. Possible attention to early utopian fiction (Adams, Bellamy, Gilman, Howells) or the impact of journalism (Dreiser, Crane, Henry Adams, Jane Addams, and the muckrakers) on fiction.",58,0,Politics and Global Affairs,1.8549578,10.742223,p00902|p00903|p00905|p00882|p01164
p00902,Part 10: Majors and Courses,Course Descriptions,LIT 302 America’s Novel Modernity (4 credits),317,"This course is focused on the fiction, primarily the novel, that distinguishes the American literary response to the phenomena of “modernity” in the 1920s and 1930s: modernization, urbanization, the rise of consumer and finance capitalism, the Harlem Renaissance and “New Negro” Movements, the anti-immigration and Indian citizenship acts, the press of ethnic upward mobility, and the European literary experimentation called “modernism,” the world-entailing crash of the U.S. stock market. To be drawn from the works of: Stein, Cather, Wharton, Fitzgerald, Hemingway, Dos Passos, Larsen, Toomer, Schuyler, Hurston, Barnes, Hammett, Roth, McKay, Faulkner, DiDonato, Steinbeck.",94,0,Politics and Global Affairs,1.6388024,10.773461,p00901|p00817|p00903|p01186|p00560
p00903,Part 10: Majors and Courses,Course Descriptions,LIT 303 The Literary Arts of the Cold War (4 credits),317,"This course focuses on the fictional, theatrical, cinematic, poetic, and new-journalist representation of the Cold War and its “Hot” manifestations (the Korean and, especially, the Vietnam War, as well as the violent turns in U.S. Radicalism). From the rise of postmodernism and the Beat era (Kerouac, Ginsberg, O’Connor, Williams, Miller) through treatments of the Civil Rights Movement, the New Left, and various manifestations of the Counter Culture (Eastern religions, the sexual revolution, communes, Afro-naturalism, Rowan and Martin’s Laugh-In), especially the anti-War Movement and Black Protest movements, to whatever of the 1970s (belated Vietnam films, feminist impact, etc.) works for closure.",100,0,Politics and Global Affairs,1.5913128,10.77526,p00901|p00902|p00701|p00880|p00560
p00904,Part 10: Majors and Courses,Course Descriptions,LIT 304 The Center Stage of Ethnic and Women’s Writing (4 credits),317,"Women’s, ethnic, and especially ethnic women’s writing from the breakthroughs of Walker, Morrison, Hong Kingston, Bambara, Silko, Joan Chase, and Paule Marshall to the glory days of Erdrich, Naylor, Alvarez, Cisneros, Anzaldúa, Jen, Kogawa, Adrienne Kennedy, Suzan-Lori Parks, and—of course—Morrison again, along with their male dissenters and allies, such as Ishmael Reed, Charles Fuller, Tony Kushner, Charles Johnson, Chang-Rae Lee, Oscar Hijuelos, Richard Rodriguez, David Henry Hwang, Junot Diaz, and Ron Hansen.",72,0,Politics and Global Affairs,1.6786761,11.021518,p00903|p00560|p00902|p00908|p00906
p00905,Part 10: Majors and Courses,Course Descriptions,LIT 305 The U.S. and the Contemporary Global Imagination (4 credits),318,"This course treats issues of the globe in the U.S. and the U.S. in the globe, as imagined in both Maximalist fiction of various orders (DeLillo, Wallace, Silko, Butler, Delaney, Chabron) and the auto-ethnographic and multicultural contact novel (Morrison, Lee, Cole, Díaz, Shteyngart, Adichie, Hoessini, Hamid, Beatty, Whitehead) centered in the multicultural U.S.--as well as whatever global anglophone writing (Sebald, Mitchell, Coetzee), the graphic novel (Speigelman, Satrapi, Sacco, Eisner, Bechdel, the Hernandez brothers), or serial television (The Sopranos, The Wire,",80,0,Politics and Global Affairs,1.7217848,10.834329,p00880|p00901|p00560|p00902|p01186
p00906,Part 10: Majors and Courses,Course Descriptions,LIT 306 Melodrama East and West (4 credits),318,"This course examines melodrama as a genre in literature and as a mode of representation in film and other media. In examining representative works the course pays attention to key issues in cultural theory, including: gender construction, class formation, racial recognition, and national identity-building. The course places equal emphasis on texts from US and Chinese cultures and uses a comparative method to explore the politics of cross-cultural representation in both societies, leading to a critical understanding of how China is represented in US melodrama, and vice-versa.",86,4,"China, History, and Culture",1.4851867,11.62171,p00886|p00894|p00788|p00787|p00656
p00907,Part 10: Majors and Courses,Course Descriptions,LIT 307 Digital Storytelling (4 credits),318,"This course introduces the theory, method, and practice of digital storytelling. Students will learn to analyze digital storytelling in various media forms and modes of production, and evaluate the cultural impact of new media narratives. They will explore digital storytelling affordances including text, video, audio, design, animation, and interactivity. Students will gain hands-on experience developing digital narratives and creating digital critiques. No specific digital media authoring experience is required.",69,2,Media and Arts,2.9457211,11.614268,p00961|p00960|p00945|p00974|p00949
p00908,Part 10: Majors and Courses,Course Descriptions,LIT 308 American Icons (4 credits),318,"A study of the works and dramatized presence of any number of iconic figures on America’s cultural stage, which varies each term according to the expertise of the instructor. The course could have a pre-Revolutionary focus, treating semi-mythic figures such as Bradford, Wild Bill Hickock, Pocohantas, Morton, Adams and Hamilton. It might look at mid-19th century such as Andrew Jackson, Sitting Bull, Abraham Lincoln, John Brown, Fanny Fern, Thomas Dartmouth Rice, “Little Eva,” “Stagger Lee,” and “John Henry.” Or it will focus on more recent icons, from Teddy Roosevelt, Harry Houdini, Bessie Smith, Louis Armstrong, Duke Ellington, Valentino, and Mae West in the early decades to Billie Holiday, Frank Sinatra, and Judy Garland (to cite only the singers) at mid-century to Kennedy, Malcolm X, and Martin Luther King in the sixties (to cite only the politicos) or even Madonna, Tupac, Gaga, Beyoncé and Kendrick Lamar (back to the musicians). A study of the interplay among their arts, their celebrity personae, and their impact on ethnic, national, and international scenes.",169,0,Politics and Global Affairs,1.6447957,11.145657,p00904|p00906|p00887|p01185|p00903
p00909,Part 10: Majors and Courses,Course Descriptions,MATSCI 201 Fundamentals of Materials Science (4 credits),319,"This is the introductory lecture class for sophomore students in Materials Science at Duke Kunshan University. This course is an introduction to topics fundamental to materials science: structure, bonding, and thermodynamics. Bonding is the foundation of structure, and the structure provides constraints on the thermo-dynamic properties of materials. These topics are intimately related and are required for a full understanding of materials' synthesis, fabrication, and processing.",66,1,Natural Science and Computation,1.2323459,4.2943363,p00624|p00912|p01020|p00627|p00913
p00910,Part 10: Majors and Courses,Course Descriptions,MATSCI 202 Mathematical Method for Materials Science (4 credits),319,"This course focuses on providing students with mathematical knowledge to understand structure property relationship in materials. The course will be based on “Advanced Calculus for Applications”, which is a textbook designed for undergraduate students with interests in materials science and engineering. Topics include: Number Systems and Algebra of Complex Numbers, Elementary Complex Functions, Analytic Functions, Complex Integrals, Taylor Series, Laurent Series, Differential Equations, etc.",64,1,Natural Science and Computation,1.5985187,4.469956,p00914|p00932|p01020|p00494|p00627
p00911,Part 10: Majors and Courses,Course Descriptions,MATSCI 301 Materials Synthesis and Characterization (Lab) (4 credits),319,"This lab course is designed to expose student to synthesis and characterization methods commonly used in materials science. Solution based methods, chemical vapor deposition, solid-solid reaction, SEM, TEM, x-ray diffraction RAMAN, IR, and electrochemical characterization will be the topics with which students will have hands-on experience.",46,1,Natural Science and Computation,1.1859881,4.5838737,p00621|p00615|p00627|p00619|p00617
p00912,Part 10: Majors and Courses,Course Descriptions,"MATSCI 302 Electronic, Optical and Magnetic Properties of Materials (4 credits)",319,"This course discusses the electronic, optical and magnetic properties of materials, and how the properties are related to their electronic and molecular structures. Specific examples of important materials will be discussed in the class, including materials for electronic devices, materials for electro-optical devices, optical fibers, solar cells and other devices. How the chemical composition and physical structure changes the properties at nanoscale will also be a major topic of discussion.",70,1,Natural Science and Computation,1.2695298,4.2904906,p00915|p00627|p00495|p01020|p00498
p00913,Part 10: Majors and Courses,Course Descriptions,MATSCI 303 Phase Transformations (4 credits),319,"The state of matter is dependent upon temperature, thermal history, and other variables. In this course the science of structural transitions is treated, with the purpose in mind of utilizing them for producing materials with superior properties. The subjects covered include the methods of structural analysis, solidification, solid state transformation, and order-disorder transition.",53,1,Natural Science and Computation,1.1804894,4.331914,p00909|p00627|p01020|p00618|p00914
p00914,Part 10: Majors and Courses,Course Descriptions,MATSCI 401 Mechanical Properties of Materials (4 credits),320,"The course will discuss the origin of mechanical properties in materials, mostly solid-state materials. Topics will include: continuum elasticity and plasticity, slip geometry and dislocation theory, Strengthening mechanisms in metals and alloys, thermal effects, creep, fracture and fatigue etc. This course will include basic mechanisms and engineering analysis.",48,1,Natural Science and Computation,1.3968234,4.424267,p01020|p00910|p00627|p00494|p01010
p00915,Part 10: Majors and Courses,Course Descriptions,MATSCI 402 Introduction to Nanoscale Functional Materials (4 credits),320,"The main purpose of this course is to introduce students to key concepts underlying the design, properties and processing of nanoscale functional materials, and how they are employed in practical applications. Fundamental chemical and physical principles underlying the properties of electronic, dielectric and magnetic materials will be developed in the context of metals, semiconductors, insulators, crystals, glasses, polymers and ceramics. Miniaturization and the nanotechnology revolution confront materials science with limitations and opportunities; examples in which nanoscale materials are different from our macro world experience will be explored.",87,1,Natural Science and Computation,1.232744,4.3410506,p00627|p00912|p01020|p00494|p00916
p00916,Part 10: Majors and Courses,Course Descriptions,MATSCI 403 Quantum Physics for Materials Science (4 credits),320,"This course is designed to meet the changing quantum mechanics needs in such areas as solid-state research, quantum electronics, materials science, etc. The course will explain multiparticle Hamiltonians, potential wells and how they apply to electrons in solids (solid state physics) as well as the harmonic potential and applications in solid state. The physics about low dimensional structures such as quantum wells/2-dimensional materials, nanowires and quantum dots will also be discussed.",71,1,Natural Science and Computation,1.4946148,4.4844346,p01020|p01011|p00621|p00915|p00627
p00917,Part 10: Majors and Courses,Course Descriptions,MATSCI 404 Polymers and Biomaterials (4 credits),320,"Polymer is one of the most widely used materials in our daily life, from the rubber tires to clothes, from photoresists in chip manufacturing to flexible electronics and smart sensors, from Scotch tapes to artificial tissues. This course teaches entry-level knowledge in polymer synthesis, characterization, thermodynamics, and structure-property relationship. Emphasis will be on understanding both chemical and physical aspects and polymer chain size/dimension that drive the molecular, microscopic and macroscopic structures and the resulting properties. We will discuss how to apply polymer designs to advance nanotechnology, electronics, energy and biotechnology. Case studies include thermodynamics of block copolymer thin films and their applications in nanolithography, shape memory polymers, hydrogels, and elastomeric deformation and applications.",113,1,Natural Science and Computation,1.1396422,4.2945266,p00627|p00909|p00915|p00502|p00497
p00918,Part 10: Majors and Courses,Course Descriptions,MATH 21 Introduction to Calculus I (4 credits),322,"Credit awarded on the basis of national/international examinations in mathematics such as College Board, International Baccalaureate, British Advanced Level.",19,7,"Credits, Load, and Grading",7.4062405,5.1443825,p00811|p01167|p00810|p00879|p00812
p00919,Part 10: Majors and Courses,Course Descriptions,MATH 101 Introductory Calculus (4 credits),322,"This course offers an introduction to Calculus, a subject that is the foundation for a large part of modern mathematics and has countless applications across the sciences and beyond. The course covers the fundamental Calculus concepts (limits, continuity, differentiation, integration) and explores related applications. The treatment of these concepts assumes no prior knowledge of Calculus. Recommended for students who have not had a previous (high-school level) Calculus course. Students who have had such a Calculus course are recommended to take MATH 105 instead.",83,1,Natural Science and Computation,2.4103055,4.946433,p00920|p00932|p00922|p00942|p00926
p00920,Part 10: Majors and Courses,Course Descriptions,MATH 105 Calculus (4 credits),322,"Calculus is the foundation for a large part of modern mathematics and has countless applications across the sciences and beyond. This course covers the fundamental Calculus concepts (limits, continuity, differentiation, integration) and explores related applications. The treatment of these topics is rigorous and it involves basic principles of mathematical logic and epsilon-delta language.",53,1,Natural Science and Computation,2.5254624,5.074152,p00919|p00932|p00922|p00942|p00926
p00921,Part 10: Majors and Courses,Course Descriptions,Prerequisite(s): Recommended for students who have had a previous (high-school level) Calculus,322,course. Not open to students who have credit for MATH 101.,11,7,"Credits, Load, and Grading",6.040481,7.705091,p00053|p00932|p00918|p00075|p00051
p00922,Part 10: Majors and Courses,Course Descriptions,MATH 201 Multivariable Calculus (4 credits),322,"Main topics of this course include vectors and vector functions, the geometry of higher dimensional Euclidean spaces, partial derivatives, multiple integrals, line integrals, vector fields, Green’s Theorem, Stokes’ Theorem and the Divergence Theorem.",33,1,Natural Science and Computation,2.3200421,4.8712664,p00935|p00939|p01011|p01010|p01174
p00923,Part 10: Majors and Courses,Course Descriptions,MATH 202 Linear Algebra (4 credits),323,"Systems of linear equations and elementary row operations, Euclidean n-space and subspaces, linear transformations and matrix representations, Gram-Schmidt orthogonalization process, determinants, eigenvectors and eigenvalues; applications.",25,1,Natural Science and Computation,2.6910787,5.2580853,p00929|p00927|p00938|p00367|p00928
p00924,Part 10: Majors and Courses,Course Descriptions,MATH 205 Probability and Statistics (4 credits),323,"This course serves as an introduction to probability theory and statistics. It covers basic concepts of the probabilistic description of independent events, some types of probability distributions that frequently arise, some statistical measures used to characterize probability distributions, the central limit theorem, common types of processes and the distributions they generate, the statistics typically employed for testing the explanatory power of a model or hypothesis.",65,1,Natural Science and Computation,2.480045,5.875988,p00925|p01171|p00378|p01172|p01174
p00925,Part 10: Majors and Courses,Course Descriptions,MATH 301 Advanced Introduction to Probability (4 credits),323,"Advanced introduction to basic, non-measure theoretic probability. Topics include random variables with discrete and continuous distributions. Independence, joint distributions, conditional distributions, generating functions, Bayes' formula, and Markov chains. Rigorous arguments are presented for the law of large numbers, central limit theorem, and Poisson limit theorems.",45,1,Natural Science and Computation,2.5238166,5.681701,p00924|p01171|p00378|p00942|p00936
p00926,Part 10: Majors and Courses,Course Descriptions,MATH 302 Numerical Analysis (4 credits),323,"Introductory course on numerical analysis. Topics include: Development of numerical techniques for accurate, efficient solution of problems in science, engineering, and mathematics through the use of computers. Linear systems, nonlinear equations, optimization, numerical integration, differential equations, simulation of dynamical systems, error analysis. Students are not allowed to take both MATH 302 and MATH 304 because of the content overlap. Students who are planning to major in Data Science should take MATH 304 instead, and those who have taken MATH 302 may not major in Data Science.",86,1,Natural Science and Computation,2.8708408,5.3111434,p00928|p01173|p00932|p00937|p00289
p00927,Part 10: Majors and Courses,Course Descriptions,MATH 303 ODE and Dynamical Systems (4 credits),324,"Theory of ordinary differential equations with some of the modern theory of dynamical systems. Topics include differential equations and linear systems of DEs, the general theory of nonlinear systems, the qualitative behavior of two-dimensional and higher-dimensional systems, and applications in various areas.",42,1,Natural Science and Computation,2.0945256,5.026643,p00284|p01022|p00935|p00290|p00922
p00928,Part 10: Majors and Courses,Course Descriptions,MATH 304 Numerical Analysis and Optimization (4 credits),324,"This course covers Gaussian elimination, LU factorization, Cholesky decomposition, QR decomposition, Newton-Raphson method, binary search, convex function, convex set, gradient method, Newton method, Lagrange dual, KKT condition, interior point method, conjugate gradient method, random walk, and stochastic optimization. Students are not allowed to take both MATH 302 and MATH 304 because of the content overlap. Students who are planning to major in Applied Math and Computational Sciences should take MATH 302 instead, and those who have taken MATH 304 may not major in Applied Math and Computational Sciences.",88,1,Natural Science and Computation,2.9065714,5.346036,p00926|p01173|p00367|p00937|p00275
p00929,Part 10: Majors and Courses,Course Descriptions,MATH 305 Advanced Linear Algebra (4 credits),324,"This course covers pseudo inverse, inner product, vector spaces and subspaces, orthogonality, linear transformations and operators, projections, matrix factorization, and singular value decomposition.",23,1,Natural Science and Computation,2.8773026,5.385827,p00928|p00923|p01174|p00922|p00662
p00930,Part 10: Majors and Courses,Course Descriptions,MATH 306 Number Theory (4 credits),324,"Divisibility properties of integers, prime numbers, congruences, quadratic reciprocity, number theoretic functions, simple continued fractions, rational approximations; contributions of Fermat, Euler, and Gauss.",23,1,Natural Science and Computation,2.726531,5.059902,p00289|p00282|p00934|p00932|p00922
p00931,Part 10: Majors and Courses,Course Descriptions,MATH 307 Complex Variable (4 credits),324,"Introduction to analysis of functions of complex variables. Topics include complex numbers, analytic functions, complex integration, Taylor and Laurent series, theory of residues, argument and maximum principles, conformal mapping.",29,1,Natural Science and Computation,2.1815045,4.9082284,p00942|p00935|p00910|p00284|p00922
p00932,Part 10: Majors and Courses,Course Descriptions,MATH 308 Real Analysis (4 credits),325,"The course discusses the defining properties of the real numbers, the topology of the real line and its subsets, and a rigorous development of single variable Calculus including limits, sequences and series of numbers, continuity, differentiability, sequences and series of functions, the power series representation of functions, and the Riemann integral, culminating in the Fundamental Theorem of Calculus. This is an abstract mathematics course with a heavy emphasis on proofs and formal arguments rather than on computations. Even though not strictly required, it is strongly suggested that students take MATH 201 or MATH 202 before taking MATH 380.",98,1,Natural Science and Computation,2.647785,4.97232,p00919|p00926|p00920|p00282|p00289
p00933,Part 10: Majors and Courses,Course Descriptions,MATH 316 Discrete Time Finance (4 credits),325,"This is an introductory course in mathematical models in ﬁnance, centered around the problem of pricing and hedging derivative securities. Due to the uncertainty inherent in the evolution of the stock market, the theory naturally involves probabilistic tools and structures such as conditioning, martingales and Markov processes. To focus on the main idea, we will work in discrete-time setting and a simple model so called binomial asset pricing model for most of the course. In addition, we will also discuss a foreign exchange model, an extension of the binomial model with a second currency and derives the Black-Scholes equation.",99,1,Natural Science and Computation,2.369047,6.0709877,p00725|p01056|p00287|p01171|p00925
p00934,Part 10: Majors and Courses,Course Descriptions,MATH 401 Abstract Algebra (4 credits),325,"An introduction to the principles and concepts of abstract algebra. Abstract algebra studies the structure of sets with operations on them. The course studies three basic kinds of ""sets with operations on them"", called Groups, Rings, and Fields, with applications to number theory, the theory of equations, and geometry.",49,1,Natural Science and Computation,2.7455132,5.050451,p00932|p00662|p00910|p00930|p00661
p00935,Part 10: Majors and Courses,Course Descriptions,MATH 403 Partial Differential Equations (4 credits),325,"Topics include heat, wave, and potential equations: scientific context, derivation, techniques of solution, and qualitative properties. Topics to include Fourier series and transforms, eigenvalue problems, maximum principles, Green's functions, and characteristics.",31,1,Natural Science and Computation,2.1469758,4.8340807,p00922|p01011|p01017|p00942|p01010
p00936,Part 10: Majors and Courses,Course Descriptions,MATH 404 Stochastic Modeling & Computing (4 credits),326,"Focusing on stochastic process and stochastic simulations. Topics include discrete-time and continuous-time Markov chains, Poisson processes and renewal theory, branching processes, generating random numbers and variates, Monte Carlo simulation, statistical analysis of simulation results, variance reduction techniques, etc.",38,1,Natural Science and Computation,2.5417943,5.739157,p01171|p01175|p00925|p01180|p00924
p00937,Part 10: Majors and Courses,Course Descriptions,MATH 405 Mathematics of Data Analysis and Machine Learning (4 credits),326,"Geometry of high dimensional data sets. Linear dimension reduction, principal component analysis, kernel methods. Nonlinear dimension reduction, manifold models. Graphs. Random walks on graphs, diffusions, page rank. Clustering, classification and regression in high- dimensions. Sparsity. Computational aspects, randomized algorithms. Students are not allowed to take both MATH 405 and STATS 302 because of the content overlap. Students who are planning to major in Data Science should take STATS 302 instead, and those who have taken MATH 405 may not major in Data Science.",83,1,Natural Science and Computation,2.9263916,5.4164944,p01173|p00928|p01174|p00926|p00367
p00938,Part 10: Majors and Courses,Course Descriptions,MATH 406 Mathematical Modeling (4 credits),326,"Introduction to techniques used in the construction, analysis, and evaluation of mathematical models. Individual modeling projects in biology, chemistry, economics, engineering, medicine, or physics. Mathematical techniques such as nondimensionalization, perturbation analysis, and special solutions will be introduced to simplify the models and yield insight into the underlying problems.",48,1,Natural Science and Computation,2.029817,5.3930125,p00941|p00935|p00603|p00285|p00525
p00939,Part 10: Majors and Courses,Course Descriptions,MATH 408 Differential Geometry (4 credits),326,"A first course to differential geometry focusing on the study of curves and surfaces in 2- and 3 dimensional Euclidean space using the techniques of differential and integral calculus and linear algebra. Topics include curvature and torsion of curves, Frenet-Serret frames, global properties of closed curves, intrinsic and extrinsic properties of surface, Gaussian curvature and mean curvatures, geodesics, minimal surfaces, and the Gauss-Bonnet theorem.",64,1,Natural Science and Computation,2.3386438,4.8412967,p00922|p00940|p00927|p01011|p00288
p00940,Part 10: Majors and Courses,Course Descriptions,MATH 409 Topology (4 credits),326,"Elementary introduction to topology. Topics include surfaces, covering spaces, Euler characteristic, fundamental group, homology theory, exact sequences.",17,1,Natural Science and Computation,2.3936515,4.860017,p00922|p00939|p00935|p01011|p00932
p00941,Part 10: Majors and Courses,Course Descriptions,MATH 410 Modeling Biological Systems (4 credits),327,"Students will determine the topics covered in this research seminar on mathematical methods for modeling biological systems based on their own research interests. Students will review mathematical methods of differential equations and probability, and discuss how to use mathematical techniques in development of models in biology. The seminar is highly interactive and students are expected to contribute to presentations and class discussions on individual research projects. In the first weeks of the course each student will work with the instructor to agree upon a substantial final individual student modeling project that the student will develop over the course of the class.",101,1,Natural Science and Computation,1.5800225,5.4539003,p00938|p00525|p00603|p00871|p00872
p00942,Part 10: Majors and Courses,Course Descriptions,MATH 450 Measure and Integration (4 credits),327,Introduction to analysis of functions of real variables. Topics include Lebesgue measure and integration; L^p spaces; absolute continuity; abstract measure theory; Radon-Nikodym Theorem; connection with probability; Fourier series and integrals.,30,1,Natural Science and Computation,2.3472877,4.9191113,p00935|p00931|p00922|p00925|p00919
p00943,Part 10: Majors and Courses,Course Descriptions,MEDIART 101 Introduction to Media Studies and the Arts (4 credits),328,"Media Studies and the Arts explores the cultural significance of the media in the contemporary world. It is a cross-disciplinary field that draws on communication studies, art history, literature, sociology, psychology and philosophy, among others. Particular attention is paid to new media and digital media including those enabled by the technological revolution of the internet age.",56,2,Media and Arts,2.5833755,12.166279,p00503|p00961|p00685|p00504|p00839
p00944,Part 10: Majors and Courses,Course Descriptions,MEDIART 103 Introduction to Moving Image Practice (4 credits),328,"Like any craft, making movies is something that takes time, study, and, more importantly, practice. Each film is a unique challenge. What works for one film may not work for another. This is what makes learning about filmmaking an ongoing process. This course includes reading, discussing, and studying of the fundamental elements of video production. Strongest emphasis is in the several short exercises to guide students towards a solid understanding of the building blocks of different types of video production. Student will learn to use digital video cameras and audio equipment, learn basic video editing, and create original work.",99,2,Media and Arts,3.1413248,11.3577,p00962|p00971|p00968|p00975|p00946
p00945,Part 10: Majors and Courses,Course Descriptions,MEDIART 104 Introduction to Photography (4 credits),328,"An emphasis on how to see with the camera and ways of thinking about photographs. Class assignments accompanied by historical and theoretical readings, lectures, class discussions, and field trips. Course will use photography as a tool for exploring the local community. Learn digital techniques including camera function, Photoshop, ink-jet printing, audio capture and production of audio-visual slide shows. Discuss ethical issues that emerge as a result of digital photographic impermanence.",70,2,Media and Arts,2.842921,11.6304655,p00956|p00969|p00963|p00960|p00907
p00946,Part 10: Majors and Courses,Course Descriptions,MEDIART 105 Introduction to Film Studies (4 credits),328,"This course is a wide-ranging introduction to the fascinating world of film and the cinema industry. Here we will look at the language and critical tools we use to understand and interpret films, while considering examples from a variety of geographical, historical, and theoretical backgrounds. Following a primarily historical trajectory, the course will allow students to develop an appreciation of cinema’s role in visual culture throughout the 20th century up to our present day. Understanding how movies function, how they become meaningful for their audiences, and how this relationship between moving images and viewers has evolved during the past 120 years, contributes to our further enjoyment of cinema in its various manifestations. At the same time, this deeper appreciation and knowledge allows us to come to grips with the ways in which movies have had an impact on the broader construction of society and human culture to date.",148,2,Media and Arts,2.9159973,11.384847,p00948|p00968|p00967|p00944|p00975
p00947,Part 10: Majors and Courses,Course Descriptions,"MEDIART 106 The Visual Culture of News, Past and Present (4 credits)",329,"Does news affect us differently if we watch it on YouTube, on PerezHilton.com or on The Daily Show, or if we read it on The New York Times or as a blog post? Do we feel that certain kinds of news-cultural, political, satirical-is more important, or more informative? How did these differences play out in earlier news formats, like periodicals, pamphlets, or almanacs? This class will explore the visual culture of news from Early Modernity to the present by examining the formats and media it has adopted, the ways it designs the page/pamphlet/screen, how it incorporates images, and the relationship of all of this to what the news reports. Our goals in this class are to collectively explore the relationship between text, image, design, and medium.",126,2,Media and Arts,2.5596955,12.166599,p00320|p00508|p00321|p00685|p00959
p00948,Part 10: Majors and Courses,Course Descriptions,MEDIART 109 Introduction to Visual Culture (4 credits),329,"This course offers an introduction to central themes in, and methodologies for, analyzing visual culture. Visual Culture is a transdisciplinary field of study that studies the (re)production, circulation, and reception of images as well as everyday practices of seeing and showing in contemporary culture. By focusing on the cultural and social roles of images, the course examines how images circulate through various media including art, design, advertising, video games, pop culture, and digital technologies. Exploring “ways of seeing” the visual culture, students will be able to critically read and understand the images and visuality we live with and within.",99,2,Media and Arts,2.6271064,11.521163,p00512|p00842|p00946|p00508|p00969
p00949,Part 10: Majors and Courses,Course Descriptions,MEDIART 110 Audio Documentary & Storytelling (4 credits),329,"Audio Documentary & Storytelling will lead students to explore the history of audio, radio, podcast / streaming, history through documentary and different narrative approaches. We will learn about recording techniques and audio mixing on digital editing software for the production of audio documentaries for radio, streaming, and podcast. Through audio documentary work, students will be encouraged to explore topics such as cultural differences, history, science, social commentary and drama from journalistic, theatrical or personal perspectives. We will explore audio narrative both fictional and non-fictional, along with sound design and approaches to storytelling.The course will introduce radio greats from Orson Wells to modern-day radio podcasts such as Radiolab, and China watcher favorites such as Sinica. This course is an essential introduction to creating and establishing an evolving student-run podcast network, informing the world of China life through the lenses of DKU students.",141,2,Media and Arts,3.1817496,11.687847,p00955|p00907|p00736|p00511|p00637
p00950,Part 10: Majors and Courses,Course Descriptions,MEDIART 111 Archive (4 credits),330,"It is a hands-on course that will lead to the creation of the DKU/Kunshan documentary archive. It will be led by a series of guest lectures, fieldtrips, and fieldwork. As a student of this class you will add to this archive through the act of curation, creation, and outreach. This course will answer the following questions: What is an archive? What is the power of the archive? Who decides what gets put in an archive? What gets left out? The guest lecturers are professionals with backgrounds in curation, archiving, dying and extinct languages, media and medium studies, documentary, and anthropology.",100,5,University Policy and Transfer Credit,6.8387017,10.304642,p00005|p00001|p00247|p00008|p00949
p00951,Part 10: Majors and Courses,Course Descriptions,MEDIART 112 Race on Film (2 credits),330,"This course will provide students with analytic tools for approaching the topic of race on film from a variety of angles. These include issues of visibility, stereotyping, and whether a given film challenges conventions and adds to a larger cultural repertoire for representing race. In addition, it will examine the extent to which stories presumably told from a universal perspective in fact articulate the views of a majority culture, as well as how the facets of our own identities filter what we see on film. Students will hone writing skills and critical thinking, while participating in collegial discussions of a perennially controversial subject.",103,2,Media and Arts,2.5961466,11.2076,p00946|p00906|p00842|p00971|p01186
p00952,Part 10: Majors and Courses,Course Descriptions,MEDIART 113 Exploring Music (2 credits),330,"Why does music affect our emotions so strongly? Why do we like (or not like) something we hear, and what do we like about it? During this course, we will try to answer these and other fascinating questions about music. We will review the basic structures of music and study several genres and styles, ranging from masterpieces of classical music to rock and EDM (Electronic Dance Music). We will also investigate the cultural conditions under which we listen. We will develop the understanding of those matters primarily though written commentary on the musical and scholarly material encountered. No prior musical knowledge is required.",103,2,Media and Arts,2.875514,11.761286,p00966|p00953|p01185|p00943|p00681
p00953,Part 10: Majors and Courses,Course Descriptions,MEDIART 114 Film Musicals and Musical Films (2 credits),330,"Movies are often discussed as a visual medium, with sound treated as an afterthought to the image. Musicals, however, invert this relationship, putting sound front and center. This course examines both the genre of film musicals and musicality in film more generally, asking how film sound and music contribute to (or detract from) narrative, spectacle, affect, and realism. We will discuss a wide range of historical examples, stretching from the 1930s to the present; films may include those from the United States, Brazil, France, Denmark, Japan, and China.",88,2,Media and Arts,2.585502,11.525071,p00966|p01185|p00946|p00447|p00573
p00954,Part 10: Majors and Courses,Course Descriptions,"MEDIART 202 Ideas, Imagination, and Creativity (4 credits)",330,"What is creativity? How is creativity related to the artistic process? How can I learn through practice to be more creative? This course first introduces students to major theories about creativity and related fields of innovation and entrepreneurship. Students analyze examples of the creative process in the lives of key artists and creative practitioners. Finally, they also experiment with different creative strategies to help cultivate their own creativity.",68,2,Media and Arts,3.7148416,10.867002,p01147|p00960|p00865|p01191|p01113
p00955,Part 10: Majors and Courses,Course Descriptions,MEDIART 203 Audio Documentary (4 credits),331,"Recording techniques and audio mixing on digital editing software for the production of audio documentaries for radio, the web, and podcast. Various approaches to audio documentary work, from the journalistic to the personal; use of fieldwork to explore cultural differences and histories of place. Stories told through audio focusing on a particular concern such as war and peace, death and dying, environmental change.",63,2,Media and Arts,3.032968,11.66086,p00949|p00515|p00511|p00506|p00907
p00956,Part 10: Majors and Courses,Course Descriptions,MEDIART 204 The Photographic Essay (4 credits),331,"This course teaches the language of photography through the study of classic and contemporary photographic essays and through the completion of assigned photographic essays by the students themselves. Students will learn to make, choose, sequence, and pace their own images for class discussion and for digital projection. During the term students will complete three assigned photographic essays of at least ten images each. Each essay will be on a particular theme or subject to be announced.",76,2,Media and Arts,2.9959188,11.524391,p00945|p00969|p00963|p00967|p00968
p00957,Part 10: Majors and Courses,Course Descriptions,MEDIART 205 Digital Imaging (4 credits),331,"With the increasing use of digital media, visual communication is becoming more and more important. This course helps students to express themselves visually and introduces different techniques of Digital Imaging using Photoshop and Illustrator. The focus is not only on retouching and manipulating images, but also on using the computer as a medium to create art and communicate ideas. Digital painting, collages, vector graphics, special effects, matte painting, Photoshop for video and interaction with other media are some of the techniques covered. Photoshop and Illustrator used to introduce single and serial images for print and web output.",97,2,Media and Arts,3.76565,6.7192144,p00960|p00976|p00667|p00666|p00867
p00958,Part 10: Majors and Courses,Course Descriptions,MEDIART 207 Creative Writing and Elements of Story (4 credits),332,"Stories and storytelling surround us. They have existed since pre-history and continue to fill an essential place in our lives. What goes into telling a story? This is a beginning creative writing course that focuses on igniting the sparks for ideas and shaping ideas into a story. We will emphasize the hands-on exploration of sources for inspiration, idea-formation, building ideas, work-shopping and refining them to form them into a script. We will study the fundamentals of story, structure, character development, genre, building scenes, dialogue, and how to utilize them to write a script for media output including the screen, a podcast, and the stage.",104,2,Media and Arts,3.271407,11.225052,p00974|p00884|p00907|p00514|p01191
p00959,Part 10: Majors and Courses,Course Descriptions,MEDIART 208 Comparative Media Systems and Chinese Mass Media (4 credits),332,"In a globalized media world that is bringing people together, countries still maintain their own media systems. These systems are closely tied to government types, economic structures and culture norms and standards. What are the differences and similarities between the world’s different media systems? How does contemporary technology change the way that media systems function? How do countries with different media systems work with each other to disseminate information? The Chinese have played a pivotal role in the dissemination of information to its citizens over time. Currently, the Chinese read and watch news at a higher rate than any other country in the world. This course will explore the evolution of mass media and communication in China over time.",119,4,"China, History, and Culture",2.4562533,12.375766,p00844|p00973|p00683|p00508|p00845
p00960,Part 10: Majors and Courses,Course Descriptions,MEDIART 210 Media and Arts Practicum (4 credits),332,"For students of media, it is vital to have some skills in media production or art practice. This course will introduce students to some practical aspects of media and the arts. These might include: creative camera control and lighting; how to code a web page; how to write a news story; how to make a documentary, how to do interviews, how to edit media; cultivation of skills in theater, music or art, among others. An emphasis is placed on understanding and experimenting with contemporary technologies that enable digital communications.",89,2,Media and Arts,3.051687,11.838629,p00503|p00943|p00907|p00845|p00504
p00961,Part 10: Majors and Courses,Course Descriptions,"MEDIART 211 Media, Arts, and Critical Theory (4 credits)",332,"The course explores key issues in the study of digital media from its beginning to very recent theoretical developments. Central themes of the course generally include: immediacy/hypermediacy, interactivity, cybernetics, im/materiality of media, network, posthumanism, biomedia, ubiquitous computing, and the recent hype in the independent media industry. Building upon theoretical works that range across a host of disciplines, including literary studies, communication studies, film and media, philosophy, and science studies, the course proposes the development of a critical analytical framework for approaching new media practices and theories. The goal is to analyze what makes new media “new” by comparing them with earlier media practices, as well as to understand how the interactions among digital technologies, practices, and theories influence emerging and changing spheres of our society. The seminar also examines different forms of visual art and literature that lead and reflect the sociocultural paradigm shifts of digital technologies.",147,2,Media and Arts,2.6622722,12.165738,p00839|p00943|p00685|p00683|p00907
p00962,Part 10: Majors and Courses,Course Descriptions,MEDIART 212 Editing for Film and Video (4 credits),333,"Two questions a film editor must always ask are: What shot comes next? And, why this shot and not that? In this course, students explore answers for these questions by studying and editing different genres, styles, and forms of film and video. The goal is achieved through expanding students’ understanding of editing as both a viewer and as a working editor. To that end, in addition to classroom discussion, readings, and screenings of feature films and excerpts, students will complete several editing projects on digital video. These projects are designed to provide both real-world challenges to solve as well as opportunities to experiment. Knowledge of a video editing program is not necessary at the beginning of the class; by the end you should be extremely comfortable with Adobe Premiere Pro.",130,2,Media and Arts,3.13761,11.345909,p00944|p00975|p00976|p00968|p00971
p00963,Part 10: Majors and Courses,Course Descriptions,MEDIART 215 Documenting City Life (2 credits),333,"This course combines the disciplinary practices of history, ethnography, media studies, and literature to explore life in the modern city. Through a combination of writing, photography, and film-making, students will explore and document modern city life. Students will study the techniques of writers, photographers, poets, and filmmakers from different eras and cities such as Tokyo, Beijing, Shanghai, Paris, London, Berlin, Hong Kong, Taipei, and New York. They will then practice the methods they have learned, creating a portfolio that includes writing, video-making, and photography to document and analyze changes over time in the life of a big city of their choice in China.",103,2,Media and Arts,1.451541,11.907937,p00829|p00787|p00820|p00821|p00945
p00964,Part 10: Majors and Courses,Course Descriptions,"MEDIART 216 Performance, Embodiment and Cultural Memory (4 credits)",333,"What distinguishes performance from behaviour? From Shamanic practices to national theatres; ritual and pageantry to the performance of everyday life, this course invites students to read gesture, habit and the movement of bodies in space as texts laden with meaning. Students examine different forms of performance in local, global and intercultural contexts to reassess the relationship between body, mind and society and to examine how embodied actions can create meaning, reinforce or challenge power structures and transmit cultural memory.",79,2,Media and Arts,2.2792668,9.686902,p01159|p01050|p01158|p01136|p00842
p00965,Part 10: Majors and Courses,Course Descriptions,MEDIART 217 Ancient and Imperial Chinese Art (4 credits),333,"This survey course covers art in a variety of contexts from the foundations of Chinese civilization until the end of the imperial period in 1912 including tomb artefacts, religious images and statuary, court art, crafted objects and the painting and calligraphy of the literati. A number of themes may be addressed, such as the cross-cultural transmission of ornamentation and iconography, the ideal of scholar-amateur, the skills and techniques of the professional artisan and the connoisseurship and circulation of fine objects.",80,4,"China, History, and Culture",1.2792242,12.154402,p00843|p00818|p00821|p00815|p00656
p00966,Part 10: Majors and Courses,Course Descriptions,MEDIART 218 Music and Cinema (4 credits),334,"Soundtracks, in their interaction with images, are decisive in shaping the narrative of movies. In this course, we will explore uses and functions of music and sound in film, with particular attention to the human voice. We will watch and analyze a wide range of movies and engage with the main aspects of the theory of film sound and its concepts. No prior musical knowledge is required. You will gain a better understanding of how sound helps determining the expressive messages of films. You will also learn to discern different styles and usages of sound in connection with images, and to write about these matters using specific terminology.",108,2,Media and Arts,3.0298593,11.604457,p00953|p00573|p00944|p00946|p00962
p00967,Part 10: Majors and Courses,Course Descriptions,MEDIART 301 Experimental Filmmaking (4 credits),334,"This course engages with poetic and experimental image-making, utilizing techniques that trace a historical trajectory from celluloid to digital. Students are exposed to exploration of cinematographic principles and cameraless experiments. Teaching methods include lectures, discussion, readings and screenings focusing on avant-garde film and digital traditions. Students are required to produce final projects deriving or departing from course materials.",58,2,Media and Arts,3.0286233,11.391007,p00946|p00975|p00971|p00968|p00945
p00968,Part 10: Majors and Courses,Course Descriptions,MEDIART 302 Contemporary Documentary Film (4 credits),334,"Our subject is the art, content, technology, and life of documentary film. We will study contemporary filmmaking approaches that fall under broad categorization of ""documentary,"" and show how documentary filmmakers choose and interpret their subjects, themes, and points of view. We will analyze the form, technique, and impact of documentary filmmaking. In the process of considering issues of autonomy and power, politics and public policy, we will begin to define the role of documentary art in public dialogue. Although this course does not include instruction in film production, you may well be encouraged to try your hand at documentary filmmaking. In addition to class lectures and screenings, the course may feature guest filmmakers who will introduce their films and follow the screenings with question and answer sessions.",127,2,Media and Arts,3.1097085,11.427198,p00971|p00944|p00946|p00969|p00967
p00969,Part 10: Majors and Courses,Course Descriptions,MEDIART 303 Documentary Photography and the Cultural Landscape (4 credits),334,"Emphasis on the tradition and practice of documentary photography as a way of seeing and interpreting cultural life. The techniques of color and black-and-white photography - exposure, development, and printing - diverse ways of representing the cultural landscape of the region through photographic imagery. Issues such as objectivity, clarity, politics, memory, autobiography, and local culture play in the making and dissemination of photographs. The course will simultaneously consider image content, representations place, landscape, and culture through documentary image.",78,2,Media and Arts,2.787733,11.526725,p00945|p00948|p00515|p00968|p00842
p00970,Part 10: Majors and Courses,Course Descriptions,MEDIART 304 The On-Going Moment: Presentations of Time in Still and Moving Images (4 credits),335,"Project-driven studio course exploring time through video and still photography. Management, presentation and trace of time discussed in relation to various forms of art, augmented by examination of concepts of duration, aura, silence and thought as they pertain to still and moving images. Individual and group projects investigate various manifestations of stillness and movement in video and photography, with and without sound. Slices of time in both media examined for their properties of continuity, discontinuity and fissure, with emphasis on rendering meaning in and through time and space.",88,2,Media and Arts,2.7167728,11.528149,p00945|p00975|p00511|p00506|p00516
p00971,Part 10: Majors and Courses,Course Descriptions,MEDIART 305 Producing Docu-Fiction (4 credits),335,"This course investigates hybrid, genre-defying films that question traditional definitions of documentary and fiction. Emphasis on experimental forms, documentary reenactment, mockumentary and dramatized ""true stories."" Students utilize both documentary and fiction production techniques, culminating in the production of a final video project.",42,2,Media and Arts,3.0609775,11.395655,p00968|p00944|p00967|p00907|p00962
p00972,Part 10: Majors and Courses,Course Descriptions,MEDIART 306 Foundations of Interactive Game Design (4 credits),335,"Surveys history, technology, narrative, ethics, and design of interactive computer games. Games as systems of rules, games of emergence and progression, state machines. Game flow, games as systems of pleasure, goals, rewards, reinforcement schedules, fictional and narrative elements of game worlds. Students work in teams to develop novel game-design storyboards and stand-alone games. Exploration of the interplay between narrative, graphics, rule systems, and artificial intelligence in the creation of interactive games. Programming experience not required.",75,2,Media and Arts,3.0433123,10.925283,p00323|p00791|p00907|p00459|p00974
p00973,Part 10: Majors and Courses,Course Descriptions,MEDIART 307 International Communication (4 credits),335,"This course will examine the global effects of media, the flow of information, the controls countries impose on communication systems and the effects of Western dominance on world media systems. The course will introduce students to the key theories, concepts, and practices in the broadly defined international communication. Students will examine the giant media companies around the world and discuss the impact of ownership on media messages. The course will look at how advertising, music and news programs affect more than their intended audiences, and look at how technology is changing the global media picture.",95,2,Media and Arts,2.7036397,12.329898,p00845|p00959|p00960|p00736|p00510
p00974,Part 10: Majors and Courses,Course Descriptions,MEDIART 310 Screenwriting (4 credits),335,"This course introduces students to theory and practice of the process of writing for the screen. We explore visual storytelling and analysis of screenplays and movies in order to develop original stories into screenplay format. Students will learn to recognize and understand proper screenplay format and structure, understand how screenplay writing is a unique style of writing and why, understand character development and power relationships, and have a better understanding of the business of screenwriting. Through the actual writing of a feature length script, students gain hands-on practice on writing and presenting treatments, outlines, scenes, story planning, character development, communicating information, relationships between script and cinematic dimensions, as well as working with studios and editors.",115,2,Media and Arts,3.301859,11.129576,p00958|p00975|p00907|p00944|p00884
p00975,Part 10: Majors and Courses,Course Descriptions,MEDIART 311 Cinematography (4 credits),336,"Practice based investigation of cinematographic principles and visual storytelling techniques in motion picture production. Professional practice is informed and contextualized by screenings, readings, workshops, and in and out of class exercises towards the creation of original work in the context of the history of cinematography. Working with both film and video, students learn and apply fundamental techniques of composition, exposure, frame rate, focus pulling, point of view, camera placement and movement, lighting, and framing people and objects.",77,2,Media and Arts,3.0396707,11.24378,p00944|p00967|p00974|p00946|p00968
p00976,Part 10: Majors and Courses,Course Descriptions,MEDIART 312 Graphic Design in Motion (4 credits),336,"Motion Design is the creation of animated graphics using graphic design, typography, advertising, photography, animation sound and filmmaking. Students learn the latest technology such as After Effects and 3D softwares but it is the creative intent that motivates the acquisition of technical capabilities. We will learn how to work collaboratively with other students with different skill sets. Emphasis will be on design, conceptualization and the ability to communicate ideas. The course enables students to learn the language and principles of graphic design, to develop a method for solving design problems, to communicate ideas effectively and to create professional quality motion design such as title sequences, logo animation, news reel, that can be integrated into film, life performance or web, using the latest technology combining softwares like After Effects, editing software (Premier or Final Cut Pro) and 3D software, and by creating style frames and storyboards. Familiarity with Photoshop and Illustrator is helpful but not required.",155,2,Media and Arts,3.307451,10.962534,p00957|p00962|p00944|p00975|p00865
p00977,Part 10: Majors and Courses,Course Descriptions,MEDIART 313 Sports Documentary (4 credits),336,"Sports documentaries have a long legacy of excellent storytelling that is used to discuss deep rooted social problems by adding emotional and dramatic power. This class will examine themes ranging from climate change, identity, domestic abuse, institutional cover ups, and systemic racism, to the intersection of sports, crime, and politics. We will discuss the mechanisms used in sports documentary storytelling to explore different traditions in documentary filmmaking as a whole. Screenings and readings will reinforce practice exercises towards the production of your own documentary.",84,2,Media and Arts,2.8990102,11.345218,p00951|p00516|p00515|p00968|p00971
p00978,Part 10: Majors and Courses,Course Descriptions,MEDIART 390 Junior Seminar: Advanced Topics (4 credits),336,This seminar is a core component of the interdisciplinary major in Media and Arts. Students will apply to interdisciplinary topics the knowledge and methods of analysis that they have gained in different disciplines. Students will re-connect with the broader community of faculty and students in their major and further develop their capacities to translate between their areas of expertise and the larger questions and issues that apply across a variety of disciplines. The seminar will foster the ability to see their disciplinary knowledge from a wider perspective and to apply it flexibly. Specific topics will vary. This seminar is required for all juniors in the major. Other students may enroll with the permission of the instructor.,116,2,Media and Arts,3.909696,9.460894,p00979|p00705|p01187|p00706|p01188
p00979,Part 10: Majors and Courses,Course Descriptions,MEDIART 490 Senior Seminar: Advanced Topics (4 credits),337,This seminar is a core component of the interdisciplinary major in Media and Arts. Students will apply to interdisciplinary topics the knowledge and methods of analysis that they have gained in different disciplines. Students will re-connect with the broader community of faculty and students in their major and further develop their capacities to translate between their areas of expertise and the larger questions and issues that apply across a variety of disciplines. The seminar will foster the ability to see their disciplinary knowledge from a wider perspective and to apply it flexibly. Specific topics will vary. This seminar is required for all seniors in the major. Other students may enroll with the permission of the instructor.,116,2,Media and Arts,3.9675658,9.452671,p00978|p00706|p01188|p00705|p01187
p00980,Part 10: Majors and Courses,Course Descriptions,MILITSCI 101: Military Theory (2 credits),338,"A lecture course in the field of national defenses and security that includes the national defenses and security of China, international strategic environment, modernized and high-tech equipment, and military thinking.",30,3,Language and Communication,0.47568575,11.703996,p00653|p00777|p00654|p01074|p00652
p00981,Part 10: Majors and Courses,Course Descriptions,MILITSCI 102: Military Skills Practice (2 credits),338,"A physical practice course which includes formation training, common regulations for military study, physical training, combat training, tactical training, marching, orienteering, mapping, and first aid training. Closed by a military parade.",31,3,Language and Communication,6.97455,12.374056,p01030|p01037|p01045|p01047|p01039
p00982,Part 10: Majors and Courses,Course Descriptions,MUSIC 20 Introduction to Music Theory (Beginning) (4 credits),339,Credit for Advanced Placement on the basis of the College Board Examination in Music.,14,7,"Credits, Load, and Grading",7.496792,4.9847054,p00731|p00571|p00730|p00809|p01167
p00983,Part 10: Majors and Courses,Course Descriptions,"MUSIC 115 Chorale (2 credits, CR/NC grading)",339,"Singing is a beautiful way to relax and express your feeling. Chorale singing is much more fantastic and powerful than solo singing. This course will form a Duke Kunshan University Choir, and encourage the students to explore the essence of chorale. The students will be assigned in different vocal parts according to their voice range and timbre, but sing together as a whole. Students are required to join the classes /rehearsals once a week, then will get a chance to perform at the end of the term. Besides that, our DKU Choir will be invited to perform at various venues in Kunshan and Shanghai City for some special events occasionally. This course will invite choreographers to coach the students if the repertoire requires some body movements. This course may be repeated for credit.",133,5,University Policy and Transfer Credit,6.6193237,10.481288,p00247|p00252|p00984|p00001|p00251
p00984,Part 10: Majors and Courses,Course Descriptions,"MUSIC 210 Chamber Ensemble (2 credits, CR/NC grading)",339,"Music is said to be the universal language. This course is designed for students to utilize their knowledge of this language to further their understanding of this performing art and gain a deeper insight into group performance. Students will explore new or old repertoire with fellow musicians during the course of the term under the guidance of the instructor, and will perform in various venues around Kunshan and Shanghai area. Students are required to join weekly rehearsals with assigned groups and all groups will perform in a concert at the end of the term. This course will also invite guest musicians as coaches to help each individual group. Previous experience in learning and performing a musical instrument is recommended. This course may be repeated for credit.",126,3,Language and Communication,5.2140837,11.71165,p01009|p00983|p01050|p01181|p00247
p00985,Part 10: Majors and Courses,Course Descriptions,NEUROSCI 102 Biological Basis of Behavior (4 credits),340,"An introduction to the methods, models, and reasoning that have led to discoveries about brain behavior relations, and a critical evaluation of the current theories that guide our thinking about the neurobiology, development and evolution of sensory and cognitive processes, sleep, pain, emotion, hunger, and thirst as well as maternal and sexual behavior patterns.",54,1,Natural Science and Computation,1.3627864,6.8467674,p00986|p00580|p00581|p00308|p00579
p00986,Part 10: Majors and Courses,Course Descriptions,NEUROSCI 202 Medical Neuroscience (4 credits),340,"Examines the functional organization and neurophysiology of the human central nervous system, with a neurobiological framework for understanding human behavior. Students learn the anatomy and function of neural systems in the brain and spinal cord that mediate sensation, motivate bodily action, and integrate sensorimotor signals with memory, emotion, and related cognitive faculties. Provides the foundation for neurological sciences, including understanding the impairments of sensation, action, and cognition that accompany injury, disease, or dysfunction in the human central nervous system.",79,1,Natural Science and Computation,1.3540459,6.589005,p00985|p00987|p00581|p00580|p00805
p00987,Part 10: Majors and Courses,Course Descriptions,NEUROSCI 212 Cognitive Neuroscience (4 credits),340,"The biological bases of higher brain function, including perception, attention, memory, language, emotion, executive functions and consciousness. Emphasis on human brain function at the macroscopic network-level, and the current theories and controversies in this rapidly growing field.",37,1,Natural Science and Computation,1.4046464,6.699574,p00986|p00308|p00985|p01093|p00580
p00988,Part 10: Majors and Courses,Course Descriptions,NEUROSCI 301 Research Methods in Neuroscience (4 credits),340,"Explore the wide spectrum of methods commonly used in the field of neuroscience, ranging from molecular/genetic to electrophysiology and whole brain imaging. Multiple units of this team-based learning course will include interaction with a scientist currently practicing the technique.",39,1,Natural Science and Computation,1.4584994,6.5937104,p00581|p00986|p01016|p00308|p00579
p00989,Part 10: Majors and Courses,Course Descriptions,PHIL 101 Introduction to Western Philosophy (4 credits),341,"This course focuses on the origins of the European philosophical tradition, with an emphasis on metaphysics, theory of knowledge, ethics and politics. The course reads primary texts of Plato, Aristotle, Lucretius and Epicurus and other key western thinkers in English translation. The course examines the significance of these key approaches to philosophy in the later development of the European philosophical tradition, and considers their relevance for the contemporary global context.",70,0,Politics and Global Affairs,1.9764615,9.572243,p00992|p00991|p00993|p00404|p00405
p00990,Part 10: Majors and Courses,Course Descriptions,PHIL 102 Introduction to Classical Chinese Philosophy (4 credits),341,"This course introduces the foundations of Chinese thought with a focus on the Warring States period (475-221 B.C.E.), a period in which schools of thought like Confucianism, Mohism, and Daoism originally flourished. Students will read selections from the most famous classical Chinese philosophy texts in English translation. The course emphasizes close reading of texts, with a view to understanding their key concepts and issues, as well as forms of argumentation. In so doing, students will think through the key questions that animated intense debate between key schools of philosophy, and examine how these key debates have influenced the development of Chinese culture right through to the present day.",108,4,"China, History, and Culture",0.6195689,12.027258,p00813|p00651|p00788|p00653|p00815
p00991,Part 10: Majors and Courses,Course Descriptions,PHIL 103 Chinese and Mediterranean Philosophy (4 credits),341,"The early Mediterranean civilizations (Mesopotamia, Egypt, Greece, Rome) and dynastic China have been profoundly influential in the development of world civilizations, and in how human civilization is conceived. How do they compare in their traditions of thought about how one ought to live, theories of government and governance, and methods and aims in study of the natural world? This course offers a basic introduction to early Chinese and Western thought through examination of selected primary texts in English translation. As well as analyzing these approaches to philosophy in their historical and cultural context, the course debates their continuing relevance in a global context.",103,4,"China, History, and Culture",0.7524006,11.874867,p00990|p00815|p00788|p00989|p00772
p00992,Part 10: Majors and Courses,Course Descriptions,PHIL 105 History of Modern European Philosophy (4 credits),341,"Modern European philosophy centers on the theories of knowledge, morality and metaphysics of key thinkers of the 17th- and 18th-centuries, notably Descartes, Spinoza, Leibniz, Locke, Berkeley, Hume, and Kant. Together, these thinkers brought to birth a distinctively European approach to humanism, in dialog with science and reason, that has resonated powerfully across the world. This course examines their key arguments by reading selected primary texts, and debates their continued relevance in the contemporary world.",74,0,Politics and Global Affairs,1.8551546,9.40843,p00989|p01145|p00991|p01164|p00896
p00993,Part 10: Majors and Courses,Course Descriptions,PHIL 106 Global Philosophy (4 credits),342,The Global Philosophy course offers a gateway for students to critically engage with the diverse philosophical traditions that inform the making of the increasingly pluralistic modern world. The aim of the course is to cultivate deep appreciation of diversity and to help students develop a culturally sensible map of the world’s philosophical traditions that will help them deal with the compelling challenges in this multicultural age.,66,0,Politics and Global Affairs,2.3306983,9.792812,p00790|p00794|p00898|p00989|p00822
p00994,Part 10: Majors and Courses,Course Descriptions,PHIL 107 What’s the Right Thing to Do? Ethics and Justice in the Modern World (4 credits),342,"This course examines classical and contemporary theories of justice in Western philosophical ethics and applies them to modern dilemmas that have dominated political and cultural conflict in the modern West. These topics include questions of economic justice in relation to capitalism and communism; the question of human rights as a supreme and universal value that cuts across all social and cultural contexts; the profound challenges of slavery, colonialism and racial justice that haunt American politics in the present day; the continuing quest for gender equality; and contemporary issues of gender politics including same-sex marriage and the recognition of transgender and nonbinary identities.",102,0,Politics and Global Affairs,0.72541344,9.470845,p00881|p01069|p00757|p00686|p00410
p00995,Part 10: Majors and Courses,Course Descriptions,PHIL 108 Philosophy and Ethics of Artificial Intelligence (2 credits),342,"Recent progress in Artificial Intelligence, via machine learning techniques that leverage big data, has made breakthroughs in a variety of domains. While some believe AI is still nothing but a tool, others believe we are on the verge of a technological singularity – the invention of an artificial superintelligence that will trigger exponential technological advancement that will change humanity in unpredictable ways. In this course we will begin with philosophical reflection on the nature of AI and then consider ethical issues that lie on a spectrum from highly speculative projections regarding the future of AI to highly practical issues that are being generated by actual AI applications being deployed today: internet usage, profiling, and autonomous vehicles among others.",118,6,"Environment, Health, and Policy",3.5079844,5.74486,p00313|p00368|p00714|p00864|p00281
p00996,Part 10: Majors and Courses,Course Descriptions,PHIL 109 Philosophy through Computer Science (2 credits),342,"In this class we will explore several classic philosophical issues by learning how to program in Python. This is made possible by the close affinity that is shared between a number of computational concepts and their philosophical counterparts. For example, the concept of recursion can help us think about the existence of God by way of infinity. Completing this class will give you rudimentary Python programming skills and the ability to critically engage several philosophical issues. The ideal student will have an interest in both disciplines but have no prior knowledge of either.",93,1,Natural Science and Computation,3.3751197,6.104132,p00863|p00660|p00661|p00666|p00662
p00997,Part 10: Majors and Courses,Course Descriptions,PHIL 110 Philosophy and Sport (2 credits),343,"Philosophical questions arise frequently in sporting contexts, and pursuing those questions can be profitable in both directions: on the one hand, emerging issues in sport often require philosophical engagement in order to make progress on a question of practical importance, while on the other hand, reexamining and deploying concepts and theories in the sporting context can helpfully reshape our thinking. The pivotal concepts at the core of this course are fairness and exploitation. We’ll examine these concepts through a combination of great works in the history of philosophy, contemporary work in analytic philosophy, and recent sporting controversies",97,0,Politics and Global Affairs,2.0642045,9.494853,p00433|p00977|p00989|p00999|p00406
p00998,Part 10: Majors and Courses,Course Descriptions,PHIL 111 Non-Human Animal Ethics (2 credits),343,"This course examines the morality of our treatment of nonhuman animals. We will start by considering the cognitive and emotional capacities of some nonhuman animals. After that, the course will be divided into 3 units. Unit 1 will cover ethical questions surrounding the use of animals for food. Unit 2, on animal companionship, will consider what moral responsibilities we have to our animal companions, and how they compare to the responsibilities we have towards our human friends. Finally, Unit 3, on animal captivity, will address moral issues associated with the human practice of using animals for the purpose of entertainment.",100,0,Politics and Global Affairs,0.78108,8.528752,p00759|p01142|p00578|p01144|p00764
p00999,Part 10: Majors and Courses,Course Descriptions,PHIL 112 Thinking and Doing (2 credits),343,"When doing philosophy we think about the world and about ourselves in it. This includes our thoughts about the world as well as our actions and interactions with it and one another. In this course, we will consider related foundational philosophical contributions on the nature of human thought, action, and their connection. In doing so we will attend closely to key elements of the practice of philosophical thinking and writing, including standards of logical argumentation and of academic philosophical writing. We will dedicate ourselves particularly to developing and honing our own philosophical writing skills in accordance with these standards.",99,0,Politics and Global Affairs,2.137355,9.552877,p00026|p00989|p01004|p00993|p00992
p01000,Part 10: Majors and Courses,Course Descriptions,PHIL 202 Problems in Philosophy of Science (4 credits),343,"This course examines the principal philosophical problems of scientific practice with a view to explaining what science is and how it works. Students will learn how science may be distinguished from pseudo-science, how and why scientific theories change, and whether science can ever give us a fully accurate description of reality. The course focuses on what constitutes scientific explanation, how experimentation can confirm or deny scientific hypotheses, and the contrast between instrumentalist and realist conceptions of scientific theory. The course also examines the notion of scientific laws, and how these concepts may be challenged by the question of indeterminism that emerges in post-classical science.",104,2,Media and Arts,1.99813,9.09693,p01158|p00782|p00579|p01010|p01164
p01001,Part 10: Majors and Courses,Course Descriptions,PHIL 204 Theory of Knowledge (4 credits),344,"Do we know anything at all? If we do, how do we know it? How does knowledge differ from opinion and belief? Perception is a major avenue to knowledge, but what is it and under what conditions can we trust it? Our perceptions are influenced by what we already believe about the world. Does this make our perceptions untrustworthy since our beliefs can often be wrong? These related set of questions, collectively understood as the basic problems of epistemology, have challenged thinkers across the world and over centuries. This course examines a variety of ancient and modern approaches to these questions.",101,0,Politics and Global Affairs,1.5848854,8.83991,p01130|p01065|p01145|p01004|p01143
p01002,Part 10: Majors and Courses,Course Descriptions,PHIL 205 Logic (4 credits),344,"Logic is the study of the conditions of good reasoning and clear communication. Logic is an indispensable tool for an indispensable feature of human life: entertaining, assessing and crafting arguments. This course is designed to equip students with some basic skills in distinguishing good arguments from bad ones by introducing them to formal systems of logic and rules of reasoning. The goals of this course focus on reaching proficiency in particular skills in deductive and inductive logic, largely through practicing their application. The skills cultivated in this class have a broad relevance to critical thinking generally, and so students will leave this course with preparation to extend principles of critical thinking into many domains, both academic and not.",118,2,Media and Arts,5.850914,7.84187,p00054|p00053|p00047|p00042|p01151
p01003,Part 10: Majors and Courses,Course Descriptions,PHIL 206 Climate Change Ethics (2 credits),344,"Climate change has come into focus as a defining problem of the 21st century, but the challenges it presents are not limited to the arenas of engineering, science, and economics. Climate change also represents a challenge for some of our key moral concepts, for our understanding of moral theory, and for our ability to enact morally sensible collective policies and construct morally responsible individual lives. This course will explore ethical dimensions of climate change, including questions concerning moral responsibility for climate woes, possible responses to problematic climate effects, and the implications of climate change for environmental ethics more generally.",99,6,"Environment, Health, and Policy",-0.46456972,7.104552,p00743|p01103|p00759|p00746|p00403
p01004,Part 10: Majors and Courses,Course Descriptions,PHIL 301 Philosophy of Mind (4 credits),344,"This course is an introduction to the basic questions about mind: What is consciousness? Is the mind really like a computer or something quite different? Can thoughts, perceptions, feelings and intentions be explained in terms of events and processes in the brain and nervous system? How do we know there are minds other than our own? Although philosophers across the world have considered these questions for many centuries, the contemporary study of mind is heavily dependent on more recent scientific discoveries in cognitive psychology, neuroscience and computer science. The course demonstrates how philosophy has rapidly developed through engagement with these sciences.",101,1,Natural Science and Computation,1.5323826,6.9276476,p01093|p00579|p00986|p00999|p00985
p01005,Part 10: Majors and Courses,Course Descriptions,PHIL 311 The Political and Social Thought of Hannah Arendt (4 credits),345,"Hannah Arendt is one of the most important 20th century western political thinker. Although her work covered a wide range of subjects, her foremost concern was politics and society. This course aims to familiarize students with the political and social thought of Hannah Arendt, so that they may use her ideas to understand and address the 21st century’s pressing problems. We will read from her seminal works, as well as secondary scholarship, in order to understand Arendt’s key concepts – which could include thoughtlessness, the banality of evil, totalitarianism, the political, statelessness, revolution, power, authority, and labor and work. We will then apply these concepts to some of today’s pressing social and political problems.",114,0,Politics and Global Affairs,-0.9657235,9.629923,p00407|p00434|p00566|p00439|p00486
p01006,Part 10: Majors and Courses,Course Descriptions,PHYS 25 Introduction to Mechanics (4 credits),346,Credit for Advanced Placement on the basis of the College Board Examination in Physics C: Mechanics,16,7,"Credits, Load, and Grading",7.5222893,4.9200845,p01007|p00659|p00614|p00730|p00731
p01007,Part 10: Majors and Courses,Course Descriptions,PHYS 26 Introduction to Electricity and Magnetism (4 credits),346,Credit for Advanced Placement on the basis of the College Board Examination in Physics C: Electricity and Magnetism,18,7,"Credits, Load, and Grading",7.4705195,4.9791207,p01006|p00659|p00614|p00730|p00740
p01008,Part 10: Majors and Courses,Course Descriptions,PHYS 101 Frontiers of 21st Century Physics (4 credits),346,"Frontiers of 21st Century Physics explore the major subdisciplines of modern physics and their (potential) applications in industry/research. Students learn why society invests so much in physics and what it gets in return, from the origins of electronic devices and novel materials tackling the energy crisis to the large-scale structure of our universe. Students will build up an understanding that modern technologies are developed based on physics, i.e., application of laser in autopilot, magnetic levitation, etc. This course serves as an introductory course to freshman students to give them a taste of modern physics and to inspire their interest in physics.",101,1,Natural Science and Computation,1.6843425,4.639308,p01011|p01010|p01013|p00621|p01023
p01009,Part 10: Majors and Courses,Course Descriptions,PHYS 105 The Science of Asian Sound (4 credits),346,"This course is an introduction to acoustics, sound, and music. Participants will learn about wave theory, spectral analysis, and the mathematical and scientific basis for music scales, timbre, pitch perception, and harmonics. Vibration sources, resonant chambers, and wave amplification will be discussed. Special attention will be given to waves on strings and waves in pipes, and approximations and corrections to physical systems. Concrete examples will be drawn from Asian instruments and music, with particular attention to the Guqin, Guzheng, Erhu, Dizi, and instruments and vocalists of Chinese opera.",88,3,Language and Communication,4.350732,12.126534,p00984|p00573|p01011|p00681|p00935
p01010,Part 10: Majors and Courses,Course Descriptions,PHYS 121 Integrated Science – Physics (4 credits),346,"This course is about how to view the world from the perspective of classical mechanics, based on an understanding of the core concepts and theoretical laws. As a science foundation course, it helps students appreciate the elegant simplicity of the universal laws governing the complex systems surrounding us, and it teaches an important approach to identifying, formulating, and solving problems encountered in the physical world. The course begins with the core concepts of classical mechanics ̶ time, space, mass, force, work, energy, momentum ̶ and the physical laws that link them with each other. Students first learn Newton’s laws and the universal law of gravitation as they apply to point mass systems. Subsequently, basic concepts of oscillation and waves, rigid body motion, fluid mechanics, thermodynamics and statistical mechanics are introduced, illustrated with real-life examples (e.g., physics of cooking, biosphere as a thermal engine) to help students integrate different science foundation courses by themselves. While no previous knowledge of physics is required, some background is advantageous. Not open to students who have credits for both INTGSCI 101 and 102.",178,1,Natural Science and Computation,1.6502881,4.8483524,p00871|p01011|p00621|p01008|p00616
p01011,Part 10: Majors and Courses,Course Descriptions,"PHYS 122 General Physics II: Electricity, Magnetism and Light (4 credits)",347,"This course is the second of a series of two general physics courses that are highly interactive and illustrated with applications from different perspective of sciences and everyday life. Core topics: electric fields, circuits, magnetic fields, Faraday's law, Maxwell's equations, electromagnetic waves, properties of light, geometric optics, wave optics. Additional possible topics: optical instrumentation, quantum physics, selected applications.",58,1,Natural Science and Computation,1.8681607,4.682121,p01008|p00935|p01023|p00922|p01013
p01012,Part 10: Majors and Courses,Course Descriptions,PHYS 134 Introductory Astronomy (4 credits),347,"How observation and scientific insights can be used to discover properties of the universe. Topics include an appreciation of the night sky, properties of light and matter, the solar system, how stars evolve and die, the Milky Way and other galaxies, the evolution of the universe from a hot Big Bang, exotic objects like black holes, and the possibility for extraterrestrial life. High-school-level knowledge of algebra and geometry is required.",70,1,Natural Science and Computation,1.7184128,4.687686,p01010|p01013|p01011|p01008|p01000
p01013,Part 10: Majors and Courses,Course Descriptions,PHYS 201 Optics and Modern Physics (4 credits),347,"Introductory treatments of special relativity and quantum mechanics. Topics include: wave mechanics and interference; relativistic kinematics, energy and momentum; the Schrodinger equation and its interpretation; quantum particles in one-dimension; spin; fermions and bosons; the hydrogen spectrum. Applications to crystallography, semiconductors, atomic physics and optics, particle physics, and cosmology.",48,1,Natural Science and Computation,1.7680144,4.7423368,p01019|p01011|p01008|p01021|p00916
p01014,Part 10: Majors and Courses,Course Descriptions,PHYS 301 Classical Mechanics (4 credits),347,"Newtonian mechanics at the intermediate level, Lagrangian mechanics, linear oscillations, chaos, dynamics of continuous media, motion in non-inertial reference frames.",20,1,Natural Science and Computation,1.7421333,4.99057,p01010|p01022|p00927|p01013|p01006
p01015,Part 10: Majors and Courses,Course Descriptions,PHYS 302 Thermal and Statistical Physics (4 credits),348,"This course focuses on the basics of equilibrium thermodynamics and introduces the concepts of temperature, internal energy, and entropy using ideal gases and ideal paramagnets as models. The chemical potential is defined and the three thermodynamic potentials are discussed with use of Legendre transforms. It will also cover topics including the power of thermodynamics in gases and condensed matter, phase transitions, probability theory, and quantum statistics.",66,1,Natural Science and Computation,1.2542543,5.0320086,p00872|p00621|p00871|p00619|p00616
p01016,Part 10: Majors and Courses,Course Descriptions,PHYS 303 Introduction to Biophysics (4 credits),348,"The application of physics theory and experimental techniques to biological systems can be used to answer complex questions. The biological systems examined can range in scale from single molecules, to organelles, cells, tissues and whole organisms and the types of physics applied can include chemical, mechanical, electrical and others. Students will be introduced to physical descriptions of a wide range of phenomena, from molecular and cell mechanisms to the function of the human brain. An additional introductory overview of frontiers in photobiophysics, neurophysics, bioinformatics and synchrotron-based biological spectroscopy will help students to broaden their views.",95,1,Natural Science and Computation,1.1035826,5.3951406,p01024|p00871|p00621|p00626|p00581
p01017,Part 10: Majors and Courses,Course Descriptions,PHYS 304 Electricity and Magnetism (4 credits),348,"Electrostatic fields and potentials, boundary value problems, magnetic induction, energy in electromagnetic fields, Maxwell's equations, introduction to electromagnetic radiation.",19,1,Natural Science and Computation,2.1626158,4.689658,p00935|p01011|p00922|p01023|p01007
p01018,Part 10: Majors and Courses,Course Descriptions,PHYS 310 Physics of Particulate Materials,348,"Particulate materials, broadly defined as agglomerates of macroscopic particles, are ubiquitous in nature, across industries (pharmaceutics, chemical engineering, geotechnical, etc.) and in our daily lives. You can see them in everything from sand grains on the beach to catalyst particles in chemical reactors and from airborne pollution particles to ice balls forming Saturn's rings. Starting from a physics perspective, this course builds the foundation for widespread applications of particulate materials. It covers topics including particle-particle and particle-fluid interactions, agglomeration processes, statics and dynamics of granular materials. Students work on specific projects that equip them with essential experimental and/or numerical tools to explore these applications of particulate materials and that prepare them for advanced academic and applied fields of study.",119,1,Natural Science and Computation,1.2544795,5.029145,p00501|p00525|p00496|p00627|p00911
p01019,Part 10: Majors and Courses,Course Descriptions,PHYS 401 Quantum Mechanics (4 credits),349,"Introduction to the non-relativistic quantum description of matter. Topics include experimental foundations, wave-particle duality, Schrodinger wave equation, interpretation of the wave function, the state vector, Hilbert space, Dirac notation, Heisenberg uncertainty principle, one-dimensional quantum problems, tunneling, the harmonic oscillator, three-dimensional quantum problems, angular momentum, the hydrogen atom, spin, angular momentum addition, identical particles, elementary perturbation theory, fine/hyperfine structure of hydrogen, dynamics of two-level systems, and applications to atoms, molecules, and other systems.",72,1,Natural Science and Computation,1.6317444,4.6794343,p01013|p01021|p00916|p00616|p00621
p01020,Part 10: Majors and Courses,Course Descriptions,PHYS 402 Solid State and Soft Matter Physics (4 credits),349,"This course is intended to provide an introduction to the physics of solids and soft materials. It will discuss topics including properties of static (crystal structure) and dynamic (lattice vibrations) arrangements of atoms; electrons in solids; key features in metals, insulators and semiconductors; semiconductor devices; structure and assembly of a variety of soft materials including liquid crystals, polymers, colloidal systems and surfactants; special properties of materials in nanoscale; etc.",69,1,Natural Science and Computation,1.3180707,4.345661,p00627|p00914|p00912|p00916|p00915
p01021,Part 10: Majors and Courses,Course Descriptions,PHYS 403 Introduction to Nuclear and Particle Physics (4 credits),349,"Introductory survey course on nuclear and particle physics. Phenomenology and experimental foundations of nuclear and particle physics; fundamental forces and particles, composites. Interaction of particles with matter and detectors. SU(2), SU(3), models of mesons and baryons. Weak interactions and neutrino physics. Lepton-nucleon scattering, form factors and structure functions. QCD, gluon field and color. W and Z fields, electro-weak unification, the CKM matrix, Nucleon-nucleon interactions, properties of nuclei, single and collective particle models. Electromagnetic and hadronic interactions with nuclei. Nuclear reactions and nuclear structure, nuclear astrophysics. Relativistic heavy ion collisions.",89,1,Natural Science and Computation,1.5421275,4.7070103,p01019|p01013|p00616|p00619|p01011
p01022,Part 10: Majors and Courses,Course Descriptions,PHYS 404 Nonlinear Dynamics (4 credits),349,"Introduction to the study of temporal patterns in nonequilibrium systems. Theoretical, computational, and experimental insights used to explain phase space, bifurcations, stability theory, universality, attractors, fractals, chaos, and time-series analysis. Each student carries out an individual research project on a topic in nonlinear dynamics and gives a formal presentation of the results.",52,1,Natural Science and Computation,1.7741114,5.1162086,p00927|p00872|p01014|p00938|p00941
p01023,Part 10: Majors and Courses,Course Descriptions,PHYS 405 Advanced Physics Laboratory and Seminar (4 credits),350,"Experiments involving the fields of electricity, magnetism, heat, optics, and modern physics. Written and oral presentations of results. Instructor consent required.",21,1,Natural Science and Computation,1.8552605,4.6780095,p01011|p01008|p01007|p01017|p00935
p01024,Part 10: Majors and Courses,Course Descriptions,PHYS 406 Advanced Biophysics (4 credits),350,Builds on and extends the core concepts introduced in Introduction to Biophysics. Advanced topics and recent developments in biophysics.,19,1,Natural Science and Computation,1.1517109,5.1708627,p01016|p00871|p00625|p00525|p00626
p01025,Part 10: Majors and Courses,Course Descriptions,Courses with Course Subject: Physical Education (PHYSEDU),351,"Each activity course listed below is graded on a Credit/No credit basis. The maximum amount of credit that counts toward the 136 credit requirement is two credits, but additional courses may be taken without credit toward this number. (See section on Credits Required for Degrees in Part 3.) Students may repeat activity courses.",53,7,"Credits, Load, and Grading",6.7280393,7.918718,p00174|p00137|p00075|p00173|p00650
p01026,Part 10: Majors and Courses,Course Descriptions,PHYSEDU 101 Basketball (0.5 credit),351,"This course is designed to develop fundamental basketball skills of beginner students, and enhance the skills of those students with some basketball background.",23,3,Language and Communication,7.2698193,12.390682,p01030|p01027|p01032|p01033|p01028
p01027,Part 10: Majors and Courses,Course Descriptions,PHYSEDU 102 Softball (0.5 credit),351,This course introduces students the rules and emphasizes the development of fundamental skills and strategies for playing softball.,18,3,Language and Communication,7.314342,12.387166,p01026|p01030|p01028|p01033|p01032
p01028,Part 10: Majors and Courses,Course Descriptions,PHYSEDU 103 Volleyball (0.5 credit),351,"This is an introductory course teaching the fundamentals of volleyball including passing, serving, setting and spiking. Students will learn rules, court strategy, and significant emphasis will be placed on total fitness and recreational skills.",34,3,Language and Communication,7.2987027,12.408215,p01033|p01027|p01030|p01032|p01047
p01029,Part 10: Majors and Courses,Course Descriptions,PHYSEDU 104 Fencing (0.5 credit),351,"This course is intended to provide students with the fundamentals of fencing, including footwork, bladework, bouting and refereeing. It will allow students to develop the ability to analyze a fencing bout, and promotes creativity in applying acquired skills in a fencing bout.",42,3,Language and Communication,7.2575407,12.409372,p01030|p01032|p01033|p01026|p01031
p01030,Part 10: Majors and Courses,Course Descriptions,PHYSEDU 105 Soccer (0.5 credit),351,"This course is designed to enhance technical and tactical game knowledge and students playing ability. Students will engage in a variety of soccer training methods emphasizing fundamental/technical skills, tactical knowledge and playing ability.",33,3,Language and Communication,7.1896076,12.48442,p01026|p01027|p01028|p01029|p01032
p01031,Part 10: Majors and Courses,Course Descriptions,PHYSEDU 106 Badminton (0.5 credit),351,This course introduces the fundamentals and techniques used in badminton with theoretical emphasis on rules and playing etiquette.,18,3,Language and Communication,7.300806,12.399306,p01033|p01032|p01028|p01029|p01026
p01032,Part 10: Majors and Courses,Course Descriptions,PHYSEDU 107 Table Tennis (0.5 credit),352,This course is designed to equip the students with the basic skills to be able to play recreational or competitive table tennis outside of class. This course will give students a chance to improve or learn how to play table tennis effectively.,42,3,Language and Communication,7.264887,12.376811,p01033|p01026|p01030|p01028|p01031
p01033,Part 10: Majors and Courses,Course Descriptions,PHYSEDU 108 Tennis (0.5 credit),352,"The primary aim of this course is to teach the students the fundamentals of tennis including the rules, game scoring, etiquette, and fundamental strokes, forehand, backhand, serve and volley. The course will also present various drills and games, and present singles and doubles tactics and strategies. The emphasis of this course is to give the students the working knowledge of tennis so they may enjoy it as a lifetime activity.",70,3,Language and Communication,7.3004684,12.427524,p01032|p01028|p01031|p01030|p01026
p01034,Part 10: Majors and Courses,Course Descriptions,PHYSEDU 109 Tai Chi (0.5 credit),352,"Tai Chi is an ancient Chinese traditional martial art practiced worldwide. It is used as part of defense training, meditation, exercise program or for its various health benefits. This course aims to help students learn the basic forms of Tai Chi and to become comfortable in practicing independently.",48,3,Language and Communication,6.5937624,12.492944,p01040|p01041|p01048|p01043|p00629
p01035,Part 10: Majors and Courses,Course Descriptions,PHYSEDU 110 Pilates (0.5 credit),352,"Pilates is a method of exercise that consists of low-impact flexibility, muscular strength and endurance movements. Pilates’ routine emphasizes proper postural alignment, core strength and muscle balance.",27,3,Language and Communication,6.7201443,12.410271,p01044|p01041|p01037|p01049|p01038
p01036,Part 10: Majors and Courses,Course Descriptions,PHYSEDU 111 Yoga (0.5 credit),352,"This class will explore the practice and application of yoga and meditation and will introduce students to various breathing techniques and forms that additionally promote strength and flexibility. Together, these benefits may help students in promoting healthier lifestyle.",38,3,Language and Communication,6.7598066,12.295573,p01097|p01046|p01039|p01038|p01041
p01037,Part 10: Majors and Courses,Course Descriptions,PHYSEDU 112 Body Combat Fitness (0.5 credit),352,"Body combat fitness is an eclectic-based aerobics class that combines cardio and resistance training and utilizes components of kickboxing, boxing and dynamic conditioning drills using combat principles. This kind of aerobic workout uses principles of high intensity interval training (HIIT) to give all students regardless of fitness level a great workout and learn some of martial arts forms and techniques.",60,3,Language and Communication,6.8496113,12.351725,p01045|p01040|p01038|p01046|p00981
p01038,Part 10: Majors and Courses,Course Descriptions,PHYSEDU 113 Body Step Aerobics (0.5 credit),353,"Step aerobics is designed primarily to attain, improve and/or maintain healthy fitness level of students through their participation in the class. Students will also learn various fitness concept and principles and their application as part of the healthy lifestyle. The course will provide the tools to create and follow a personalized aerobics exercise regimen as part of the healthy lifestyle.",60,3,Language and Communication,6.9050074,12.300067,p01046|p01039|p01049|p01045|p01037
p01039,Part 10: Majors and Courses,Course Descriptions,PHYSEDU 114 Jogging/Walking (0.5 credit),353,This course emphasizes walking/jogging mechanics and physiological effects of cardiovascular activity and general benefits of exercise. This course provides the knowledge and skills necessary to improve cardiovascular endurance and fitness through walking and jogging.,34,3,Language and Communication,6.926912,12.341806,p01046|p01038|p01026|p01049|p01036
p01040,Part 10: Majors and Courses,Course Descriptions,PHYSEDU 115 Mixed Martial Arts (0.5 credit),353,"Mixed Martial Arts (MMA) is an eclectic martial arts based training class that incorporates learning of various martial arts forms and skills with conditioning training. This course will focus on beginner techniques, and in contrast to traditional mixed martial arts, it will not involve ground techniques or grappling. Therefore, the focus of this course is on learning fundamentals of various martial arts forms accompanied by conditioning training routines.",68,3,Language and Communication,6.699364,12.451426,p01037|p01043|p01034|p01029|p01048
p01041,Part 10: Majors and Courses,Course Descriptions,PHYSEDU 116 Stick Stretching/Yoga (0.5 credit),353,"Stick stretching is a hybrid blend of traditional yoga poses, tai chi and soft martial arts, which is designed to improve mobility, flexibility, balance, strength, coordination and postural awareness. Hence, the focus of stick yoga is on spinal health and correcting body mechanic. Sticks are used to provide support, guide and leverage stretching, strengthening and balance forms.",57,3,Language and Communication,6.662865,12.432006,p01048|p01034|p01036|p01035|p01043
p01042,Part 10: Majors and Courses,Course Descriptions,PHYSEDU 117 Swimming (0.5 credit),353,"Swimming course is designed to teach variety of swimming strokes for students with little or no swimming experience. However, considering that swimming ability depends not only on basic strokes, but also being comfortable in the aquatic environment, this class will also emphasize correct breathing skills, water threading and survival floating.",50,3,Language and Communication,7.211732,12.332965,p01047|p01039|p01032|p01028|p01033
p01043,Part 10: Majors and Courses,Course Descriptions,PHYSEDU 118 Taekwondo (0.5 credit),353,"Taekwondo is Korean martial art that emphasizes various forms of kicking. However, considering its name - Way (Do) of kicking (Tae) and punching (Kwon) – students will also learn various punching forms. This class is designed to introduce basic Taekwondo forms and techniques and prepare them for the yellow belt test given at the end of the class.",58,3,Language and Communication,6.67427,12.473932,p01048|p01040|p01034|p01037|p01029
p01044,Part 10: Majors and Courses,Course Descriptions,PHYSEDU 119 TRX Suspension Training (0.5 credit),354,"TRX is an innovative suspension weight training used by various populations to improve strength, endurance, body tone and overall health and wellness. It is based on seven fundamental movements: push, pull, plank, rotation, hinge, lunge and squat, from which numerous variations and types of workouts are designed to target a specific goal. In this course, you will learn these fundamental movements, and how to create your own routines and adopt them to fit your own goals using TRX.",78,3,Language and Communication,6.8762336,12.321833,p01045|p01037|p01049|p01038|p01035
p01045,Part 10: Majors and Courses,Course Descriptions,PHYSEDU 120 Weight Training (0.5 credit),354,"In weight training course, you will learn various strength training concepts, recommendations, techniques, and programs through discussions, handouts, and hands on demonstrations. While some theoretical background will be provided before each class, majority of class time will be conducted in a fitness center and hands on experience with primary aim to complete a full workout. Considering weight training can be used for various purposes we will introduce goal-specific workout recommendations such as muscle gain, body toning, functional weight training, sport specific training, weight loss and general health. In addition, we will dispel various myths about weight training and workout safety in order to provide you with independence and comfort to make weight-training part of your healthy lifestyle.",117,3,Language and Communication,6.9148736,12.290398,p01046|p01038|p01037|p01044|p01039
p01046,Part 10: Majors and Courses,Course Descriptions,PHYSEDU 121 Integrated Fitness and Wellness (0.5 credit),354,"Integrated Fitness and Wellness course emphasizes learning concepts of fitness and wellness through participation in a range of physical activities offered on and off-campus. The course is designed to encourage students to attend different fitness, sports and recreational activities, and using concepts covered in class, learn how to create individualized fitness and wellness goals based on activities they enjoy and fit their lifestyle. In this class, there is no set class time and students are expected to participate in any three fitness activities per week lasting at least 45 minutes. Hence, students are welcome to attend any open fitness class offered on campus, go hiking, jogging, cycling or swimming with friends or play any sport throughout the week. You will use heart rate monitors to keep track of your activities, intensity, goals and participation. Students will have 1 discussion class every 2 weeks where theoretical concepts of fitness and wellness are class progress are discussed.",155,3,Language and Communication,6.875375,12.243185,p01038|p01039|p01049|p01045|p00253
p01047,Part 10: Majors and Courses,Course Descriptions,PHYSEDU 122 Rowing (0.5 credit),354,"This course is an introduction to the sport of rowing. Students will learn about the fundamentals of rowing, the types of boats and events, equipment, rowing techniques and mechanics, boat handling and rigging. As part of the class students will row indoors and in open water shells. The goal of the course is for students to experience the wonderful world of rowing, becomes fond of the activity and essentially become independent recreational rowers.",73,3,Language and Communication,7.245074,12.354626,p01028|p01032|p01033|p01042|p01029
p01048,Part 10: Majors and Courses,Course Descriptions,PHYSEDU 123 Kendo (0.5 credit),355,"Kendo is a form of martial art that focuses on the use of bamboo sword as its integral part. Kendo integrates strategic thinking and methodology with physical agility and responsiveness, and as such is mentally and physically stimulating activity. Subsequently, students in this course have a unique opportunity not only to learn about Kendo as a physical activity, but also its significance in cultivating social and personal values in traditional China.",71,3,Language and Communication,6.574996,12.468943,p01043|p01041|p01034|p01040|p01050
p01049,Part 10: Majors and Courses,Course Descriptions,PHYSEDU 124 Spinning (0.5 credit),355,"Spinning, or indoor group cycling, is the stationary cycling program that simulates real cycling conditions to deliver high intensity workout. Spinning is low impact, full-body aerobic exercise that will generally improve cardiovascular fitness, boost energy, reduce stress, and tone upper and lower body. Hence, this activity is ideal for fitness novices and athletes to reach their goals. However, as a PE course this class has a teaching component which will allow each students to understand the physiology behind the workout and its benefits, and how to safely and effectively make individualized plans for better results.",95,3,Language and Communication,6.899734,12.275276,p01046|p01038|p01039|p01047|p01036
p01050,Part 10: Majors and Courses,Course Descriptions,PHYSEDU 125 Kunqu Basic Movements,355,"This class will provide the foundational skills of specific pieces of kunqu theatre, a form indigenous to the local region. Students will learn about a form of physical discipline at the intersection of physical exercise, dexterity and the arts. Students will learn that traditional theatrical arts offer a route to physical wellbeing, offering a rigorous training in physical and motor control.",61,3,Language and Communication,5.817719,11.408485,p00984|p00964|p00251|p00247|p00983
p01051,Part 10: Majors and Courses,Course Descriptions,PHYSEDU 126 Ultimate Frisbee (0.5 credit),355,"Ultimate Frisbee is a global, team sport that originated in the United States. This course is designed to familiarize students with the ultimate frisbee through engaging, high energy activities and theoretical background of history, rules, and game terminology. The course will emphasize several fundamental aspects of Ultimate Frisbee including backhand throws, forehand throws, pancake catch, rim catch, and game strategy.",60,3,Language and Communication,7.3363676,12.336064,p01027|p00253|p01026|p01032|p01030
p01052,Part 10: Majors and Courses,Course Descriptions,PHYSEDU 127 Flag Football (0.5 credit),355,"Flag football is one of the fastest-growing youth sports worldwide. The purpose of the game is fairly similar to the American football, in contrast to the full contact version, in flag football there is minimal physical contact, no physical tackling, diving, blocking, screening, or fumbles. As part of the course students will learn fundamentals skills and strategies of flag football, and certainly develop physical skills required to recreationally play flag football.",71,3,Language and Communication,7.2508125,12.420685,p01030|p01027|p01028|p01029|p01051
p01053,Part 10: Majors and Courses,Course Descriptions,POLECON 105 China and the Global South (2 credits),356,"China’s vast material power and professed developing country status place it in a unique and highly influential position with respect to the Global South. In this course, we will examine the political economy of contemporary China’s relations with the Global South, covering topics including China’s development and humanitarian assistance, trade and investment, Chinese soft power, and it’s expanding security presence. We will explore how the politics of these topics shapes their economics and vice versa, and unpack the interests and roles of the many different state and non-state actors involved.",90,4,"China, History, and Culture",-0.69196814,11.056231,p00847|p01055|p00775|p01058|p00771
p01054,Part 10: Majors and Courses,Course Descriptions,POLECON 201 International Political Economy (4 credits),356,"This course is an introduction to international political economy, the study of how and why international economic policies are formed, and how the international economy influences domestic politics and economic performance. This is a survey course designed to introduce students to the leading theories and evidence-based research relating to international political economy (IPE). It first introduces some of the main theories of IPE, which is the study of how political forces impact the workings of the global economy and how the global economy— simultaneously—shapes politics. It then explores the history and contemporary workings of the international trade and monetary systems from an IPE perspective. Finally, it delves into specific topics that IPE can help shed light on, such as foreign aid, resources competition, and international environmental protection agreements.",128,6,"Environment, Health, and Policy",-0.9594889,10.037447,p00532|p01055|p00723|p00563|p01062
p01055,Part 10: Majors and Courses,Course Descriptions,POLECON 202 The Politics of International Economic Relations: America in the World Economy (4 credits),356,"Introduction to politics of international economic relations through an examination of persistent major debates and current events in world politics and global economy. Topics include politics of trade; politics of money and finance; foreign direct investment, multinational corporations, and global value chains; politics of foreign aid and economic development; and corporate social responsibility in a global economy. Examines how material interests, historical and socio-political context, and institutions at domestic and international level shape a country's foreign economic policies. Special focus on U.S. foreign economic policy in comparative perspective.",88,0,Politics and Global Affairs,-0.9687873,10.135662,p00532|p01054|p01062|p00723|p00563
p01056,Part 10: Majors and Courses,Course Descriptions,POLECON 211 Risk Analysis and Forecasting (2 credits),356,"This course explores the nature of risk, particularly as it relates to decision-making in areas such as politics, economics, and finance. The course combines a theoretical overview of risk and the use of simple mathematical models to quantify it. Furthermore, the conditions under which risk specific models are most accurate and useful will be explored, as well as the situations in which they are prone to failure.",67,6,"Environment, Health, and Policy",1.7046084,7.289834,p00583|p00725|p00933|p00711|p01105
p01057,Part 10: Majors and Courses,Course Descriptions,POLECON 301 Development (4 credits),357,"This course provides an overview of advanced contemporary work on the political economy of development. This is a survey course designed to introduce students to the leading methods, theories, and evidence-based research relating to development. It first addresses the very concept of development, presents the metrics that are used to measure it, and introduces important development figures. It then introduces key models and theories that have been presented to explain development. Finally, it delves deeper into contemporary questions and debates about the drivers of development.",85,6,"Environment, Health, and Policy",0.056602787,9.269626,p00692|p01067|p01120|p00532|p00471
p01058,Part 10: Majors and Courses,Course Descriptions,POLECON 302 China’s Economic Transition (4 credits),357,"This course will provide a comprehensive overview of the Chinese economy and China’s role in the world economy. China’s current economic challenges will be given particular attention. Topics that will be addressed include: the Chinese economy before 1949; the socialist era, 1949-1978; economic reform and market transition; the role of state enterprises; foreign investment; foreign trade; China’s role in the East Asian trade-production network; the Chinese financial system; Chinese monetary and exchange rate policy; China’s role in global imbalances; the internationalization of the Yuan; and the housing market.",88,4,"China, History, and Culture",-1.0155582,11.14238,p00775|p00778|p00847|p00416|p00554
p01059,Part 10: Majors and Courses,Course Descriptions,POLECON 490 Senior Seminar: Advanced Topics (4 credits),357,This seminar is a core component of the interdisciplinary major in Political Economy. Students will apply to interdisciplinary topics the knowledge and methods of analysis that they have gained in different disciplines. Students will re-connect with the broader community of faculty and students in their major and further develop their capacities to translate between their areas of expertise and the larger questions and issues that apply across a variety of disciplines. The seminar will foster the ability to see their disciplinary knowledge from a wider perspective and to apply it flexibly. Specific topics will vary. This seminar is required for all seniors in the major. Other students may enroll with the permission of the instructor.,115,2,Media and Arts,3.9607322,9.317312,p00870|p01188|p00706|p01187|p00705
p01060,Part 10: Majors and Courses,Course Descriptions,POLSCI 20 American Government and Politics (4 credits),358,Credit for Advanced Placement on the basis of the College Board examination in American government and politics,17,7,"Credits, Load, and Grading",7.34284,5.049233,p01061|p00811|p00879|p01167|p00873
p01061,Part 10: Majors and Courses,Course Descriptions,POLSCI 21 Comparative Government and Politics (4 credits),358,Credit for Advanced Placement on the basis of the College Board examination in comparative government and politics,17,7,"Credits, Load, and Grading",7.3443956,5.0811977,p01060|p00810|p00879|p00873|p00811
p01062,Part 10: Majors and Courses,Course Descriptions,POLSCI 101 International Politics (4 credits),358,"The theory and practice of international politics and foreign policy; analysis of the various elements of national power and its impact on differing world views and foreign policy behavior, the instruments of foreign policy, and the controls of state/nation behavior across different historical periods and from different national and analytical perspectives.",51,0,Politics and Global Affairs,-0.83398825,10.14413,p01055|p00532|p01054|p01107|p01083
p01063,Part 10: Majors and Courses,Course Descriptions,POLSCI 102 Social Choice and Democracy (4 credits),358,"The central theme of this course is to examine the liberal conception of democracy as the aggregation of individual preferences. Students will explore and study questions such as: How can a collective (e.g., the electorate, legislature, collegial court, expert panel, or committee) arrive at coherent collective choices or judgments on some issues, on the basis of its members' individual preferences? Who decide whose preferences should be counted? Do voters have the freedom to choose? What methods are used to aggregate preferences? What are the theoretical properties of these methods? How easily can outcomes be manipulated or distorted? Are there widespread election frauds? Answers to these questions are utmost important for any democratic decision making body. Social choice theory will be used as our theoretical framework for the analysis of combining individual opinions, preferences, interests, or welfares to reach a collective decision.",141,0,Politics and Global Affairs,0.35511076,8.560299,p01082|p01072|p00298|p00577|p01117
p01064,Part 10: Majors and Courses,Course Descriptions,POLSCI 103 American Ideas and the Idea of America (4 credits),358,"What is the story of the United States? What fundamental ideas of America have been formed as a nation and as an empire? Are there connections we can draw between the US today and its past? What relevance does the US have in China historically and in the present day? What place does the US have in the Chinese imagination? In this course, we address these questions by examining a variety of texts, ranging from important founding documents, political speeches, autobiographies, and travelogues to excerpts of American novels. Through class discussions, team projects, and role plays, we will discuss fundamental concepts of America, its past and present, and explore themes such as politics and religion, race and slavery, immigration and identity, women and economics, and education and citizenship. We will also consider how America is being perceived in the world specifically within the Chinese context.",145,4,"China, History, and Culture",0.7403547,10.869134,p00555|p01080|p00835|p00886|p00772
p01065,Part 10: Majors and Courses,Course Descriptions,POLSCI 105 Contemporary Political Ideologies (2 credits),359,"The goal of this course is to understand the fundamental alternative political ideologies or theories that have shaped our world and to consider which political theories may shape our world in the future. To accomplish this goal we will 1) Investigate the theories at the foundation of liberal democracy, capitalism, Marxism, fascism, and anti-liberal Islam; 2) Consider how each of these theories addresses such fundamental human questions as: What is the best form of government? What is the nature of human beings? 3) Study through close textual analysis the principal arguments both for and against each of these theories.",99,0,Politics and Global Affairs,1.363505,9.123059,p01145|p01071|p01117|p01164|p01075
p01066,Part 10: Majors and Courses,Course Descriptions,"POLSCI 106 Political Rhetoric, Crisis, and Leadership (2 credits)",359,"This course engages in a series of case studies to evaluate the requirements of political rhetoric, especially during times of crisis. Examples are drawn from ancient Greek and Roman history, the American founding, and the U.S. Civil War. Students will be able to identify how political leaders in various contexts use common logical and rhetorical constructions to negotiate political uncertainty and danger.",62,0,Politics and Global Affairs,0.44975904,9.480428,p01105|p00562|p00840|p01192|p01104
p01067,Part 10: Majors and Courses,Course Descriptions,POLSCI 201 Political Institutions and Processes (4 credits),359,"The purpose of this course is to examine and understand issues related to political institutions and processes. The main topics that will be examined over the course of the term include the central themes, theories, concepts, and questions of the contemporary study how policy-making processes vary across different institutional arrangements.",50,6,"Environment, Health, and Policy",-0.17068921,8.727028,p01116|p00471|p01117|p01086|p01098
p01068,Part 10: Majors and Courses,Course Descriptions,"POLSCI 202 U.S. Citizenship: History, Meaning and Conflict (4 credits)",359,"What does it mean to be and to become an American citizen? What combination of political principles, cultural identity, and historical experience does and should constitute U.S. citizenship? This course explores the meaning of citizenship and nationhood in different historical contexts, amidst competing constitutional interpretations, and at the center of contemporary policy debates.",53,0,Politics and Global Affairs,0.95013005,10.222079,p01071|p00816|p01084|p00555|p00898
p01069,Part 10: Majors and Courses,Course Descriptions,POLSCI 203 Civil Rights and Civil Liberties (4 credits),359,"This course examines the meaning rights and liberties in the American and global context. It considers competing justifications as well as specific legal and policy debates ranging from freedom of speech and the press, religion, sexuality, abortion, and discrimination.",39,0,Politics and Global Affairs,0.6987715,9.572707,p01101|p01128|p00881|p01117|p00410
p01070,Part 10: Majors and Courses,Course Descriptions,POLSCI 204 The U.S. Constitution and its Critics (4 credits),359,"The U.S. Constitution is the foundation of the American legal and political system. It is the oldest national constitution still in effect, and it has influenced many subsequent constitutions around the world. According to its admirers, it has played a central role in the rise of the United States as a global superpower. Its critics, on the other hand, claim that it has produced an increasingly unequal society and a dysfunctional political system. This course will help students to better understand the basic structure of the U.S. Constitution, its history, and the political debates to which it has given rise. We will begin by examining the arguments raised for and against the Constitution when it was first proposed in the eighteenth century, before turning to the study of several contemporary political challenges in which constitutional questions play a prominent role, namely those concerning race, free speech, and the power of the American presidency.",153,0,Politics and Global Affairs,0.8575779,9.934116,p01071|p01084|p00816|p01091|p01068
p01071,Part 10: Majors and Courses,Course Descriptions,POLSCI 207 Democratic Institutions in America (4 credits),360,"From the framing of the Constitution to the present day, the US has had unique political institutions and political culture, which have long arrested the minds of political theorists, philosophers, writers and academics. Drawing on multiple disciplines, such as sociology, history, philosophy, and literature, this course will explore America’s democratic political structures as well as the various institutions that live alongside them. Students will examine the US Constitution and political system. They will look at the relation of the US political system to American culture, to race, to education, to capitalism, and to empire.",94,0,Politics and Global Affairs,0.7825618,9.863509,p01091|p00816|p00817|p01070|p01088
p01072,Part 10: Majors and Courses,Course Descriptions,POLSCI 208 Political and Social Inequality (4 credits),360,"How do different groups with different levels of political power shape political outcomes? How do gender, racial, environmental, and social inequalities express themselves through the political system? What is a ‘fair’ level of inequality? How do different institutional designs shape and channel inequality? This class introduces students to readings, arguments, and concepts that begin to explore the answers to these questions.",61,0,Politics and Global Affairs,0.32489854,8.688414,p01162|p00577|p01063|p01059|p00471
p01073,Part 10: Majors and Courses,Course Descriptions,POLSCI 209 Democratic Erosion (2 credits),360,"The course responds to the widespread media coverage and commentary suggesting that democracies around the world are backsliding into authoritarianism by treating “the threat of democratic erosion as an empirical question, rather than merely a political one”. The first week of the course focuses on definitions—democracy, democratic consolidation, democratic erosion. In each of the next six weeks, the following particular themes will be investigated: institutions, populism, the media, polarization, exclusion, and resistance.",72,0,Politics and Global Affairs,0.14157817,9.751584,p01071|p01077|p00562|p01117|p00689
p01074,Part 10: Majors and Courses,Course Descriptions,POLSCI 210 International Relations in East Asia (4 credits),360,"This course helps students understand the interactions among states in East Asia since WW II. It surveys the major events, introduces theories from international relations related to the strategic balance, realism and constructivism, international political economy, decision-making, domestic politics, leadership and bureaucratic politics. Part III looks at China’s and America’s relationships with Asian countries while Part IV analyzes key issues, including the Korean nuclear crisis, the South and East China seas, and the future of the region. The course will include a simulation game, when students engage in crisis management, thereby enhancing their understanding of the dilemmas of foreign policy decision making.",102,4,"China, History, and Culture",-0.37305614,10.839989,p01083|p00531|p01080|p00848|p00852
p01075,Part 10: Majors and Courses,Course Descriptions,POLSCI 212 Pathologies of Modern Society: Foundational Ideas (4 credits),361,"This course introduces the ideas of 4 social theorists: Tocqueville, Marx, Durkheim, and Weber. Described as “the founding fathers” of modern social theory, these thinkers sought to understand modern society, and its pathologies, in order to improve human life. Their ideas – such as public opinion and democratic despotism, alienation and ideology, rationalization and disenchantment, and organic solidarity and anomie – are still used by social scientists today to analyze and frame social, economic, and political problems.",77,0,Politics and Global Affairs,1.7487297,9.103418,p01164|p01145|p01065|p01156|p01086
p01076,Part 10: Majors and Courses,Course Descriptions,POLSCI 213 Populism (2 credits),361,"Populism is widely recognized as a threat to liberal democratic states around the world today. In this course, we will analyze the phenomenon of populism from three basic perspectives. First, we will read theories of what populism is and how it relates to liberal democracy. Second, we will examine what the aims and practices of different populist movements from around the world are (movements such as those in Venezuela, Brazil, Hungary, Poland, Turkey, France, and India). Third, we will investigate what the causes of populism are and how we can respond to it.",93,0,Politics and Global Affairs,-0.2613468,9.918882,p00564|p00484|p00689|p01077|p01073
p01077,Part 10: Majors and Courses,Course Descriptions,POLSCI 214 Authoritarianism and the Struggle for Democracy in Latin America (4 credits),361,"This subject explores the precarious balance between the ideal of democracy and histories of authoritarianism in Latin America. Using case studies from different historical contexts, the class examines continuities and ruptures in Latin American political history, and the cultural contexts in which populisms of the left or right, and authoritarian regimes, emerge or recede. This subject encourages students to consider political theory in relation to historical and cultural specificity. Key questions addressed include: what political cultures are associated with democratic, authoritarian and populist forms of rule? What role do struggles over memories of authoritarian pasts play in contemporary democracies? How do democracies evolve into dictatorships, and dictatorships into democracies?",109,0,Politics and Global Affairs,-0.14788866,9.914107,p00689|p00484|p00359|p01109|p00449
p01078,Part 10: Majors and Courses,Course Descriptions,POLSCI 216 War and Peace: Foundations of the International Political Order (2 credits),361,"Most nations claim to seek peace, yet war is a recurrent feature of international politics. This course examines the reasons why this is the case. Is war an inevitable result of the clashing interests of states, or is it a regrettable consequence of their failure to correctly assess those interests? We will study the greatest works of political philosophy and political science in order to understand the causes of war and the prospects for a more resilient peace.",78,0,Politics and Global Affairs,-0.6408183,10.408018,p00485|p00531|p00565|p01055|p00532
p01079,Part 10: Majors and Courses,Course Descriptions,"POLSCI 219 The U.S. Legal System: Lawyers, Judges, Lawmakers, & Bureaucrats (4 credits)",362,"In this course students will learn how the U.S. legal system actually operates: the 3 branches of government (legislators, judges, and agencies), the 3 levels of government (local, state, and federal), and the 4 main actors (judges, lawmakers, bureaucrats who regulate your daily life, and lawyers who have to deal with all the others). You will also learn about the principles of and tools for interpreting laws and regulations. Students will do practical exercises on current issues throughout the term to best develop their oral and written advocacy skills.",89,2,Media and Arts,0.77792996,9.306794,p01071|p01132|p01146|p01115|p00773
p01080,Part 10: Majors and Courses,Course Descriptions,POLSCI 221 US/China Relations (4 credits),362,"This course addresses the complex relationship between China and the United States including the two countries' foreign relations, trade, cultural exchanges, and images and (mis) representations of each other. The relationship between China and the United States is now, and will likely continue to be, the most important international relationship of our era. In order to understand present and future challenges and opportunities more fully, this course will examine the long and tumultuous history of US-China relations from colonial America to the present with a historical approach. The course will explore the relationship in actual time and circumstance. Paying equal attention to Chinese and American perspectives, this course will discuss the relationship’s diplomatic, economic, and military components, as well as social and cultural interactions. Previous study of international relations is helpful, but not required.",134,4,"China, History, and Culture",-0.11497949,11.176079,p01064|p00848|p00851|p00847|p00835
p01081,Part 10: Majors and Courses,Course Descriptions,POLSCI 301 Program Evaluation (4 credits),362,"This course introduces students to the approaches used by social scientists to evaluate the implementation and impacts of public policies. Topics covered include reasons for and uses of program evaluations; the different kinds of information gained through implementation analysis and the integration of qualitative and quantitative research; statistical power and effect size; and cost-benefit analysis. The bulk of the course focuses on the techniques, advantages, and drawbacks of experimental and quasi-experimental designs.",72,6,"Environment, Health, and Policy",0.48627517,8.079728,p01146|p00374|p01098|p01082|p01116
p01082,Part 10: Majors and Courses,Course Descriptions,POLSCI 302 Public Opinion (4 credits),362,"Examines nature and role of public opinion from a comparative perspective, providing a broad based introduction to the dynamics of citizens' social and political attitudes. The goal of the course is to help students arrive at a more comprehensive understanding of forces that shape beliefs, attitudes, and opinions of the public, how those views are publicly expressed, and the influence of those opinions on policy outcomes. While the design, implementation, and analysis of public opinion surveys and election polls will be discussed, the course focuses on the substantive, and not the methodological aspects of public opinion.",96,0,Politics and Global Affairs,0.2730335,8.5713415,p01117|p01116|p01063|p01081|p00577
p01083,Part 10: Majors and Courses,Course Descriptions,POLSCI 303 International Politics of East Asia (4 credits),363,"Course explores the economic, political, and security issues in East Asia. Examines respective theoretical and historical backgrounds of the region (Japan, North Korea, South Korea, Chinese mainland, Hong Kong, Macau, Taiwan, Southeast Asia). Focuses on issues surrounding the region, including globalization, economic interdependence, nuclear proliferation, territorial disputes, and terrorism. Utilization of some international relation theory and methodological tools for more systematic analysis of these issues. Readings will be drawn from international relations theory, political science and history.",77,4,"China, History, and Culture",-0.45222676,10.805607,p01074|p00531|p00438|p00436|p01080
p01084,Part 10: Majors and Courses,Course Descriptions,POLSCI 304 Revolutions and Foundings: A Comparative Perspective (4 credits),363,"This course examines the Founders of the American political order and compares them with the more contemporary founders of other political traditions. This course examines the political thought and careers of key protagonists in the American Revolution and constitutional Founding (such as George Washington, Thomas Jefferson, John Adams, Alexander Hamilton, and James Madison) and revolutionaries and founders in other modern settings (such as Mohandas Gandhi, Che Guevara, Nelson Mandela, Vaclav Havel, Mao Zedong, and Lee Kwan Yew).",77,0,Politics and Global Affairs,0.85389465,9.954815,p01071|p00816|p00817|p01091|p00556
p01085,Part 10: Majors and Courses,Course Descriptions,POLSCI 305 American Capitalism in the World (4 credits),363,"This course examines American economic history and the global reach of capitalist markets. It explores patterns of commerce, the development of the regulatory state, business cycles and crises, the nature of the corporation and the changing of labor markets and the meaning of work. The course considers crises, contradictions, and competitive virtues and drawbacks associated with the modern American economy and highlights key trade-offs and lessons for democratic institutions, business, and culture.",72,0,Politics and Global Affairs,0.90397763,10.099793,p00817|p00816|p00902|p01071|p01091
p01086,Part 10: Majors and Courses,Course Descriptions,POLSCI 307 Political Economy of Institutions (4 credits),363,"Without paying attention to institutions, one cannot understand why some societies are wealthy and others poor; why some are innovative and others un-creative; or why some are politically stable and others in perpetual turmoil. As such, this course should be of direct interest to students of economic development, economic history, social inequality, and democratization, among other fields of social inquiry. The first half of the course delineates the subject and covers the social mechanisms that govern institutional transformations. Attention is paid to the pace of institutional transformations, latent change, social inertia, political revolutions, and links among beliefs and behaviors. The second half focuses on the social functions of institutions. Again, the emphasis is on pertinent analytical methodologies. The functions studied include: the control of free riding, credible commitment, redistribution, the provision of collective goods, coordination, protection of expectations, generation of common knowledge, governance, rent seeking, and the reduction of transaction costs.",151,0,Politics and Global Affairs,-0.046385676,8.906222,p00471|p01067|p00439|p01072|p00336
p01087,Part 10: Majors and Courses,Course Descriptions,POLSCI 308 Global Governance (4 credits),364,"This course provides an overview of the evolving architecture, processes and variable outcomes of global governance. Governance, at whatever level of social organization it occurs, refers to the systems of authoritative rules, norms, institutions, and practices by means of which any collectivity, from the local to the global, manages its common affairs. Global governance is generally defined as an instance of governance in the absence of government. There is no government at the global level: the UN General Assembly is not a global parliament, and Secretary-General Ban Ki-moon is not the president of the world. But there is governance, of variable effectiveness. The course is divided into four sections. The first briefly introduces the subject. The second examines the core elements in the traditional architecture of global governance - its institutional and legal foundation. The third surveys emerging trends in that architecture. The fourth (and longest) section explores the key policy processes performed by/in/through global governance, addressing how and why they differ across different issue areas.",166,0,Politics and Global Affairs,-0.3779753,8.915886,p00471|p00804|p01115|p00747|p00898
p01088,Part 10: Majors and Courses,Course Descriptions,POLSCI 310 America in the World (4 credits),364,"This course examines the place of America in the wider world and the nature of American regional and global engagement. It explores how Americans have viewed and defined themselves in relation to numerous other nations and peoples examines the relation between ideology, politics, culture, and foreign policy.",47,0,Politics and Global Affairs,1.0971152,10.36745,p00817|p00555|p01071|p01186|p00830
p01089,Part 10: Majors and Courses,Course Descriptions,POLSCI 312 Islamic Political Thought (4 credits),364,"This course aims to introduce students to the Islamic tradition of political thought through the careful study of selected foundational political texts of Islamic civilization. Students will be exposed to the great variety of thinking about politics that has taken place in the Islamic world through close readings and in-depth discussions of specific primary texts, including the Qur’an, the writings of Muslim philosophers, theologians, historians, and literary writers in the Middle Ages. Students will be introduced to such fundamental themes as: politics and religion, the individual and the political order, wisdom and political rule, power and conquest, tradition and modernity. By establishing familiarity with the intellectual background of Muslim societies, this course fosters students’ abilities to navigate an increasingly globalized world and to engage with actors from industry, government, and civil society with culturally and religiously diverse backgrounds.",138,0,Politics and Global Affairs,1.027468,8.6649,p01132|p01133|p00720|p00703|p00547
p01090,Part 10: Majors and Courses,Course Descriptions,POLSCI 313 Political Psychology (4 credits),365,"Are political ideologies ingrained in our DNA? Why do neurological and physiological processes define our political preferences? Why do we get angry when discussing politics? Can we estimate the causal effect of cultures on individual political behavior? This course introduces you to advanced research topics in political psychology---a discipline that applies rigorous psychological and statistical methods to the analysis of political behavior. First, we will examine the genetic and environmental origins of political beliefs. Second, we will learn how our brain processes political information. Finally, we will explore the dynamic formation of political norms and their expression and change under various political institutions.",103,0,Politics and Global Affairs,1.1220058,8.0313425,p00298|p00487|p01072|p00547|p00408
p01091,Part 10: Majors and Courses,Course Descriptions,POLSCI 315 American Politics in Comparative Perspective (4 credits),365,"This course examines the key actors, institutions, and processes in American politics from an explicitly comparative and rational choice perspective. Topics covered include federalism and the states, the constitution and its interpretation, Congress and its committees, the presidency and bureaucracy, the court system, and voting and elections. For each, America is compared with other advanced industrial democracies, newer democracies, and authoritarian regimes. These comparisons generate insights into what makes America alternately typical and atypical, successful and unsuccessful. Studying American politics from a comparative perspective also sheds light on the effects of reform proposals, suggests new modes of political participation, and informs students about the world's leading exporter of democracy.",109,0,Politics and Global Affairs,0.5990675,9.87509,p01071|p00817|p01084|p00471|p01085
p01092,Part 10: Majors and Courses,Course Descriptions,PSYCH 101 Introductory Psychology (4 credits),366,"Broad survey of the field of modern psychology. The main goal of this course is to provide students with an introduction to the important topics, theories, research, and applications in psychology.",31,2,Media and Arts,1.4454168,7.358389,p00574|p00303|p00575|p01096|p01146
p01093,Part 10: Majors and Courses,Course Descriptions,PSYCH 102 Cognitive Psychology (4 credits),366,"Overview of cognitive processes including pattern recognition, concept formation, attention, memory, imagery, mental representation, language, problem solving, and modes of thinking. The basic approach is both empirical (using data collection and analysis) and theoretical (building models using inductive/deductive reasoning). Application of basic laboratory results to cognition in everyday life.",49,1,Natural Science and Computation,1.501204,6.722503,p01004|p00581|p00987|p00863|p00986
p01094,Part 10: Majors and Courses,Course Descriptions,PSYCH 103 Developmental Psychology (4 credits),366,"Overview of the cognitive, social, and emotional changes that occur throughout the lifespan, with emphasis on the period from infancy to adolescence. Examines both the empirical evidence and the theoretical models used in understanding human psychological development.",37,6,"Environment, Health, and Policy",1.3545172,7.3294115,p00303|p00985|p01092|p01095|p01093
p01095,Part 10: Majors and Courses,Course Descriptions,PSYCH 104 Social Psychology (4 credits),366,"Effects of social interaction and social processes on a wide range of individual attitudes and behaviors (for example, conformity, leadership, prejudice, aggression, altruism). Emphasis on the logic, reasoning, research designs, and methods by which knowledge is generated.",37,6,"Environment, Health, and Policy",1.8555411,7.9623327,p00327|p00301|p00574|p01160|p00575
p01096,Part 10: Majors and Courses,Course Descriptions,PSYCH 105 Abnormal Psychology (4 credits),366,"This course provides a broad overview of abnormal psychology. Areas of focus include: Reviewing different theoretical perspectives for conceptualizing abnormal behavior; Approaches to the diagnosis and assessment of psychopathology; Major classes of psychopathology including how they are defined and treated; Current research, methods, and theories in the field of abnormal psychology.",51,2,Media and Arts,1.3601404,7.3319454,p01092|p00304|p00303|p00574|p00807
p01097,Part 10: Majors and Courses,Course Descriptions,"PSYCH 110 Mindfulness, Stress, and Health: Eastern and Western Perspectives (2 credits)",367,"Mindfulness-based therapies are based in Eastern and Western philosophies, theories, and research. They have been shown to be significantly helpful for stress-related problems, mental health problems, and medical disorders. Mindfulness-based therapies are also revolutionizing the way that psychologists think about and treat human suffering. In this course, we will explore the theories, techniques, and research on mindfulness-based therapies from Eastern and Western traditions. A combination of lecturing, class discussion, and experiential exercises will be used to help students gain a well-developed understanding of this important area of psychological research and practice. Students will also acquire basic skills in how to use mindfulness-based techniques to reduce stress and distress.",108,2,Media and Arts,0.9905982,7.3646264,p00306|p01036|p00309|p00807|p01092
p01098,Part 10: Majors and Courses,Course Descriptions,PUBPOL 101 Introduction to Policy Analysis (4 credits),368,"Governments constantly face questions such as: How do we address deforestation? How can we slow down climate change? How can we make food safer? This course teaches a systematic way of dealing with these questions, namely policy analysis. This technique enables students to identify, examine, and evaluate options to implement policy goals. Readings will be a combination of theory and case studies from around the world.",66,6,"Environment, Health, and Policy",-0.016194884,8.043527,p00374|p01081|p01067|p01117|p00750
p01099,Part 10: Majors and Courses,Course Descriptions,PUBPOL 102 Introduction to the United States Health Care System (4 credits),368,"Overview of the key health policy issues in the United States. Topics include: (1) sources of morbidity and mortality; (2) access to health care; (3) financing of health care including an overview of how health insurance works, Medicare and Medicaid and why there are uninsured persons and to what effect; (4) quality of health care; (5) the role of innovation in both treating disease and influencing costs; (6) mental health, including why drug and alcohol treatment is generally considered to be a mental health service; (7) the role of non-profit versus for-profit ownership of health care facilities and to what effect; (8) long term care; and (9) the impact of social phenomenon such as income inequality, social class and culture on health care.",123,6,"Environment, Health, and Policy",0.17628735,7.921588,p00802|p00569|p00715|p00803|p00470
p01100,Part 10: Majors and Courses,Course Descriptions,PUBPOL 106 Urbanizing China: Spatial and Social Dynamics in Chinese Cities (2 credits),368,"This course investigates the dramatic urban transformation that has taken place in the past 30 years in China. The scale and speed of this transformation means that it has far-reaching consequences for China, Asia, and the world, influencing everything from poverty alleviation to food security. Understanding why and how China has urbanized --- and how China poises to urbanize in the next three decades --- is therefore of critical importance. This course covers various topics related to China’s urbanization, including rural-to-urban migration, urban inequality, real estate development and land market, as well as urban governance. Students will learn how to develop annotated bibliography and write a well-reasoned essay about one or more topics related to China’s urbanization.",117,4,"China, History, and Culture",-0.29369137,11.803414,p00543|p00344|p00331|p00357|p00474
p01101,Part 10: Majors and Courses,Course Descriptions,PUBPOL 110 Introduction to Human Rights (4 credits),368,"This course introduces students to the field of human rights. The course has two primary purposes: to define and explore the key terms, concepts, foundations and theories of human rights; and examine alternative or competing definitions of rights using a case-based approach.",42,0,Politics and Global Affairs,0.7550636,9.283783,p01069|p01146|p00410|p00754|p01145
p01102,Part 10: Majors and Courses,Course Descriptions,PUBPOL 120 Globalization and Corporate Citizenship (4 credits),368,This course will critically examine the origins and diffusion of increasingly prevalent notions of corporate citizenship and corporate social responsibility from an anthropological perspective.,24,0,Politics and Global Affairs,0.94435835,9.605959,p00754|p00680|p01163|p00898|p00756
p01103,Part 10: Majors and Courses,Course Descriptions,PUBPOL 201 Climate Change Law and Policy (4 credits),369,"Climate Change is one of the major challenges facing humanity in the 21st century. Climate Change has been described as a “super wicked problem”, which stems from the greenhouse gases emissions produced by virtually all human activities, has no simple solution and yet requires urgent and drastic action to be taken at the global level. In this course, we will examine the range of legal and policy responses to this “wicked problem” which have been proposed by experts, as well as those which have been concretely applied at the international level and different jurisdictions, especially in the United States, the EU, and China, three major emitters of greenhouse gases. We will look at various studies put forward by academics and think tanks, informed newspaper articles, as well as policy documents and law.",132,6,"Environment, Health, and Policy",-0.679772,7.132383,p01003|p00746|p00398|p00329|p00747
p01104,Part 10: Majors and Courses,Course Descriptions,PUBPOL 202 Global Disasters: Science and Policy (4 credits),369,"In this interdisciplinary course, students will examine the multifaceted aspects of ""global"" disasters. The first segment of the course will examine the science behind the disasters, discuss the range of meteorologic, hydrologic and geologic factors that cause disasters; explore how societies plan for and/or respond to the immediate and long-term physical, social, emotional and spiritual issues associated with survival; and present case studies of response, recovery and reconstruction efforts. In the second phase of the course, some of the most pressing and rapidly evolving economic calamities will be addressed. In the third segment of the course, the focus will shift to political ""disasters"" and how natural and/or economic events can destabilize a political system. Students will attend the lecture and labs components of the course and complete on-line quizzes to demonstrate understanding of the material presented. Additionally, they will prepare one research paper on a relevant topic, the results of which will be presented to the class.",157,6,"Environment, Health, and Policy",-0.22037335,7.6302633,p01105|p00398|p00822|p01074|p00742
p01105,Part 10: Majors and Courses,Course Descriptions,PUBPOL 209 The Politics of Environmental Crises (2 credits),369,"This course helps students understand what happens during and after a disaster in terms of politics and policy. It is structured around five themes: crisis detection; decision-making and coordination; crisis communication; accountability; and learning and policy change. During the course, we will apply each of these themes to case studies of environmental crises, for example oil spills and chemical leaks. Readings will be a combination of theory and case studies from around the world.",74,6,"Environment, Health, and Policy",-0.13707142,7.718453,p01104|p01074|p01066|p00398|p00746
p01106,Part 10: Majors and Courses,Course Descriptions,PUBPOL 210 Development and Africa (4 credits),369,"Addresses the vexed issue of economic development in Africa - its many failures, its occasional successes - from the early colonial period to the present.",25,6,"Environment, Health, and Policy",0.07887624,9.300801,p00693|p01120|p01057|p00750|p00720
p01107,Part 10: Majors and Courses,Course Descriptions,PUBPOL 211 Globalization and Public Policy (4 credits),369,"How the various aspects of globalization affect, and are affected by public policy at the international, national and local levels. Development of an analytic framework for thinking about globalization and its core concepts, major institutions and political dynamics; survey of a range of major policy areas affected by globalization; focus on a policy area of particular interest.",57,0,Politics and Global Affairs,-0.48362523,10.068534,p01110|p00687|p01087|p00532|p01062
p01108,Part 10: Majors and Courses,Course Descriptions,"PUBPOL 212 Immigrant Dreams, U.S. Realities: Immigration Policy History (4 credits)",370,"Immigrants and immigration policy in the United States from 1850 to the present, with focus on origins and power of immigrant exclusion during three waves of migration: Northern European and Asian migrations between 1850 and 1880, Eastern European, Latin American, and Asian migrations, 1880-1920, and Latin American, African, and Asian migrations, post 1965. Immigrant roles in shaping policy debates, citizenship rights, labor movements, and American culture, past and present.",69,0,Politics and Global Affairs,0.84495527,10.515415,p00853|p01148|p00835|p00699|p00700
p01109,Part 10: Majors and Courses,Course Descriptions,PUBPOL 213 Authoritarian Regimes (4 credits),370,"Examine the variety of ways in which authoritarian regimes operate. Study the emergence and persistence of authoritarian regimes, the institutions they adopt, leadership change, government/opposition relations, their potential for democratic transition as well as the theories that explain these outcomes.",40,0,Politics and Global Affairs,-0.14192405,9.863215,p00689|p01077|p01073|p00471|p00359
p01110,Part 10: Majors and Courses,Course Descriptions,PUBPOL 214 Globalization and History (4 credits),370,"Examination of globalization issues in a historical perspective. Reviews phenomena, institutions, e.g. empires, states, religion, corporation, and international agencies, and policies which enabled exchange of commodities, people, and cultures. Explores empirical evidence on growth and development for different world regions and historians' and social scientists' interpretations.",46,0,Politics and Global Affairs,0.26696187,10.381397,p00698|p01107|p00330|p00687|p00822
p01111,Part 10: Majors and Courses,Course Descriptions,"PUBPOL 215 Law, Ethics and Responsibility (4 credits)",370,"Examines the intersection of law and neuroscience, including the use of neuroimaging to determine if a witness is telling the truth; the implications of neuroscience for determining the mental competency of defendants, the insanity defense, the imposition of punishment on defendants. Considers the extent to which recent advances in brain science cause us to reevaluate fundamental legal concepts of ""intent,"" ""insanity,"" and responsibility; the ways in which neuroscience may be applied to these and related issues; and the inherent limitations and incongruities of applying brain science to legal questions.",89,6,"Environment, Health, and Policy",1.1731911,7.132491,p00306|p00579|p00304|p00309|p00985
p01112,Part 10: Majors and Courses,Course Descriptions,PUBPOL 216 Civic Participation and Public Policy (4 credits),370,"Overview of patterns in Americans' engagement in and disengagement from civic life. Theories of why people do (and do not) participate. Differences across lines of gender, race, ideology, generation, and class. Role of American interest groups and social movements in policy change. Influence of public policies (e.g., federal tax laws, participation requirements, programs such as AmeriCorps) on civic and political participation. Implications for equality, voice, and the health of American democracy.",71,0,Politics and Global Affairs,1.5225161,10.024672,p00336|p00701|p00577|p01091|p01149
p01113,Part 10: Majors and Courses,Course Descriptions,PUBPOL 217 Enterprising Leadership (4 credits),371,"The central goal of this course is to provide students with analytical competence, enterprising leadership identity, and personal agency important to exercising leadership in organizations, in communities, and in life. The course explores the many facets of leadership and leadership development including the processes by which people affect change in a variety of roles and situations. Leadership within a framework of ethics, values, and innovative action are emphasized as a basis for contributing to the process of making good things happen without reliance on formal authority.",86,2,Media and Arts,3.6507664,9.200879,p00245|p00765|p00766|p00401|p00239
p01114,Part 10: Majors and Courses,Course Descriptions,PUBPOL 218 Ethics in an Unjust World (4 credits),371,"The course considers the question, ""How can we fix poverty?"" It begins by exploring the nature of poverty through a variety of descriptive metaphors (for example, poverty as a ""trap"" or a ""disease""). It then considers the word ""we,"" and in doing so introduces several basic understandings of ethics (deontology, utilitarianism, virtue ethics, etc.) Finally it considers the word ""fix"" and offers three models for responding to poverty: working for, working with, and being with.",75,6,"Environment, Health, and Policy",0.40633872,8.919862,p01120|p01145|p01146|p00754|p00702
p01115,Part 10: Majors and Courses,Course Descriptions,PUBPOL 220 Introduction to Regulatory Governance (4 credits),371,"The course will help you to understand the nature of regulatory governance in complex social environments. We will explore the reasons why governments and others use regulation as a tool to achieve policy goals, and how regulation is implemented and enforced in daily practice. Building on the work of leading regulatory governance scholars, we will explore how their theoretical insights could be applied in practical settings. Throughout the course, we will essentially ask: what can regulatory governance accomplish and what is beyond its reach?",84,6,"Environment, Health, and Policy",-0.43385056,8.613424,p00857|p01127|p01087|p00471|p01067
p01116,Part 10: Majors and Courses,Course Descriptions,PUBPOL 301 Political Analysis for Public Policy-Making (4 credits),371,"How and why do policies come about? What is the role of media, non-governmental organizations, and politicians? Why do some issues attract the attention of policymakers while others do not? What are the obstacles for policy change? Some of the questions will be answered in this course. This course will examine the political aspects of public policy from an explicitly comparative perspective. Public policy making is not a rational, straightforward process, but is heavily shaped by processes, institutions, and actors. During the course, we will identify relevant official and nonofficial actors, contextual factors, and particular processes, ultimately learning how these shape public policy.",103,6,"Environment, Health, and Policy",-0.019108582,8.506482,p01067|p01117|p01082|p00374|p01081
p01117,Part 10: Majors and Courses,Course Descriptions,PUBPOL 303 Policy Choice as Value Conflict (4 credits),372,"Public policy should be informed by evidence and facts, but it cannot be determined by them. People disagree about public policy not only because they disagree about empirical matters but also because they hold different understandings of familiar political concepts and they assign different weightings to competing political values. This course aims both to illustrate these general propositions and, more importantly, to introduce the tools and techniques with which one can construct and critique reasoned arguments about the political concepts and values that underpin policy choice. The course will be divided into four sections, each of which focuses on a set of contemporary policy disputes whose resolution depends upon clarifying and justifying our understanding of an underlying political concept and its associated values. The four concepts whose policy implications we shall explore are: democracy, justice, liberty, and rights. Readings are mostly works of contemporary political philosophy.",146,0,Politics and Global Affairs,0.12936248,8.645911,p01116|p01082|p01067|p00395|p01065
p01118,Part 10: Majors and Courses,Course Descriptions,PUBPOL 304 Microeconomic Policy Tools (4 credits),372,"Development and application of analytical economic tools in a policy environment. Emphasis on application of economic methods in a variety of policy settings and developing testable hypotheses that might be used to guide economic policy. Analytical topics include willingness to pay, derived demand, multi-market interactions, comparative advantage, investment analysis, and decision making under uncertainty. Applications include tax analysis, including incidence, effective protection, shadow pricing, introduction to government expenditures, labor market policy, examples of regulation and pricing externalities.",77,6,"Environment, Health, and Policy",-1.3498999,8.375079,p00724|p00710|p00712|p00711|p00396
p01119,Part 10: Majors and Courses,Course Descriptions,PUBPOL 305 - War and Public Health in Africa (4 credits),372,"An inquiry into the nature of contemporary war in sub-Saharan Africa and its human cost. Uses public health as a parameter to assess the impact of organized collective violence on people’s lives. Link between war and public health established and measured with respect to civilian deaths, gender based violence, physical and psychological trauma, mental disorders, malnutrition and famine, and the spread of epidemic diseases, inter alia HIV/AIDS. Special attention is given to rape as “a weapon of war”, to the trafficking of human beings in war zones, the child soldier phenomenon, and to death counts as a vector of humanitarian or political advocacy.",103,0,Politics and Global Affairs,0.6052543,10.422673,p00858|p00856|p01078|p00800|p00795
p01120,Part 10: Majors and Courses,Course Descriptions,PUBPOL 306 International Development and Poverty (4 credits),372,"What factors account for the persistence of poverty in some countries? Is it always going to be the same way – i.e., will poor people remain poor within the foreseeable future – or can something be done to reduce poverty (or at least alleviate its most painful consequences)? Academics and policymakers have come up with alternative formulations as they have attempted to deal with poverty over the last 50 years. This class provides students with an overview of social and economic development in developing countries since the early 1950s. What problems do residents of developing countries face, what kinds of solutions have been advanced to deal with these problems, how have different solutions fared in practice, and what needs to be done now and in future? The course traces how development practice has evolved in the theoretical literature, and students use this knowledge to investigate what needs to be done now and in future.",154,6,"Environment, Health, and Policy",0.25104427,9.126165,p00693|p01114|p00692|p01106|p01057
p01121,Part 10: Majors and Courses,Course Descriptions,PUBPOL 307 Market Power and Public Policy (4 credits),373,"The purpose of antitrust laws is to control how firms attain and maintain their market position, presumably for the betterment of consumers, or at least for the benefit of society. Using a rigorous set of tools from microeconomic and game theory, this class will investigate the underpinnings of policies meant to deal with market power broadly defined, such as antitrust laws, the regulation of public utilities, the regulation of financial markets, and anti-dumping rules.",74,6,"Environment, Health, and Policy",-0.95037466,8.361176,p00711|p00857|p00475|p01115|p00753
p01122,Part 10: Majors and Courses,Course Descriptions,PUBPOL 308 Managing the Oceans to Solve Global Problems (4 credits),373,"This course highlights the importance of the oceans in addressing central development and environmental problems facing the world, including poverty, hunger, access to energy, climate change, and biodiversity loss. The fundamental role the oceans could play in helping to solve these problems depends on public policies created to manage them. The course will expose students to the important laws and policies that make the resources and services provided by the ocean resilient and sustainable, and explore challenges of protecting corals, regulating fishing and pollution, and helping climate refugees.",88,6,"Environment, Health, and Policy",-0.46429908,6.931966,p00746|p00745|p00376|p00742|p00385
p01123,Part 10: Majors and Courses,Course Descriptions,PUBPOL 310 Family Rights and Human Rights (4 credits),373,"Explores relationship between state, family formation, and individuals. Surveys regulation of sexuality, reproduction, adoption, immigration, and incarceration with focus mainly on U.S. and past 200 years.",26,0,Politics and Global Affairs,1.1647742,10.248838,p01155|p00350|p01108|p00853|p00555
p01124,Part 10: Majors and Courses,Course Descriptions,PUBPOL 311 Economic and Political History of the European Union (4 credits),373,"The idea in the wake of WW II of a common Europe is still a long way from fulfilling its intended goals, with numerous challenges remaining. This multi-disciplinary course deciphers the complexities of the EU, predicts its future given its demographic, social and economic makeup, and analyzes the EU’s institutions and the way they function. It examines its agricultural and industrial policies as well as investigates its monetary and economic policies. From its original six members to today’s twenty-seven, the course addresses the question of the future of the EU, which in spite of multiple differences, has created a unique political and economic model.",104,6,"Environment, Health, and Policy",-0.98525006,8.842645,p00471|p00719|p00538|p01086|p00709
p01125,Part 10: Majors and Courses,Course Descriptions,PUBPOL 312 News as Moral Battleground (4 credits),374,"Ethical inquiry into journalism and its effect on public discourse. Issues include accuracy, transparency, conflicts of interest and fairness. Topics include coverage of national security, government secrecy, plagiarism/fabrication, and trade-offs of anonymous sourcing.",33,0,Politics and Global Affairs,2.76023,12.064676,p00947|p00885|p00481|p00866|p01128
p01126,Part 10: Majors and Courses,Course Descriptions,PUBPOL 317 Plastic Planet: Pollution and Solutions (4 credits),374,"Plastic is ubiquitous in our modern lives, but its proliferation is increasingly questioned because of its adverse environmental impacts. This course examines plastic pollution from a politics and policy perspective. It does so by following the life cycle of plastics, from mining resources, refinement and manufacturing to using plastic in our daily lives to disposal. Throughout the life cycle, we will consider policy tools for dealing with the identified issues. The course will have an explicit comparative perspective with case studies from around the world.",85,6,"Environment, Health, and Policy",-0.47033575,7.409488,p00411|p00399|p00549|p00391|p00746
p01127,Part 10: Majors and Courses,Course Descriptions,PUBPOL 318 How to Change the World: The Role of Non-State Actors,374,"Regulation of societal risks was long seen as the province of state administrative institutions, but recent theories and practice challenge this view. A move away from a state-centered approach to governance has created space for non-state actors to assume a myriad of regulatory roles. This course will introduce theories and practices of non-state regulation. Drawing on cases from across the globe, this course will explore the multifaceted roles non-state actors can play in regulatory and governance processes. Cases examining how private individuals, civil society organizations, social entrepreneurs, enterprises, philanthropists and others have tried to change the world will be analyzed.",100,6,"Environment, Health, and Policy",-0.47883,8.759339,p00857|p01115|p01087|p00471|p00489
p01128,Part 10: Majors and Courses,Course Descriptions,PUBPOL 410 Counterterrorism Law and Policy (4 credits),375,"This course explores the novel legal and policy issues resulting from the United States' response to 9/11 attacks and the threat posed by modern terrorist organizations. Topics include preventative/preventive war; detention, interrogation, and prosecution of suspect terrorists; domestic surveillance; and government secrecy and public access to information.",47,0,Politics and Global Affairs,0.73667395,9.91124,p01069|p00817|p00822|p01125|p00980
p01129,Part 10: Majors and Courses,Course Descriptions,RINDSTU 393 Research Independent Study,376,"Research project mentored by an instructor with related interests and expertise, and the major product of which is a substantive paper or written report containing significant analysis and interpretation of a previously approved topic. Consent of instructor required.",38,2,Media and Arts,4.4209023,9.814335,p00862|p00070|p01197|p01146|p01187
p01130,Part 10: Majors and Courses,Course Descriptions,RELIG 101 Comparative Religious Studies (4 credits),377,"Who are you? What might you become? What is the world and does the world have a purpose? Questions like these lie at the heart of religious traditions around the world, and have inspired and frightened humans since the very beginning of our history. In this course, we will explore some of these traditions by going on a vision quest, a journey for insight. We will encounter ghosts, people who can fly, charismatic healers, and many more weird things. This is a course that might change your life. Welcome to the study of religion.",94,0,Politics and Global Affairs,1.2507454,8.859205,p01136|p01143|p01141|p01134|p01001
p01131,Part 10: Majors and Courses,Course Descriptions,RELIG 102 Prophets and Priests (4 credits),377,"This course studies the relationships among charismatic authority, priestly tradition, religious institutions, and state power. It uses as a case study the historical context of Palestine in the first century CE and examines the social and political context for the emergence of the Christian movement inspired by the teaching of Jesus of Nazareth. Topics include the nature of authority, religious resistance to state power, the concept of divine law, and popular sects. Other religious contexts may also be included in order to offer a comparative perspective.",86,0,Politics and Global Affairs,1.1860477,8.813539,p01133|p01089|p01135|p01136|p01143
p01132,Part 10: Majors and Courses,Course Descriptions,RELIG 103 Law and Revelation (4 credits),377,"This course focuses on the concept of religious law, the traditions of jurisprudence that emerge in religious societies, and their relationship to the modern nation state. It introduces students to the Islamic concepts of Qur’an, Sharia, and Fiqh (jurisprudence) with a view to understanding how divine laws function in human societies. Topics include concepts of divine revelation, sacred texts, law codes, legal institutions and modern forms of fundamentalism. Other religious traditions may also be included by way of comparison.",79,0,Politics and Global Affairs,1.116335,8.860247,p01089|p01136|p01140|p01133|p00785
p01133,Part 10: Majors and Courses,Course Descriptions,RELIG 104 Myth and Nation (4 credits),377,"This course studies the role of religion in establishing the founding mythology of peoples and nations. It introduces students to the Jewish tradition by way of example, and considers the role of the foundational mythology of the Jews in multiple forms of Judaism from early Israelite religion to modern Zionism. The course leads to an examination of the experience of holocaust, the quest for Jewish statehood and its impact upon the political situation in the Middle East. In so doing the course develops broad theoretical approaches in religious studies that can serve wider interests in understanding the relationship between nation, state, ethnicity, and religious belonging. Other religious contexts may be introduced by way of comparison.",115,0,Politics and Global Affairs,1.0919809,8.841184,p01136|p01134|p01089|p01132|p01143
p01134,Part 10: Majors and Courses,Course Descriptions,RELIG 105 Gods and People (4 credits),377,"This course introduces the Hindu concepts of darsan (vision of the gods) and dharma (path) so as to explore how religious visions, as represented in art, architecture and mythology, engage the social and material reality of religious practitioners’ daily lives. In so doing it exposes the cultural power of religious frameworks to structure normative hierarchies of gender, class and race. Students gain a functional understanding of religious cultures that may be applied to other traditions and contexts by way of comparison.",81,2,Media and Arts,1.1681257,8.87198,p01136|p01133|p00785|p01143|p01159
p01135,Part 10: Majors and Courses,Course Descriptions,RELIG 106 Religion and Leadership (4 credits),378,"Different religions have portrayed leaders in different ways, through stories, exemplars and which attributes of leaders and followers are emphasized or downplayed. Drawing upon a wide variety of resources in religious studies, history, philosophy, psychology, sociology, and cultural studies, this course will examine how a wide variety of religions depict leaders and leadership, highlighting both the differences and the similarities across religions and within religious traditions. The course will also draw upon research on leadership, cultural values, and norms to systematically compare and contrast how religion shapes perceptions of leadership. Applications explored will include religion-based portrayals of gender, race ethnicity, and age in assessing leaders. Also considered will be whether these portrayals make specific religious lenses more or less amenable to leadership development in different contexts (for example where innovation is important or where co leadership is essential).",138,0,Politics and Global Affairs,1.1384398,8.810413,p01143|p01133|p00412|p01134|p01136
p01136,Part 10: Majors and Courses,Course Descriptions,RELIG 107 Readings in Religious Literature (2 credits),378,"This course introduces students to a variety of religious literature and sacred texts from across the world. Students learn how to read and interpret these texts and in this way come to reflect on the nature of religion and its function in human societies. In addition discussing fundamental theological questions about the nature of existence, the course will also examine the practical ways in which religions shape the embodied lives of religious practitioners across the world.",76,0,Politics and Global Affairs,1.1830436,8.844708,p01143|p01134|p01133|p01141|p00785
p01137,Part 10: Majors and Courses,Course Descriptions,"RELIG 201 Confucianism, Daoism and Buddhism (4 credits)",378,"It is often said that there are three teachings that have defined Chinese society through the ages. Confucianism, Daoism, and Buddhism are traditions that have produced some of the most profound, provoking, and funny ideas and practices in the history of humankind. In this course, we will examine these ideas and practices intellectually and experientially. In doing so, you will not only gain a firm knowledge of some of the most important sources of East-Asian culture, but also a new perspective on your own life.",85,4,"China, History, and Culture",0.837934,11.658265,p00814|p00657|p00788|p01138|p00772
p01138,Part 10: Majors and Courses,Course Descriptions,RELIG 202 Modern Buddhism (4 credits),378,"An examination of Buddhism in Asia, Europe, and the United States from the mid-nineteenth century to the present. The course emphasizes how global exchanges resulted in the emergence of Buddhism in the United States and Europe, and the transformation of Buddhism in Asia. The course takes a number of case studies in the transformation of Buddhism including the emergence of humanistic Buddhism in modern China; the American encounter with Japanese Zen; and the relationship between Buddhism and ethnic militarism in Imperial Japan, Sri Lanka and Myanmar.",86,4,"China, History, and Culture",0.80954516,11.29599,p01139|p00834|p01137|p00814|p00772
p01139,Part 10: Majors and Courses,Course Descriptions,RELIG 202 Modern Buddhism (4 credits),379,In all cases the course examines how Buddhism transformed in response to the emergence of new global contexts.,18,0,Politics and Global Affairs,1.1447892,10.474984,p01138|p00993|p00785|p00834|p00822
p01140,Part 10: Majors and Courses,Course Descriptions,"RELIG 203 Judaism, Christianity, and Islam (4 credits)",379,"In contrast to the Chinese concept of the “three traditions”, Islamic tradition came to define the overlapping identity of Jewish, Christian and Islamic peoples by the concept of “the people of the book”. This course offers an introduction to the three traditions of Judaism, Christianity and Islam by focusing on the concept of the sacred text as the written revelation of God. Comparisons between the Jewish Torah, Christian gospels and Islamic law, and the practices of scribes, commentators, and textual scholars illuminate the similarities and also differences between the three great monotheistic traditions of the world.",96,0,Politics and Global Affairs,1.1406217,8.836082,p01136|p01132|p01089|p01133|p00441
p01141,Part 10: Majors and Courses,Course Descriptions,RELIG 204 The Problem of Evil (4 credits),379,"This courses explores the problem of evil for Eastern and Western religious thought and discusses several attempts to confront the reality of evil, to square that with one’s worldview, and to find a way of living with that worldview. This courses examines theological, philosophical, psychological, and popular cultural conceptions and responses.",51,0,Politics and Global Affairs,1.0946342,8.818237,p01143|p01136|p01133|p00413|p01130
p01142,Part 10: Majors and Courses,Course Descriptions,RELIG 302 Religious and Philosophical Thought on the Environment (4 credits),379,"This course explores the ways in which a variety of religious traditions across the world have shaped fundamental conceptions of humanity’s place within nature, including the kinds of environmental ethics that arise from these conceptions. The course examines the foundational texts and practices of selected world religions and considers how these texts and practices are being used by contemporary religious leaders to shape religious responses to current ecological challenges, such as environmental pollution, global climate change, and the factory farming of nonhuman animals.",83,0,Politics and Global Affairs,0.8568579,8.567082,p01144|p00759|p00746|p01003|p01143
p01143,Part 10: Majors and Courses,Course Descriptions,RELIG 303 The Human Condition (4 credits),379,"Exploration of the problem of the human condition for Eastern and Western religious thought. This courses examines theological, philosophical, psychological, and popular cultural conceptions and responses. It explores how traditions of religious thought have conceptualized the basic problem of the human condition, whether as the consequences of karmic bonds, the general condition of human ignorance, or a lack of proper moral training. At the same time the course offers a framework for understanding religious movements as positing solutions to the problems they identify, whether conceptualized as salvation, liberation, perfection, or immortality.",91,0,Politics and Global Affairs,1.0953715,8.836016,p01136|p01141|p01144|p00414|p01142
p01144,Part 10: Majors and Courses,Course Descriptions,RELIG 304 Ethics in Religious Perspective (4 credits),380,"This course examines how and why religious traditions propose ethical norms, their continued significance in the contemporary world, and recent attempts to foster a more inclusive, global approach to ethics. Whether formulated in divine laws, ritual formulas or monastic codes, religious traditions have asserted their authority and identity by specifying what they regard as the ultimate norms for human conduct. These norms were formulated in the last Axial period around 2,500 years ago and reflect the values and interests of those societies. The course examines the continuing impact and relevance of these norms on contemporary life, and pays particular attention to attempts to shape global ethical norms especially in relation to global issues such as climate change.",117,0,Politics and Global Affairs,0.9287116,8.711691,p01142|p00764|p01143|p00403|p00414
p01145,Part 10: Majors and Courses,Course Descriptions,SOSC 101 Foundational Questions in Social Science (4 credits),381,"People everywhere ponder and debate fundamental questions: What does it mean to be human? How is society to be ordered? What is a moral life? Our ancestors asked such questions as well: it is likely that those questions lie at the origins of humanity itself. They also provide the foundations for much of the most important research in the social sciences today. This course examines the ways in which social scientists from a diversity of disciplines approach these fundamental questions. Study material for the course will include foundational texts from across the social sciences, as well as cutting-edge research from the present day. This course will not attempt to answer these vast questions, or provide neat solutions for students: rather, we want to excite students about the social sciences and whet their appetites for further study.",136,0,Politics and Global Affairs,1.853717,9.006825,p01164|p01156|p01146|p01158|p01065
p01146,Part 10: Majors and Courses,Course Descriptions,SOSC 102 Introduction to Research Methods (4 credits),381,"This course provides students with an understanding of research designs and research methods used in the social sciences. Students will learn about the scientific method, research methods and design, measurement, and ethical issues. Topics include quantitative and qualitative approaches, as well as mixed methods.",44,2,Media and Arts,1.7580502,7.930388,p01152|p01081|p00576|p00575|p01145
p01147,Part 10: Majors and Courses,Course Descriptions,SOSC 110 Innovation and Creativity (2 credits),381,"The overall goal of this course is to develop and enhance the creative potential of the students and assist them to engage in innovation-driven activities through hands-on projects. The design of the course focuses on the core principles of project-based learning, creative thinking, and interdisciplinary collaboration. First, students will gain fundamental knowledge regarding the concepts and processes of creativity and innovation. Second, students will learn various tools to unlock their creativity, improve the flexibility and originality of their ideas, collaborate and contribute to a creative team. And third, students will practice what they have learned via inspiring exercises and projects on both an individual and group level.",107,2,Media and Arts,3.8864887,10.751632,p00954|p00865|p01113|p01198|p01191
p01148,Part 10: Majors and Courses,Course Descriptions,"SOSC 203 The Social, Political, and Economic Implications of Immigration (4 credits)",381,"The regulation of labor immigration is among the most important and controversial public policy issues in high-income countries, but these issues have implications for understanding the social, political, and economic structures of all nations. Many countries in Europe and North America, including the UK and the US, have experienced very rapid increase in labor immigration over the past 20 years. In China, immigration, return migration, and internal migration have shaped much of its development. This course attempts to understand the determinants of immigration and how nations approach this critical social issue.",91,4,"China, History, and Culture",0.5831529,10.309037,p00334|p00853|p01108|p00352|p00345
p01149,Part 10: Majors and Courses,Course Descriptions,SOSC 301 Religion and Community in America (4 credits),382,"The U.S. has been characterized as a “nation with the soul of a church.” This unpacks that statement and explores the distinctive role that religious belief and institutions have played in American life. This course examines religious figures and movements, the role religion plays in politics and public life, the cultural contours of religious popular and social movements, the racial, ethnic and gendered dimensions of religious life, and the nature of individualism and social solidarity in the U.S.",78,0,Politics and Global Affairs,1.0274198,9.393718,p01143|p01071|p00555|p01133|p01088
p01150,Part 10: Majors and Courses,Course Descriptions,SOSC 311 The Future of the City (4 credits),382,"Rapid technological change may imply that cities will dramatically change form as new technologies emerge, with important implications for urban design. Self-driving cars, the possibility of three-dimensional transportation networks, telecommuting, urban agriculture, green cities, etc. This course will explore implications of these developments for urban design in light of underlying sociological and economic forces at work.",56,6,"Environment, Health, and Policy",-0.51994807,11.5978155,p00328|p00722|p00780|p00474|p00331
p01151,Part 10: Majors and Courses,Course Descriptions,SOSC 313 Decision Making Under Uncertainty (4 credits),382,This course is about the techniques available to improve decision‐making and limit mistakes.,13,3,Language and Communication,1.766272,7.467922,p00583|p00576|p00325|p00305|p01056
p01152,Part 10: Majors and Courses,Course Descriptions,SOSC 313 Decision Making Under Uncertainty (4 credits),382,"Methods include game theory, social choice theory, statistics and econometrics and computational modeling. The goal of the course is not to develop mastery, but to help students become better readers of research in the social sciences, while simultaneously providing them with a better sense of the options available as they pursue further course work and expertise in the social sciences.",60,6,"Environment, Health, and Policy",1.5932394,7.70781,p01146|p00576|p00575|p00574|p00298
p01153,Part 10: Majors and Courses,Course Descriptions,SOSC 314 Computational Social Science: Tools to Collect & Analyze Human Behavior Using Data from the Internet (4 credits),382,"This course explores the inter-disciplinary field of computational social science, drawing from sociology, computer science, and related disciplines. Students will obtain skills to automate collection of social science data from new sources (Twitter, Facebook, Google, etc.), to classify unstructured data into discrete variables and to analyze them using a combination of techniques that includes screen-scraping, natural language processing and machine learning. Complex ethical and legal issues that arise when working with these novel sources of data. Students develop their imagination about new questions that can be asked with these new data sources. Reading and reproducing exemplary studies produced by computational social scientists.",102,6,"Environment, Health, and Policy",3.1663048,6.5894346,p00322|p00864|p00311|p00327|p00660
p01154,Part 10: Majors and Courses,Course Descriptions,SOSC 320 Data in the World: Applied Social Statistics (4 credits),382,"This course to explore how to extend statistical techniques learned in earlier classes and how to apply them to real-world problems. The course starts with the standard linear model and then explores more generalized models and models that rely on certain assumptions about the underlying data, with a focus on identifying which techniques are appropriate for what kinds of data. We rely heavily on interactive use of R software in applying models to real-world datasets. The class is open to all students but is focused on questions related to social problems - those involving human activity.",96,1,Natural Science and Computation,2.302342,7.5752892,p01168|p01178|p00348|p00575|p00324
p01155,Part 10: Majors and Courses,Course Descriptions,"SOCIOL 104 Love, Marriage, and Family in Comparative Perspective (4 credits)",384,"This course explores the process of family transformation in contemporary East Asia and the U.S. from a comparative perspective. It introduces different concepts, theories, and frameworks to explain the slow but noticeable family changes in East Asian societies and some distinct characteristics in the US. It will draw literature from sociology, demography, anthropology, and economics to study love, passion, marriage, cohabitation, mate selection, same-sex couples, and divorce across social contexts.",70,4,"China, History, and Culture",0.9785663,10.968073,p00350|p00886|p00772|p01123|p00437
p01156,Part 10: Majors and Courses,Course Descriptions,SOCIOL 110 Sociological Inquiry (4 credits),384,"This course introduces students to the world of sociology. Sociologists study social relationships, social interactions, and the influence of structural forces upon people. This course offers students a broad survey of sociology, covering a wide variety of sociological themes including the relationship between individual and society, important social institutions in the society, and various social inequalities. Students will acquire knowledge in the main sub-fields in sociology and develop valuable skills, such as critical reading and thinking.",76,2,Media and Arts,1.8527286,9.11749,p01164|p01145|p01146|p00347|p01159
p01157,Part 10: Majors and Courses,Course Descriptions,SOCIOL 111 Contemporary Social Problems (4 credits),384,"Social problems both reflect and generate social change; this course provides a comparative analysis of the major social problems that have propelled social and cultural dynamics across historical periods, nations, and social groups by gender, race/ethnicity, and social class. The course explores the origins and implications of deviant behavior, social conflict and inequality, human progress and social change. Because studying social problems often involves specialize research methods, this course also investigates issues such as the unique inductive and deductive processes and related analysis methods that have developed in this field.",90,0,Politics and Global Affairs,1.6376134,9.355245,p00348|p00822|p01163|p01146|p01164
p01158,Part 10: Majors and Courses,Course Descriptions,"SOCIOL 180 Society, the Self, and the Changing Natural World (4 credits)",384,"This course is an exploration of the changing and contrasting perceptions of social, themselves, and the natural world that people develop. It investigates how our perceptions are conditioned by the times we live in and reigning assumptions of our societies. The course covers a range of related topics including the exploration of perceptions of the self through the arts and the examination of conflicts between science and society.",68,2,Media and Arts,1.968144,9.265412,p01164|p01000|p01159|p01145|p00782
p01159,Part 10: Majors and Courses,Course Descriptions,SOCIOL 202 Sociology of Culture (4 credits),384,"The terms “culture” and “cultural” have a wide range of meanings: objects, genres, actions (especially conventional), mental representations, and even complex institutional structures are all part of culture. Many sociologists argue that culture is not its object, rather it is an approach; it is about shared meaning and permeates all of social life. This course will allow students to engage in and contribute to this conversation in an effort to develop their understanding of culture and related changes in social processes over time. This course exposes students to the unique approaches the sociologists take to understanding culture and introduces them to many of the major theorists of culture. By the end of the course, students will have a basic toolkit for understanding society culturally.",124,2,Media and Arts,2.1230495,9.660879,p00779|p00442|p00336|p00842|p00347
p01160,Part 10: Majors and Courses,Course Descriptions,"SOCIOL 204 Identity, Action, and Emotion (4 credits)",385,"Sociologists and social psychologists have made significant strides in recent decades using mathematical models to describe how people import cultural meanings into social interactions. This course explains how people maintain identities in role relationships and group interactions, and it explores a theory of how people perform normal institutional roles, respond to odd situations, and try to feel good about themselves. Students will learn to use computer simulations to model self, identity and emotional processes. They will leave the course knowing how to think scientifically about routine and unexpected parts of everyday life.",92,2,Media and Arts,1.9021077,9.110667,p01159|p01158|p00577|p01156|p00298
p01161,Part 10: Majors and Courses,Course Descriptions,"SOCIOL 205 Gender, Work, and Organizations (4 credits)",385,"Research and theories on gender issues in the organization of work are central to inquiry across the social sciences and in sociology, in particular. The socio-historical causes of gender segregation in the workplace and the contemporary consequences for wages and occupational status have permeated research and have been central to policy discussions as well. This course studies how gender interacts with work and complex organizations such as businesses, not-for-profits, and government agencies. It looks at how women have changed their roles in many societies and asks why progress has been slower in others. It uses case studies of specific work organizations with gender-related problems in group projects and presentations.",109,0,Politics and Global Affairs,1.2266405,9.779519,p00688|p00861|p01157|p00786|p01072
p01162,Part 10: Majors and Courses,Course Descriptions,SOCIOL 211 Social Inequality (4 credits),385,"Variations in the structure of inequality over time and across nations shape the way people behave, the interactions they have every day, and the challenges they will face across the life course. Inequality shapes and is shaped by educational institutions, economic development, work institutions, and state welfare programs. This course explores the nature, forms, and socioeconomic bases of inequality and social stratification. It pays particular attention to age, gender, race, ethnicity, class, region, and family as dimensions of inequality. The course pays particular attention to the degree to which people are able to change positions in the social structure over time.",101,0,Politics and Global Affairs,0.3585562,8.958512,p01072|p00702|p00349|p00802|p00861
p01163,Part 10: Majors and Courses,Course Descriptions,"SOCIOL 301 Race, Ethnicity, and Citizenship (4 credits)",385,"Race, ethnicity, and citizenship structure interactions and social change in all countries, and they also condition the forms of interaction that determine global processes and well-being. This course provides a critical framework to access origins, manifestations and evolution of race, ethnicity and citizenship. The course reviews and addresses the origins of and theoretical orientations of race, ethnicity and citizenship as constructs with social and political implications. It examines different ethnographies as well as quantitative studies to pinpoint how social scientists actually examine and draws conclusions about race, ethnicity and citizenship.",90,0,Politics and Global Affairs,1.2933456,10.178769,p00898|p00694|p00680|p00336|p00834
p01164,Part 10: Majors and Courses,Course Descriptions,SOCIOL 305 Theory and Society (4 credits),386,"This course exposes students to major classical and modern social theorists from the Enlightenment to the present. The course pays particular attention to theories seeking to follow models of the natural sciences and those seeking a more critical and interpretive understanding of modern society. Topics also include examining how sociological theory relates to other modern currents, such as conservatism, socialism, existentialism, anti-colonialism, feminism, post-modernism.",64,0,Politics and Global Affairs,1.8766311,9.177825,p01075|p01145|p01158|p01156|p01159
p01165,Part 10: Majors and Courses,Course Descriptions,SOCIOL 306 Contemporary Population Problems (4 credits),386,"Demography is an interdisciplinary field that intersects with sociology, economics, population health, statistics, and mathematics. The population issues, such as aging, population decline, fertility, and migration, also associate with economic development and policy making in different countries. This course will review key population problems in contemporary industrialized and developing societies. The following issues can be discussed in the course: the end of population growth, population aging, mortality in developed and developing countries, migration, and urbanization.",75,6,"Environment, Health, and Policy",0.22984153,9.11042,p01120|p00718|p01162|p00348|p00750
p01166,Part 10: Majors and Courses,Course Descriptions,SPANISH 25 Advanced Intermediate Spanish (4 credits),387,Credit for Advanced Placement on the basis of the College Board Examination in Spanish.,14,7,"Credits, Load, and Grading",7.471063,5.0183287,p00879|p00873|p00731|p00767|p00769
p01167,Part 10: Majors and Courses,Course Descriptions,STATS 20 Basic Statistics and Quantitative Literacy (4 credits),388,Credit for Advanced Placement on the basis of the College Board Examination in Statistics (Score of 5).,17,7,"Credits, Load, and Grading",7.4253583,5.027807,p00811|p00730|p00873|p00879|p00584
p01168,Part 10: Majors and Courses,Course Descriptions,STATS 101 Introduction to Applied Statistical Methods (4 credits),388,"This course will introduce students to common statistics used in social science research articles and the media with the goal of making them informed and critical consumers of research results reported by various sources. Students will gain understanding of the conceptual basis and purpose of different statistics, as well as the formulas for deriving them. The relationship of statistical analysis to other components of the research process will be explicated. The course will be taught using team-based learning with an emphasis on the application of new concepts, knowledge, and skills in the classroom. Application activities will include interpreting statistics presented in tables and graphics in research articles and the media, critiquing conclusions drawn from statistics, and using statistical software, such as SPSS or Stata, to conduct statistical tests and generate tables and graphics.",133,2,Media and Arts,2.2721055,7.61923,p01154|p01146|p00426|p00324|p01081
p01169,Part 10: Majors and Courses,Course Descriptions,STATS 102 Introduction to Data Science (4 credits),388,"As an introductory course in data science, this course will show students not only the big picture of data science but also the detailed essential skills of loading, cleaning, manipulating, visualizing, analyzing and interpreting data with hands on programming experience.",40,1,Natural Science and Computation,3.5839307,5.9051757,p00660|p00661|p00283|p00365|p00274
p01170,Part 10: Majors and Courses,Course Descriptions,STATS 201 Introduction to Machine Learning for Social Science (4 credits),388,"In almost every field, there is a need to draw inference from or make decisions based on data. The goal of this course is to provide an introduction to machine learning that is approachable to diverse disciplines and empowers students to become proficient in the foundational concepts and tools while working with interdisciplinary real-world data. You will learn to (a) structure a machine learning problem, (b) determine which algorithmic tools are applicable to a given problem, (c) apply those algorithmic tools to diverse, interdisciplinary data examples, (d) evaluate the performance of your solution, and (e) how to accurately interpret and communicate your results. This course is a fast-paced, applied introduction to machine learning that arms you with the basic skills you will need in practice to both conduct analyses and effectively communicate your results.",134,1,Natural Science and Computation,3.3947349,5.9119735,p00365|p00366|p01169|p01178|p01179
p01171,Part 10: Majors and Courses,Course Descriptions,"STATS 210 Probability, Random Variables and Stochastic Processes (4 credits)",389,"This course covers probability models, random variables with discrete and continuous distributions, independence, joint distributions, conditional distributions, expectations, functions of random variables, central limit theorem, stochastic processes, random walks, and Markov chains.",32,1,Natural Science and Computation,2.5618181,5.757055,p00924|p01180|p00925|p00936|p01175
p01172,Part 10: Majors and Courses,Course Descriptions,STATS 301 Statistics (4 credits),389,"An introduction to the concepts, theory, and application of statistical inference, including the structure of statistical problems, probability modeling, data analysis and statistical computing, and linear regression. Inference from the viewpoint of Bayesian statistics, with some discussion of sampling theory methods and comparative inference. Applications to problems in various fields.",50,1,Natural Science and Computation,2.682773,5.7899566,p00924|p01174|p01175|p00378|p01180
p01173,Part 10: Majors and Courses,Course Descriptions,STATS 302 Principles of Machine Learning (4 credits),389,"This course covers maximum likelihood estimation, linear discriminant analysis, logistic regression, support vector machine, decision tree, linear regression, Bayesian inference, unsupervised learning, and semi-supervised learning. Students are not allowed to take both MATH 405 and STATS 302 because of the content overlap. Students who are planning to major in Data Science should take STATS 302.",55,1,Natural Science and Computation,2.9036481,5.4733877,p00926|p00937|p00928|p01174|p00366
p01174,Part 10: Majors and Courses,Course Descriptions,STATS 303 Statistical Machine Learning (4 credits),389,"This course covers statistical inference, parametric method, sparsity, nonparametric methods, learning theory, kernel methods, computation algorithms and advanced learning topics.",20,1,Natural Science and Computation,2.8348126,5.5838294,p01180|p01173|p01175|p00928|p00937
p01175,Part 10: Majors and Courses,Course Descriptions,STATS 304 Bayesian and Modern Statistics (4 credits),389,"This course covers Bayesian inference, prior and posterior distributions, multi-level models, model checking and selection, and stochastic simulation by Markov Chain Monte Carlo.",23,1,Natural Science and Computation,2.666348,5.760329,p01180|p01171|p01174|p00936|p01172
p01176,Part 10: Majors and Courses,Course Descriptions,STATS 305 Study Design: Design of Surveys and Causal Studies (4 credits),389,"Investigation of study designs collecting data and their implications for statistical inference. Design and analysis of surveys of populations, including stratification, clustering, multi-stage sampling, design-based inference, considerations when analyzing convenience samples and big data. Design and analysis of causal studies including randomized experiments, blocking, fractional factorial designs, non-randomized studies, propensity score analysis. Applications involving big data, health, policy, natural and social sciences.",62,6,"Environment, Health, and Policy",2.0050213,7.8725796,p00327|p00801|p00324|p00426|p00567
p01177,Part 10: Majors and Courses,Course Descriptions,STATS 401 Data Acquisition and Visualization (4 credits),390,"This course introduces the principles and methodologies for data acquisition and visualization, along with tools and techniques used to clean and process data for visual analysis. It also covers the practical software tools and languages such as Tableau, OpenRefine and Python/Matlab.",41,1,Natural Science and Computation,3.6410427,6.0561733,p01169|p00661|p00667|p00868|p00364
p01178,Part 10: Majors and Courses,Course Descriptions,STATS 402 Interdisciplinary Data Analysis (4 credits),390,"This course covers interdisciplinary applications of data analysis for social science, behavioral modeling, health care, financial modeling, advanced manufacturing, etc. Students are expected to solve a number of practical problems by implementing data algorithms with R during their course projects.",40,1,Natural Science and Computation,3.1498523,6.2935,p00365|p01154|p00364|p01170|p01146
p01179,Part 10: Majors and Courses,Course Descriptions,STATS 403 Deep Learning (4 credits),390,"This course covers neural network, deep belief network, Boltzmann machine, convolutional neural network, recurrent neural network, and deep learning applications for speech, image, video, etc.",25,1,Natural Science and Computation,3.0560985,5.6933436,p00671|p01174|p01180|p01170|p00664
p01180,Part 10: Majors and Courses,Course Descriptions,STATS 404 Probabilistic Graphical Models (4 credits),390,"This course covers Bayesian network, Markov random field, Gaussian graphical model, message passing, generalized linear model, expectation-maximization, factor analysis, state space model, conditional random field, variational inference, approximate inference, Dirichlet process, kernel graphical model and spectral algorithm.",37,1,Natural Science and Computation,2.7879605,5.742643,p01175|p01171|p01174|p00662|p01179
p01181,Part 10: Majors and Courses,Course Descriptions,TLANG 191 – Independent Study in Third Language 1 (4 credits),391,"This is a guided independent study course in which learners will learn basic skills in the target language. The specific goals and other aspects of the course (e.g. materials, learning methods) to be determined through discussion between the learner and instructor, but normally learners in this course will learn how to introduce themselves, manage daily interactions, and deal with daily life issues; in other words, the course will cover the amount and type of material normal for a first term language course. The target language must be one which faculty in the Language Learning Studio are able to speak and can provide coaching for. This course is for students whose Third Language track students, i.e. those whose English and Chinese language proficiency is such that they need no further study of these languages.",133,3,Language and Communication,5.049904,11.688974,p01183|p01184|p01182|p00739|p00649
p01182,Part 10: Majors and Courses,Course Descriptions,TLANG 192 – Independent Study in Third Language 2 (4 credits),391,"In this guided independent study course students will master the skills and language knowledge normally covered in a second term language course. While the specific goals and other aspects of the course (e.g. materials, learning methods) will be determined through discussion between the learner and instructor, normally learners in this course will learn how to carry on social conversation about themselves and their lives. The target language must be one which faculty in the Language This is a guided independent study course in which learners will learn basic oral and/or written skills for managing common social interactions in the target language. The specific goals and other aspects of the course (e.g. materials, learning methods) to be determined through discussion between the learner and instructor, but essentially the course will cover the amount and type of material normal for a second-level language course. The target language must be one which faculty in the Language Learning Studio are able to speak and can provide coaching for. This course is for Third Language track students.",172,3,Language and Communication,5.030155,11.620818,p01184|p01183|p01181|p00739|p00732
p01183,Part 10: Majors and Courses,Course Descriptions,TLANG 291 – Independent Study in Third Language 3 (4 credits),391,"In this guided independent study course students will master the skills and language knowledge normally covered in a third term language course. While the specific goals and other aspects of the course (e.g. materials, learning methods) will be determined through discussion between the learner and instructor, normally learners in this course will learn how to communicate about topics such as school life, work, travel and so forth. The target language must be one which faculty in the Language Learning Studio are able to speak and can provide coaching for. This course is for is for Third Language track students.",99,3,Language and Communication,4.9660263,11.5838175,p01184|p01182|p01181|p00739|p00649
p01184,Part 10: Majors and Courses,Course Descriptions,TLANG 292 – Independent Study in Third Language 4 (4 credits),392,"In this guided independent study course students will master the skills and language knowledge normally covered in a fourth term language course. While the specific goals and other aspects of the course (e.g. materials, learning methods) will be determined through discussion between the learner and instructor, normally learners in this course will learn how to communicate about topics such as one’s country and community, social issues, and so forth. This is a guided independent study course in which learners will learn basic oral and/or written skills for talking about topics such as school life, work, travel and so forth. The specific goals and other aspects of the course (e.g. materials, learning methods) to be determined through discussion between the learner and instructor, but essentially the course will cover the amount and type of material normal for a second-level language course. The target language must be one which faculty in the Language Learning Studio are able to speak and can provide coaching for. This course is for Third Language track students.",170,3,Language and Communication,5.0061445,11.5773535,p01182|p01183|p01181|p00739|p00732
p01185,Part 10: Majors and Courses,Course Descriptions,USTUD 210 American Musicals (4 credits),393,"This course examines the history of American musicals, focusing on the period from Show Boat to Sondheim with attention to poetics, aesthetics, and politics. It demonstrates how the American musical has functioned as a popular representation of key themes such as immigration, race and gender and sexual diversity. Students will learn to identify historical and cultural references, and place the evolution of the musical in its proper social and historical context, including the significance of Broadway and New York in the popular American cultural imagination. Students learn to interpret music as text and understand the relationship of musical theater to other musical forms such as blues, jazz, pop and rock.",110,2,Media and Arts,2.0568116,11.225066,p00953|p00887|p01186|p00902|p00951
p01186,Part 10: Majors and Courses,Course Descriptions,USTUD 301 The Western Across Boundaries (4 credits),393,"This course studies the film genre that has, for better and for worse, defined what it means to be an American for Americans themselves and for the rest of the world. It places these films in the historical context of the American westward expansion, and the genocide of native Americans. It examines these films through the myths of the American pioneer, rugged individualism, heroic masculinity, and drama of the American landscape. By focusing on the concept of crossing boundaries, the course analyzes the concept of the frontier, the representation of frontier communities including Chinese and Irish immigrants, Hispanic peoples and native Americans.",102,0,Politics and Global Affairs,1.3271952,10.69203,p00880|p00555|p01088|p00816|p00817
p01187,Part 10: Majors and Courses,Course Descriptions,USTUD 390 Junior Seminar: Advanced Topics,393,This seminar is a core component of the interdisciplinary major in US Studies. Students will apply to interdisciplinary topics the knowledge and methods of analysis that they have gained in different disciplines. Students will re-connect with the broader community of faculty and students in their major and further develop their capacities to translate between their areas of expertise and the larger questions and issues that apply across a variety of disciplines. The seminar will foster the ability to see their disciplinary knowledge from a wider perspective and to apply it flexibly. Specific topics will vary. This seminar is required for all juniors in the major. Other students may enroll with the permission of the instructor.,115,2,Media and Arts,4.0738797,9.321541,p01188|p00705|p00870|p00706|p00765
p01188,Part 10: Majors and Courses,Course Descriptions,USTUD 490 Senior Seminar: Advanced Topics,393,This seminar is a core component of the interdisciplinary major in US Studies. Students will apply to interdisciplinary topics the knowledge and methods of analysis that they have gained in different disciplines. Students will re-connect with the broader community of faculty and students in their major and further develop their capacities to translate between their areas of expertise and the larger questions and issues that apply across a variety of disciplines. The seminar will foster the ability to see their disciplinary knowledge from a wider perspective and to apply it flexibly. Specific topics will vary. This seminar is required for all seniors in the major. Other students may enroll with the permission of the instructor.,115,2,Media and Arts,4.040234,9.326727,p01187|p00870|p00706|p00705|p00766
p01189,Part 10: Majors and Courses,Course Descriptions,WOC 104 Introduction to University Writing for International Students (2 credits),394,"This is an introductory academic writing course designed for international students who attended high schools where English was not the medium of instruction, and have not previously studied academic writing in English. It is designed to help equip students with the academic reading & writing skills in English that they need to succeed in their DKU courses. This content-based language course is focused on the topic of language learning motivation. Through academic reading, writing papers, and delivering presentations which explore theories and narratives on language learning, students will become well prepared to meet the academic expectations of their DKU professors.",100,3,Language and Communication,4.570442,11.269327,p01196|p00732|p01199|p00148|p01198
p01190,Part 10: Majors and Courses,Course Descriptions,WOC 110 Should We Care About Endangered Languages (2 credits),394,"This course examines the issue of endangered languages, in particular whether or not it is important to be concerned about the decreasing number of languages in the world. Through studying this issue, staking out positions, and making cases for those positions, students will build their ability to present clear and effective arguments in papers and oral presentations.",57,3,Language and Communication,4.617467,11.624158,p01194|p00738|p00737|p01196|p00768
p01191,Part 10: Majors and Courses,Course Descriptions,WOC 190 Special Topics in Writing (2 credits),394,This is a theme-based writing seminar course through which students strengthen their creative or expository writing skills through exploration of a topic chosen by the instructor. This course is open to all undergraduate students.,34,2,Media and Arts,4.0928416,11.103472,p01199|p01198|p00733|p00032|p01192
p01192,Part 10: Majors and Courses,Course Descriptions,WOC 201 Academic Writing 1: Argumentation Across Disciplines (2 credits),394,"This course aims to help students become better academic writers by exploring how the features of a persuasive argument vary across the sciences, humanities, and social sciences. The course will first explore fundamental features of argumentative writing for a general audience, including organizational structure and language. Fundamentals in mind, the second half of the course explores how these ideas and practices can be adapted for specific academic purposes. The course will seek answers to the following questions: How do the means of persuasion change depending on the audience? How do disciplinary goals shape arguments? How do cultural and language differences influence persuasion in different contexts? How do citation and style conventions differ across disciplinary contexts and why?",117,2,Media and Arts,3.9316585,11.230356,p01193|p01191|p00885|p01199|p00733
p01193,Part 10: Majors and Courses,Course Descriptions,WOC 202 Academic Writing 2: Genre & Structure Across Disciplines (2 credits),395,"Genre & Structure Across Disciplines examines how genre knowledge can contribute to the construction of persuasive academic texts. It is a continuation of WOC201, adding genre knowledge and organizational strategies to previous discussions of the rhetorical and linguistic features of academic writing. Firstly, we explore the concepts of ‘moves’ in academic writing, including the CARS model, problem-solution, and general-specific texts. Secondly, we connect the ideas of moves to rhetoric & persuasion, exploring the concepts of literacy, discourse communities, intertextuality, and genre sets. The final project is a collaborative guide to writing across disciplines for the WLS and the DKU community.",100,2,Media and Arts,3.977335,11.223004,p01192|p01191|p01199|p00882|p00840
p01194,Part 10: Majors and Courses,Course Descriptions,WOC 205 Writing about Endangered Languages (4 credits),395,"Through study of endangered languages, this course will help students improve their ability to research an issue by using library resources in multiple languages, and to write a well-grounded and persuasive course paper in which students make a case for their position on this issue; students will also improve their ability to make their case through a well-informed and persuasive oral presentation. Last but not least, through study of this issue, students will learn more about the role of languages in today’s globalizing world.",84,2,Media and Arts,4.5114727,11.572588,p01190|p00738|p00737|p01192|p01196
p01195,Part 10: Majors and Courses,Course Descriptions,WOC 206 Debating Scenarios for Sustainable Futures (2 credits),395,"This course will focus on the fundamentals of argumentation, refutation, and value and impact analysis. Rather than allowing debates to end with a winner, however, students will also explore the importance of reconciliation with consensus-building tasks that generate alternative solutions by considering all stakeholder perspectives and suggesting amicable resolutions to these debates.",52,2,Media and Arts,4.090163,11.136716,p00738|p01192|p01117|p01098|p01145
p01196,Part 10: Majors and Courses,Course Descriptions,WOC 208 An Introduction to Language Teaching (2 credits),395,"This course introduces the key components of language teaching to students who have an interest in teaching languages and who may wish to engage in language teaching assignments either during or after their DKU studies. Based on the Cambridge English Teaching Framework and using English as the main language of focus, the course is rooted in pedagogical theory focusing on practical knowledge and teaching skills that can be easily applied to the teaching of various languages (i.e. not only teaching English). The primary objective of the course is to build students’ awareness of what effective language teaching is and to equip them with the essential skills needed to start teaching.",110,3,Language and Communication,4.8021593,11.523244,p01189|p01183|p01181|p00770|p00878
p01197,Part 10: Majors and Courses,Course Descriptions,WOC 211 Composing Research 1: Developing a Research Proposal (2 credits),396,"WOC 211 aims at preparing students for their signature work at DKU and similar projects. This research preparedness course will engage students with writing on the research process and guide them in producing a research proposal on their chosen topics. Students will search for and evaluate relevant literature, store and manage references, frame the research question(s), and determine research approaches. Students will develop their critical thinking, problem-solving, teamwork, and communication skills during the research proposal writing process. These learning modules will help students learn how to engage in academic conversations and contribute to the existing literature.",96,2,Media and Arts,4.280424,10.839628,p01198|p01129|p00808|p01191|p00148
p01198,Part 10: Majors and Courses,Course Descriptions,WOC 213 From Text to World: Editing and Publishing (2 credits),396,"In this course students will learn the fundamentals of editing while working together to produce a publication (anthology or journal/magazine issue) that showcases the talents of DKU's student writers. Students will learn how to give more effective feedback, edit for style and content, and consider texts from a potential reader's perspective, while following the journey of a written text from the writer's conception to the editors' curation and finally into print. Each student will undertake an independent writing project upon which they will practice the editing and revision skills we learn in this class. Students are encouraged to contact the instructor in advance to learn about the publication's theme for a given session and to discuss their potential independent project.",120,2,Media and Arts,4.2139635,11.017813,p01191|p00148|p01189|p01199|p01197
p01199,Part 10: Majors and Courses,Course Descriptions,WOC 290 Special Topics in Written and Oral Communication (4 credits),396,"This is a theme-based writing seminar course that has an emphasis on cross-cultural inquiry. It provides guided practice in intellectual reading and writing of the sort expected in courses across the academy and in civic and professional life beyond the university. The specific theme of the course will vary according to instructor. This course may be repeated for credit if the course content of the two courses is different. This course is open to all undergraduate students, but for EAP-track students the prerequisite is EAP 102. For EAP-track students, this course can be counted toward completion of their 4 EAP course requirement.",102,3,Language and Communication,4.4055104,11.270664,p00733|p01191|p00732|p00734|p01189
p01200,Part 11: Academic Calendar 2021-22,Part 11: Academic Calendar 2021-22,(NOTE: CALENDAR SUBJECT TO CHANGE),397,Please go to the following website for the most up-to-date version.,11,1,Natural Science and Computation,4.0804334,6.4386086,p00272|p00318|p00669|p00369|p00319
p01201,Part 11: Academic Calendar 2021-22,Part 11: Academic Calendar 2021-22,Fall 2021,397,"August 15 Sunday at 9:00 AM. All new undergraduate students (Class of 2025) and all graduate students move-in. August 20 Friday at 9:00 AM. Returning undergraduate students move-in. August 23 Monday. Undergraduate and graduate classes begin. August 26 Thursday. Drop/add ends for first 7-week undergraduate session. Last day to declare CR/NC for Spring 2021 courses for classes of 2022-24 September 3 Friday. Drop/add ends for graduate classes. September 17 Friday. Undergraduate and graduate classes continue, classes meet on a Monday Schedule. September 18 Saturday. Undergraduate and graduate classes continue, classes meet on a Tuesday Schedule. September 19-21 Sunday -Tuesday. Mid-Autumn Festival – No classes. September 23 Thursday. Last day to withdraw with a W grade for first 7-week classes; Last day for I grade change of spring 2021 classes. Last day to declare CR/NC for Fall 2021 first 7-week courses for class of 2025 October 1-7 Friday – Thursday. Chinese National Day Holiday – No classes. October 14 Thursday. First 7-week undergraduate session end. October 15-17 Friday-Sunday. Undergraduate reading period. October 18-21 Monday-Thursday. First 7-week undergraduate session final examinations. Graduate classes continue. October 25 Monday. Second 7-week undergraduate session begins. October 28 Thursday. Drop/add ends for second 7-week undergraduate session. November 25 Thursday. Graduate classes end (ECE classes continue); Last day to withdraw with a W grade for second 7-week classes; Last day for I grade change of Fall 2021 first 7-week classes. Last day to declare CR/NC for Fall 2021 second 7 week courses for class of 2025 November 26- 30 Friday-Tuesday. Graduate reading days; ECE classes continue. December 1-3 Wednesday-Friday. Graduate exams. December 2 Thursday. ECE classes end.",270,7,"Credits, Load, and Grading",8.254831,7.969496,p01205|p01204|p01206|p01202|p00136
p01202,Part 11: Academic Calendar 2021-22,Part 11: Academic Calendar 2021-22,Fall 2021,398,December 3-7 Friday -Tuesday. ECE program reading days. December 8-10 Wednesday - Friday. ECE program exam period. December 9 Thursday. Second 7-week undergraduate session ends. December 10-12 Friday-Sunday. Undergraduate reading period. December 13-16 Monday-Thursday. Undergraduate final examinations.,37,7,"Credits, Load, and Grading",8.252467,7.914251,p01206|p01201|p01205|p01204|p01207
p01203,Part 11: Academic Calendar 2021-22,Part 11: Academic Calendar 2021-22,Fall 2021,398,December 17 Friday at Noon. All residence halls close for Winter Break.,12,7,"Credits, Load, and Grading",8.289607,7.9633284,p01204|p01201|p01206|p01205|p00244
p01204,Part 11: Academic Calendar 2021-22,Part 11: Academic Calendar 2021-22,Spring 2022,398,January 7 Friday at 9:00 AM. All residence halls reopen. January 10 Monday. Undergraduate and graduate classes begin. January 13 Thursday. Drop/add ends for first 7-weeks undergraduate session. Last day to declare CR/NC for Fall 2021 courses for classes of 2022-24 January 21 Friday. Drop/add ends for graduate classes.,49,7,"Credits, Load, and Grading",8.342734,7.972743,p01201|p01205|p01206|p01203|p01202
p01205,Part 11: Academic Calendar 2021-22,Part 11: Academic Calendar 2021-22,Spring 2022,398,"Monday-Sunday. Spring Festival – Chinese New Year – No classes February 7 Monday. All classes resume. February 17 Thursday. Last day to withdraw with a W grade for first 7-week classes; Last day for I grade change of fall 2021 second 7-week classes. Last day to declare CR/NC for Spring 2021 first 7-week courses for class of 2025 March 3 Thursday. First 7-week undergraduate session ends. March 4-6 Friday-Sunday. Undergraduate Reading Days. March 7-10 Monday-Thursday. First 7-week undergraduate session final examinations. Graduate classes continue. March 14-18 Monday-Friday. Mini-term week for undergraduate students; Spring recess for graduate programs. March 21 Monday. Second 7-week undergraduate session begins. March 24 Thursday. Drop/add ends for second 7-week undergraduate session. April 1 Friday. Undergraduate and graduate classes continue, classes meet on a Monday Schedule. April 2 Saturday. Undergraduate and graduate classes continue, classes meet on a Tuesday Schedule. April 3-5 Sunday-Tuesday. Qing Ming – Tomb Sweeping Day – No classes April 21 Thursday. Graduate classes end (ECE classes continue); Last day to withdraw with a W grade for second 7-week classes; Last day for I grade change of spring 2021 first 7-week classes. Last day to declare CR/NC for Spring 2021 second 7 week courses for class of 2025 April 22-26 Friday-Tuesday. Graduate Reading Days; ECE classes continue. April 27-29 Wednesday-Friday. Graduate exams. April 28 Thursday. ECE Classes end. April 29-May3 Saturday -Tuesday. ECE program reading days.",232,7,"Credits, Load, and Grading",8.237886,8.035793,p01201|p00136|p01206|p01204|p01207
p01206,Part 11: Academic Calendar 2021-22,Part 11: Academic Calendar 2021-22,Spring 2022,399,"April 29 Friday. Undergraduate classes continue, classes meet on a Monday Schedule. April 30 Saturday. Undergraduate classes continue, classes meet on a Tuesday Schedule. May 1-3 Monday. International Labor Day Celebration – May Day – No classes May 4-6 Wednesday - Friday. ECE program exam period. May 5 Thursday. Second 7-week undergraduate session ends. May 6 Friday. Graduate Commencement. May 6-8 Friday - Sunday. Undergraduate Reading Days. May 9-12 Monday - Thursday. Undergraduate final exam period. May 20 Friday. Undergraduate Commencement. May 21 Saturday at Noon. All residence halls close",90,7,"Credits, Load, and Grading",8.284359,7.9178705,p01202|p01201|p01205|p01204|p00196
p01207,Part 11: Academic Calendar 2021-22,Part 11: Academic Calendar 2021-22,Summer 2022,399,To Be Announced Military Training for undergraduate freshmen students starts (required for mainland Chinese students and optional for HMT students). To Be Announced Military Training ends. To Be Announced Summer 7-week session starts (mainland and HMT students only) To Be Announced Summer 7-week session ends. To Be Announced Summer 7-week exam period.,52,7,"Credits, Load, and Grading",7.98209,8.218285,p00046|p01205|p00136|p01201|p00081
p01208,Part 12: Useful Contacts,Part 12: Useful Contacts,,400,• Chancellor's Office: chancellorsoffice@dukekunshan.edu.cn • Registrar's Office: DKU-registrar@dukekunshan.edu.cn • Office of Undergraduate Studies: ugstudies@dukekunshan.edu.cn • Office of Global Education: DKU-globaledu@dukekunshan.edu.cn • Office of Signature Work: signaturework@dukekunshan.edu.cn • Office of Undergraduate Advising: advising@dukekunshan.edu.cn • Academic Resource Center (ARC): dku-arc@dukekunshan.edu.cn • Writing and Language Studio (WLS): dku_wls@dukekunshan.edu.cn • Library: dkulibrary@dukekunshan.edu.cn • Office of Student Affairs: dku-studentaffairs@dukekunshan.edu.cn • Residence Life: residencelife@dukekunshan.edu.cn • Chinese Student Services: DKU-Chinese-student-services@dukekunshan.edu.cn • International Student Services: DKU-ISS@dukekunshan.edu.cn • Student Activities: activities@dukekunshan.edu.cn (including sports/athletics inquiries) • Student Health: campushealth@dukekunshan.edu.cn • CAPS: counselingappointment@dukekunshan.edu.cn • Career Services: careerservices@dukekunshan.edu.cn • Undergraduate Admissions:  china-admissions@dukekunshan.edu.cn (Duke Kunshan China Admissions);  Intl-admissions@dukekunshan.edu.cn (Duke Kunshan International Admissions) • Financial Aid:  china-finaid@dukekunshan.edu.cn (Duke Kunshan China Financial Aid);  international-finaid@dukekunshan.edu.cn (Duke Kunshan International Financial Aid) • Student Finance: DKU-bursar-ug@dukekunshan.edu.cn,122,5,University Policy and Transfer Credit,7.2713304,9.695033,p00232|p00242|p00258|p00004|p00233
